2026-08-31T07:02:17.489848Z  INFO tailwindcss_oxide::scanner: Provided sources:
2026-08-31T07:02:17.490684Z  INFO tailwindcss_oxide::scanner: Source: PublicSourceEntry { base: "C:\\Users\\pongo\\Documents\\Default Project", pattern: "**/*", negated: false }
2026-08-31T07:02:17.491405Z  INFO tailwindcss_oxide::scanner: Optimized sources:
2026-08-31T07:02:17.491425Z  INFO tailwindcss_oxide::scanner: Source: Auto { base: "C:\\Users\\pongo\\Documents\\Default Project" }
2026-08-31T07:02:17.492881Z  INFO discover_sources: tailwindcss_oxide::scanner: enter
2026-08-31T07:02:17.492908Z  INFO discover_sources:walk_synchronous: tailwindcss_oxide::scanner: enter
2026-08-31T07:02:17.560281Z  INFO discover_sources:walk_synchronous: tailwindcss_oxide::scanner: exit
2026-08-31T07:02:17.561941Z  INFO tailwindcss_oxide::scanner: Reading "C:\\Users\\pongo\\Documents\\Default Project\\.opencode\\skills\\laravel-specialist\\references\\testing.md"
2026-08-31T07:02:17.561947Z  INFO tailwindcss_oxide::scanner: Reading "C:\\Users\\pongo\\Documents\\Default Project\\.opencode\\skills\\fullstack-guardian\\references\\frontend-patterns.md"
2026-08-31T07:02:17.561957Z  INFO tailwindcss_oxide::scanner: Reading "C:\\Users\\pongo\\Documents\\Default Project\\-w"
2026-08-31T07:02:17.562011Z  INFO tailwindcss_oxide::scanner: Reading "C:\\Users\\pongo\\Documents\\Default Project\\.21st\\design.json"
2026-08-31T07:02:17.562033Z  INFO tailwindcss_oxide::scanner: Reading "C:\\Users\\pongo\\Documents\\Default Project\\.opencode\\skills\\fullstack-guardian\\references\\integration-patterns.md"
2026-08-31T07:02:17.562040Z  INFO tailwindcss_oxide::scanner: Reading "C:\\Users\\pongo\\Documents\\Default Project\\.opencode\\skills\\laravel-specialist\\SKILL.md"
2026-08-31T07:02:17.562050Z  INFO tailwindcss_oxide::scanner: Reading "C:\\Users\\pongo\\Documents\\Default Project\\.21st\\DESIGN.md"
2026-08-31T07:02:17.562085Z  INFO tailwindcss_oxide::scanner: Reading "C:\\Users\\pongo\\Documents\\Default Project\\.agents\\skills\\supabase\\assets\\feedback-issue-template.md"
2026-08-31T07:02:17.562089Z  INFO tailwindcss_oxide::scanner: Reading "C:\\Users\\pongo\\Documents\\Default Project\\.opencode\\skills\\fullstack-guardian\\references\\security-checklist.md"
2026-08-31T07:02:17.562096Z  INFO tailwindcss_oxide::scanner: Reading "C:\\Users\\pongo\\Documents\\Default Project\\.opencode\\skills\\legacy-modernizer\\references\\legacy-testing.md"
2026-08-31T07:02:17.562118Z  INFO tailwindcss_oxide::scanner: Reading "C:\\Users\\pongo\\Documents\\Default Project\\.agents\\skills\\supabase\\CHANGELOG.md"
2026-08-31T07:02:17.562133Z  INFO tailwindcss_oxide::scanner: Reading "C:\\Users\\pongo\\Documents\\Default Project\\.opencode\\skills\\fullstack-guardian\\SKILL.md"
2026-08-31T07:02:17.562149Z  INFO tailwindcss_oxide::scanner: Reading "C:\\Users\\pongo\\Documents\\Default Project\\.opencode\\skills\\legacy-modernizer\\references\\migration-strategies.md"
2026-08-31T07:02:17.562155Z  INFO tailwindcss_oxide::scanner: Reading "C:\\Users\\pongo\\Documents\\Default Project\\.agents\\skills\\supabase\\references\\skill-feedback.md"
2026-08-31T07:02:17.562171Z  INFO tailwindcss_oxide::scanner: Reading "C:\\Users\\pongo\\Documents\\Default Project\\.opencode\\skills\\game-developer\\references\\ecs-patterns.md"
2026-08-31T07:02:17.562198Z  INFO tailwindcss_oxide::scanner: Reading "C:\\Users\\pongo\\Documents\\Default Project\\.agents\\skills\\supabase\\SKILL.md"
2026-08-31T07:02:17.562202Z  INFO tailwindcss_oxide::scanner: Reading "C:\\Users\\pongo\\Documents\\Default Project\\.opencode\\skills\\legacy-modernizer\\references\\refactoring-patterns.md"
2026-08-31T07:02:17.562232Z  INFO tailwindcss_oxide::scanner: Reading "C:\\Users\\pongo\\Documents\\Default Project\\.opencode\\skills\\game-developer\\references\\multiplayer-networking.md"
2026-08-31T07:02:17.562242Z  INFO tailwindcss_oxide::scanner: Reading "C:\\Users\\pongo\\Documents\\Default Project\\.agents\\skills\\supabase-postgres-best-practices\\CHANGELOG.md"
2026-08-31T07:02:17.562247Z  INFO tailwindcss_oxide::scanner: Reading "C:\\Users\\pongo\\Documents\\Default Project\\.opencode\\skills\\legacy-modernizer\\references\\strangler-fig-pattern.md"
2026-08-31T07:02:17.562280Z  INFO tailwindcss_oxide::scanner: Reading "C:\\Users\\pongo\\Documents\\Default Project\\.agents\\skills\\supabase-postgres-best-practices\\references\\advanced-full-text-search.md"
2026-08-31T07:02:17.562315Z  INFO tailwindcss_oxide::scanner: Reading "C:\\Users\\pongo\\Documents\\Default Project\\.opencode\\skills\\game-developer\\references\\performance-optimization.md"
2026-08-31T07:02:17.562385Z  INFO tailwindcss_oxide::scanner: Reading "C:\\Users\\pongo\\Documents\\Default Project\\.agents\\skills\\supabase-postgres-best-practices\\references\\advanced-jsonb-indexing.md"
2026-08-31T07:02:17.562398Z  INFO tailwindcss_oxide::scanner: Reading "C:\\Users\\pongo\\Documents\\Default Project\\.opencode\\skills\\legacy-modernizer\\references\\system-assessment.md"
2026-08-31T07:02:17.562415Z  INFO tailwindcss_oxide::scanner: Reading "C:\\Users\\pongo\\Documents\\Default Project\\.opencode\\skills\\game-developer\\references\\unity-patterns.md"
2026-08-31T07:02:17.562422Z  INFO tailwindcss_oxide::scanner: Reading "C:\\Users\\pongo\\Documents\\Default Project\\.agents\\skills\\supabase-postgres-best-practices\\references\\conn-idle-timeout.md"
2026-08-31T07:02:17.562456Z  INFO tailwindcss_oxide::scanner: Reading "C:\\Users\\pongo\\Documents\\Default Project\\.agents\\skills\\supabase-postgres-best-practices\\references\\conn-limits.md"
2026-08-31T07:02:17.562468Z  INFO tailwindcss_oxide::scanner: Reading "C:\\Users\\pongo\\Documents\\Default Project\\.opencode\\skills\\game-developer\\references\\unreal-cpp.md"
2026-08-31T07:02:17.562473Z  INFO tailwindcss_oxide::scanner: Reading "C:\\Users\\pongo\\Documents\\Default Project\\.opencode\\skills\\legacy-modernizer\\SKILL.md"
2026-08-31T07:02:17.562490Z  INFO tailwindcss_oxide::scanner: Reading "C:\\Users\\pongo\\Documents\\Default Project\\.agents\\skills\\supabase-postgres-best-practices\\references\\conn-pooling.md"
2026-08-31T07:02:17.562511Z  INFO tailwindcss_oxide::scanner: Reading "C:\\Users\\pongo\\Documents\\Default Project\\.opencode\\skills\\mcp-developer\\references\\protocol.md"
2026-08-31T07:02:17.562524Z  INFO tailwindcss_oxide::scanner: Reading "C:\\Users\\pongo\\Documents\\Default Project\\.opencode\\skills\\game-developer\\SKILL.md"
2026-08-31T07:02:17.562528Z  INFO tailwindcss_oxide::scanner: Reading "C:\\Users\\pongo\\Documents\\Default Project\\.agents\\skills\\supabase-postgres-best-practices\\references\\conn-prepared-statements.md"
2026-08-31T07:02:17.562555Z  INFO tailwindcss_oxide::scanner: Reading "C:\\Users\\pongo\\Documents\\Default Project\\.opencode\\skills\\mcp-developer\\references\\python-sdk.md"
2026-08-31T07:02:17.562563Z  INFO tailwindcss_oxide::scanner: Reading "C:\\Users\\pongo\\Documents\\Default Project\\.agents\\skills\\supabase-postgres-best-practices\\references\\data-batch-inserts.md"
2026-08-31T07:02:17.562566Z  INFO tailwindcss_oxide::scanner: Reading "C:\\Users\\pongo\\Documents\\Default Project\\.opencode\\skills\\impeccable\\scripts\\live-copy-edit-agent.mjs"
2026-08-31T07:02:17.562573Z  INFO tailwindcss_oxide::scanner: Reading "C:\\Users\\pongo\\Documents\\Default Project\\.opencode\\skills\\golang-pro\\references\\concurrency.md"
2026-08-31T07:02:17.562597Z  INFO tailwindcss_oxide::scanner: Reading "C:\\Users\\pongo\\Documents\\Default Project\\.agents\\skills\\supabase-postgres-best-practices\\references\\data-n-plus-one.md"
2026-08-31T07:02:17.562604Z  INFO tailwindcss_oxide::scanner: Reading "C:\\Users\\pongo\\Documents\\Default Project\\.opencode\\skills\\mcp-developer\\references\\resources.md"
2026-08-31T07:02:17.562621Z  INFO tailwindcss_oxide::scanner: Reading "C:\\Users\\pongo\\Documents\\Default Project\\.opencode\\skills\\impeccable\\scripts\\live-discard-manual-edits.mjs"
2026-08-31T07:02:17.562638Z  INFO tailwindcss_oxide::scanner: Reading "C:\\Users\\pongo\\Documents\\Default Project\\.opencode\\skills\\golang-pro\\references\\generics.md"
2026-08-31T07:02:17.562647Z  INFO tailwindcss_oxide::scanner: Reading "C:\\Users\\pongo\\Documents\\Default Project\\.agents\\skills\\supabase-postgres-best-practices\\references\\data-pagination.md"
2026-08-31T07:02:17.562664Z  INFO tailwindcss_oxide::scanner: Reading "C:\\Users\\pongo\\Documents\\Default Project\\.opencode\\skills\\impeccable\\scripts\\live-inject.mjs"
2026-08-31T07:02:17.562694Z  INFO tailwindcss_oxide::scanner: Reading "C:\\Users\\pongo\\Documents\\Default Project\\.opencode\\skills\\golang-pro\\references\\interfaces.md"
2026-08-31T07:02:17.562712Z  INFO tailwindcss_oxide::scanner: Reading "C:\\Users\\pongo\\Documents\\Default Project\\.agents\\skills\\supabase-postgres-best-practices\\references\\data-upsert.md"
2026-08-31T07:02:17.562728Z  INFO tailwindcss_oxide::scanner: Reading "C:\\Users\\pongo\\Documents\\Default Project\\.opencode\\skills\\impeccable\\scripts\\live-insert.mjs"
2026-08-31T07:02:17.562752Z  INFO tailwindcss_oxide::scanner: Reading "C:\\Users\\pongo\\Documents\\Default Project\\.agents\\skills\\supabase-postgres-best-practices\\references\\lock-advisory.md"
2026-08-31T07:02:17.562758Z  INFO tailwindcss_oxide::scanner: Reading "C:\\Users\\pongo\\Documents\\Default Project\\.opencode\\skills\\golang-pro\\references\\project-structure.md"
2026-08-31T07:02:17.562771Z  INFO tailwindcss_oxide::scanner: Reading "C:\\Users\\pongo\\Documents\\Default Project\\.opencode\\skills\\impeccable\\scripts\\live-manual-edit-evidence.mjs"
2026-08-31T07:02:17.562784Z  INFO tailwindcss_oxide::scanner: Reading "C:\\Users\\pongo\\Documents\\Default Project\\.opencode\\skills\\impeccable\\reference\\new-work.md"
2026-08-31T07:02:17.562789Z  INFO tailwindcss_oxide::scanner: Reading "C:\\Users\\pongo\\Documents\\Default Project\\.agents\\skills\\supabase-postgres-best-practices\\references\\lock-deadlock-prevention.md"
2026-08-31T07:02:17.562805Z  INFO tailwindcss_oxide::scanner: Reading "C:\\Users\\pongo\\Documents\\Default Project\\.opencode\\skills\\golang-pro\\references\\testing.md"
2026-08-31T07:02:17.562818Z  INFO tailwindcss_oxide::scanner: Reading "C:\\Users\\pongo\\Documents\\Default Project\\.opencode\\skills\\impeccable\\scripts\\live-poll.mjs"
2026-08-31T07:02:17.562826Z  INFO tailwindcss_oxide::scanner: Reading "C:\\Users\\pongo\\Documents\\Default Project\\.agents\\skills\\supabase-postgres-best-practices\\references\\lock-short-transactions.md"
2026-08-31T07:02:17.562851Z  INFO tailwindcss_oxide::scanner: Reading "C:\\Users\\pongo\\Documents\\Default Project\\.opencode\\skills\\impeccable\\scripts\\live-resume.mjs"
2026-08-31T07:02:17.562858Z  INFO tailwindcss_oxide::scanner: Reading "C:\\Users\\pongo\\Documents\\Default Project\\.agents\\skills\\supabase-postgres-best-practices\\references\\lock-skip-locked.md"
2026-08-31T07:02:17.562867Z  INFO tailwindcss_oxide::scanner: Reading "C:\\Users\\pongo\\Documents\\Default Project\\.opencode\\skills\\impeccable\\reference\\onboard.md"
2026-08-31T07:02:17.562870Z  INFO tailwindcss_oxide::scanner: Reading "C:\\Users\\pongo\\Documents\\Default Project\\.opencode\\skills\\golang-pro\\SKILL.md"
2026-08-31T07:02:17.562891Z  INFO tailwindcss_oxide::scanner: Reading "C:\\Users\\pongo\\Documents\\Default Project\\.agents\\skills\\supabase-postgres-best-practices\\references\\monitor-explain-analyze.md"
2026-08-31T07:02:17.562902Z  INFO tailwindcss_oxide::scanner: Reading "C:\\Users\\pongo\\Documents\\Default Project\\.opencode\\skills\\impeccable\\scripts\\live-server.mjs"
2026-08-31T07:02:17.562906Z  INFO tailwindcss_oxide::scanner: Reading "C:\\Users\\pongo\\Documents\\Default Project\\.opencode\\skills\\impeccable\\reference\\operate.md"
2026-08-31T07:02:17.562914Z  INFO tailwindcss_oxide::scanner: Reading "C:\\Users\\pongo\\Documents\\Default Project\\.opencode\\skills\\graphql-architect\\references\\federation.md"
2026-08-31T07:02:17.562924Z  INFO tailwindcss_oxide::scanner: Reading "C:\\Users\\pongo\\Documents\\Default Project\\.agents\\skills\\supabase-postgres-best-practices\\references\\monitor-pg-stat-statements.md"
2026-08-31T07:02:17.562935Z  INFO tailwindcss_oxide::scanner: Reading "C:\\Users\\pongo\\Documents\\Default Project\\.opencode\\skills\\impeccable\\scripts\\live-status.mjs"
2026-08-31T07:02:17.562941Z  INFO tailwindcss_oxide::scanner: Reading "C:\\Users\\pongo\\Documents\\Default Project\\.opencode\\skills\\impeccable\\reference\\optimize.md"
2026-08-31T07:02:17.562959Z  INFO tailwindcss_oxide::scanner: Reading "C:\\Users\\pongo\\Documents\\Default Project\\.agents\\skills\\supabase-postgres-best-practices\\references\\monitor-vacuum-analyze.md"
2026-08-31T07:02:17.562971Z  INFO tailwindcss_oxide::scanner: Reading "C:\\Users\\pongo\\Documents\\Default Project\\.opencode\\skills\\impeccable\\scripts\\live-target.mjs"
2026-08-31T07:02:17.562973Z  INFO tailwindcss_oxide::scanner: Reading "C:\\Users\\pongo\\Documents\\Default Project\\.opencode\\skills\\graphql-architect\\references\\migration-from-rest.md"
2026-08-31T07:02:17.562984Z  INFO tailwindcss_oxide::scanner: Reading "C:\\Users\\pongo\\Documents\\Default Project\\.opencode\\skills\\impeccable\\reference\\overdrive.md"
2026-08-31T07:02:17.562993Z  INFO tailwindcss_oxide::scanner: Reading "C:\\Users\\pongo\\Documents\\Default Project\\.agents\\skills\\supabase-postgres-best-practices\\references\\query-composite-indexes.md"
2026-08-31T07:02:17.563013Z  INFO tailwindcss_oxide::scanner: Reading "C:\\Users\\pongo\\Documents\\Default Project\\.opencode\\skills\\impeccable\\scripts\\live-wrap.mjs"
2026-08-31T07:02:17.563021Z  INFO tailwindcss_oxide::scanner: Reading "C:\\Users\\pongo\\Documents\\Default Project\\.opencode\\skills\\impeccable\\reference\\polish.md"
2026-08-31T07:02:17.563027Z  INFO tailwindcss_oxide::scanner: Reading "C:\\Users\\pongo\\Documents\\Default Project\\.agents\\skills\\supabase-postgres-best-practices\\references\\query-covering-indexes.md"
2026-08-31T07:02:17.563049Z  INFO tailwindcss_oxide::scanner: Reading "C:\\Users\\pongo\\Documents\\Default Project\\.opencode\\skills\\impeccable\\scripts\\live.mjs"
2026-08-31T07:02:17.563056Z  INFO tailwindcss_oxide::scanner: Reading "C:\\Users\\pongo\\Documents\\Default Project\\.opencode\\skills\\impeccable\\reference\\quieter.md"
2026-08-31T07:02:17.563061Z  INFO tailwindcss_oxide::scanner: Reading "C:\\Users\\pongo\\Documents\\Default Project\\.agents\\skills\\supabase-postgres-best-practices\\references\\query-index-types.md"
2026-08-31T07:02:17.563073Z  INFO tailwindcss_oxide::scanner: Reading "C:\\Users\\pongo\\Documents\\Default Project\\.opencode\\skills\\graphql-architect\\references\\resolvers.md"
2026-08-31T07:02:17.563090Z  INFO tailwindcss_oxide::scanner: Reading "C:\\Users\\pongo\\Documents\\Default Project\\.opencode\\skills\\impeccable\\reference\\routing.md"
2026-08-31T07:02:17.563096Z  INFO tailwindcss_oxide::scanner: Reading "C:\\Users\\pongo\\Documents\\Default Project\\.agents\\skills\\supabase-postgres-best-practices\\references\\query-missing-indexes.md"
2026-08-31T07:02:17.563099Z  INFO tailwindcss_oxide::scanner: Reading "C:\\Users\\pongo\\Documents\\Default Project\\.opencode\\skills\\impeccable\\scripts\\modern-screenshot.umd.js"
2026-08-31T07:02:17.563124Z  INFO tailwindcss_oxide::scanner: Reading "C:\\Users\\pongo\\Documents\\Default Project\\.opencode\\skills\\impeccable\\reference\\shape.md"
2026-08-31T07:02:17.563129Z  INFO tailwindcss_oxide::scanner: Reading "C:\\Users\\pongo\\Documents\\Default Project\\.agents\\skills\\supabase-postgres-best-practices\\references\\query-partial-indexes.md"
2026-08-31T07:02:17.563154Z  INFO tailwindcss_oxide::scanner: Reading "C:\\Users\\pongo\\Documents\\Default Project\\.opencode\\skills\\graphql-architect\\references\\schema-design.md"
2026-08-31T07:02:17.563159Z  INFO tailwindcss_oxide::scanner: Reading "C:\\Users\\pongo\\Documents\\Default Project\\.opencode\\skills\\impeccable\\reference\\typeset.md"
2026-08-31T07:02:17.563160Z  INFO tailwindcss_oxide::scanner: Reading "C:\\Users\\pongo\\Documents\\Default Project\\.opencode\\skills\\impeccable\\scripts\\palette.mjs"
2026-08-31T07:02:17.563163Z  INFO tailwindcss_oxide::scanner: Reading "C:\\Users\\pongo\\Documents\\Default Project\\.agents\\skills\\supabase-postgres-best-practices\\references\\schema-constraints.md"
2026-08-31T07:02:17.562670Z  INFO tailwindcss_oxide::scanner: Reading "C:\\Users\\pongo\\Documents\\Default Project\\.opencode\\skills\\mcp-developer\\references\\tools.md"
2026-08-31T07:02:17.563202Z  INFO tailwindcss_oxide::scanner: Reading "C:\\Users\\pongo\\Documents\\Default Project\\.opencode\\skills\\impeccable\\scripts\\pin.mjs"
2026-08-31T07:02:17.563208Z  INFO tailwindcss_oxide::scanner: Reading "C:\\Users\\pongo\\Documents\\Default Project\\.opencode\\skills\\graphql-architect\\references\\security.md"
2026-08-31T07:02:17.563215Z  INFO tailwindcss_oxide::scanner: Reading "C:\\Users\\pongo\\Documents\\Default Project\\.agents\\skills\\supabase-postgres-best-practices\\references\\schema-data-types.md"
2026-08-31T07:02:17.563250Z  INFO tailwindcss_oxide::scanner: Reading "C:\\Users\\pongo\\Documents\\Default Project\\.agents\\skills\\supabase-postgres-best-practices\\references\\schema-foreign-key-indexes.md"
2026-08-31T07:02:17.563256Z  INFO tailwindcss_oxide::scanner: Reading "C:\\Users\\pongo\\Documents\\Default Project\\.opencode\\skills\\mcp-developer\\references\\typescript-sdk.md"
2026-08-31T07:02:17.563271Z  INFO tailwindcss_oxide::scanner: Reading "C:\\Users\\pongo\\Documents\\Default Project\\.opencode\\skills\\impeccable\\scripts\\serve-question.mjs"
2026-08-31T07:02:17.563281Z  INFO tailwindcss_oxide::scanner: Reading "C:\\Users\\pongo\\Documents\\Default Project\\.opencode\\skills\\graphql-architect\\references\\subscriptions.md"
2026-08-31T07:02:17.563284Z  INFO tailwindcss_oxide::scanner: Reading "C:\\Users\\pongo\\Documents\\Default Project\\.agents\\skills\\supabase-postgres-best-practices\\references\\schema-lowercase-identifiers.md"
2026-08-31T07:02:17.563302Z  INFO tailwindcss_oxide::scanner: Reading "C:\\Users\\pongo\\Documents\\Default Project\\.opencode\\skills\\impeccable\\scripts\\surface-brief.mjs"
2026-08-31T07:02:17.563309Z  INFO tailwindcss_oxide::scanner: Reading "C:\\Users\\pongo\\Documents\\Default Project\\.opencode\\skills\\mcp-developer\\SKILL.md"
2026-08-31T07:02:17.563317Z  INFO tailwindcss_oxide::scanner: Reading "C:\\Users\\pongo\\Documents\\Default Project\\.agents\\skills\\supabase-postgres-best-practices\\references\\schema-partitioning.md"
2026-08-31T07:02:17.563336Z  INFO tailwindcss_oxide::scanner: Reading "C:\\Users\\pongo\\Documents\\Default Project\\.opencode\\skills\\impeccable\\SKILL.md"
2026-08-31T07:02:17.563353Z  INFO tailwindcss_oxide::scanner: Reading "C:\\Users\\pongo\\Documents\\Default Project\\.opencode\\skills\\graphql-architect\\SKILL.md"
2026-08-31T07:02:17.563354Z  INFO tailwindcss_oxide::scanner: Reading "C:\\Users\\pongo\\Documents\\Default Project\\.agents\\skills\\supabase-postgres-best-practices\\references\\schema-primary-keys.md"
2026-08-31T07:02:17.562662Z  INFO tailwindcss_oxide::scanner: Reading "C:\\Users\\pongo\\Documents\\Default Project\\.opencode\\skills\\impeccable\\scripts\\lib\\is-generated.mjs"
2026-08-31T07:02:17.563389Z  INFO tailwindcss_oxide::scanner: Reading "C:\\Users\\pongo\\Documents\\Default Project\\.opencode\\skills\\impeccable\\reference\\visualize.md"
2026-08-31T07:02:17.563394Z  INFO tailwindcss_oxide::scanner: Reading "C:\\Users\\pongo\\Documents\\Default Project\\.agents\\skills\\supabase-postgres-best-practices\\references\\security-privileges.md"
2026-08-31T07:02:17.563355Z  INFO tailwindcss_oxide::scanner: Reading "C:\\Users\\pongo\\Documents\\Default Project\\.opencode\\skills\\microservices-architect\\references\\communication.md"
2026-08-31T07:02:17.563409Z  INFO tailwindcss_oxide::scanner: Reading "C:\\Users\\pongo\\Documents\\Default Project\\.opencode\\skills\\java-architect\\references\\jpa-optimization.md"
2026-08-31T07:02:17.563432Z  INFO tailwindcss_oxide::scanner: Reading "C:\\Users\\pongo\\Documents\\Default Project\\.agents\\skills\\supabase-postgres-best-practices\\references\\security-rls-basics.md"
2026-08-31T07:02:17.563460Z  INFO tailwindcss_oxide::scanner: Reading "C:\\Users\\pongo\\Documents\\Default Project\\.opencode\\skills\\microservices-architect\\references\\data.md"
2026-08-31T07:02:17.563473Z  INFO tailwindcss_oxide::scanner: Reading "C:\\Users\\pongo\\Documents\\Default Project\\.opencode\\skills\\impeccable\\scripts\\command-metadata.json"
2026-08-31T07:02:17.563477Z  INFO tailwindcss_oxide::scanner: Reading "C:\\Users\\pongo\\Documents\\Default Project\\.opencode\\skills\\java-architect\\references\\reactive-webflux.md"
2026-08-31T07:02:17.563479Z  INFO tailwindcss_oxide::scanner: Reading "C:\\Users\\pongo\\Documents\\Default Project\\.agents\\skills\\supabase-postgres-best-practices\\references\\security-rls-performance.md"
2026-08-31T07:02:17.563488Z  INFO tailwindcss_oxide::scanner: Reading "C:\\Users\\pongo\\Documents\\Default Project\\.opencode\\skills\\javascript-pro\\references\\modern-syntax.md"
2026-08-31T07:02:17.563520Z  INFO tailwindcss_oxide::scanner: Reading "C:\\Users\\pongo\\Documents\\Default Project\\.agents\\skills\\supabase-postgres-best-practices\\references\\_contributing.md"
2026-08-31T07:02:17.563523Z  INFO tailwindcss_oxide::scanner: Reading "C:\\Users\\pongo\\Documents\\Default Project\\.opencode\\skills\\microservices-architect\\references\\decomposition.md"
2026-08-31T07:02:17.563544Z  INFO tailwindcss_oxide::scanner: Reading "C:\\Users\\pongo\\Documents\\Default Project\\.opencode\\skills\\java-architect\\references\\spring-boot-setup.md"
2026-08-31T07:02:17.563553Z  INFO tailwindcss_oxide::scanner: Reading "C:\\Users\\pongo\\Documents\\Default Project\\.opencode\\skills\\impeccable\\scripts\\concept-seed.mjs"
2026-08-31T07:02:17.563566Z  INFO tailwindcss_oxide::scanner: Reading "C:\\Users\\pongo\\Documents\\Default Project\\.agents\\skills\\supabase-postgres-best-practices\\references\\_sections.md"
2026-08-31T07:02:17.563579Z  INFO tailwindcss_oxide::scanner: Reading "C:\\Users\\pongo\\Documents\\Default Project\\.opencode\\skills\\javascript-pro\\references\\modules.md"
2026-08-31T07:02:17.563583Z  INFO tailwindcss_oxide::scanner: Reading "C:\\Users\\pongo\\Documents\\Default Project\\.opencode\\skills\\microservices-architect\\references\\observability.md"
2026-08-31T07:02:17.563593Z  INFO tailwindcss_oxide::scanner: Reading "C:\\Users\\pongo\\Documents\\Default Project\\.opencode\\skills\\impeccable\\scripts\\context-signals.mjs"
2026-08-31T07:02:17.563604Z  INFO tailwindcss_oxide::scanner: Reading "C:\\Users\\pongo\\Documents\\Default Project\\.opencode\\skills\\java-architect\\references\\spring-security.md"
2026-08-31T07:02:17.563606Z  INFO tailwindcss_oxide::scanner: Reading "C:\\Users\\pongo\\Documents\\Default Project\\.agents\\skills\\supabase-postgres-best-practices\\references\\_template.md"
2026-08-31T07:02:17.563635Z  INFO tailwindcss_oxide::scanner: Reading "C:\\Users\\pongo\\Documents\\Default Project\\.opencode\\skills\\javascript-pro\\references\\node-essentials.md"
2026-08-31T07:02:17.563648Z  INFO tailwindcss_oxide::scanner: Reading "C:\\Users\\pongo\\Documents\\Default Project\\.agents\\skills\\supabase-postgres-best-practices\\SKILL.md"
2026-08-31T07:02:17.563651Z  INFO tailwindcss_oxide::scanner: Reading "C:\\Users\\pongo\\Documents\\Default Project\\.opencode\\skills\\microservices-architect\\references\\patterns.md"
2026-08-31T07:02:17.563658Z  INFO tailwindcss_oxide::scanner: Reading "C:\\Users\\pongo\\Documents\\Default Project\\.opencode\\skills\\impeccable\\scripts\\context.mjs"
2026-08-31T07:02:17.563669Z  INFO tailwindcss_oxide::scanner: Reading "C:\\Users\\pongo\\Documents\\Default Project\\.opencode\\skills\\impeccable\\scripts\\lib\\open-system-browser.mjs"
2026-08-31T07:02:17.563693Z  INFO tailwindcss_oxide::scanner: Reading "C:\\Users\\pongo\\Documents\\Default Project\\.opencode\\skills\\impeccable\\scripts\\critique-storage.mjs"
2026-08-31T07:02:17.563702Z  INFO tailwindcss_oxide::scanner: Reading "C:\\Users\\pongo\\Documents\\Default Project\\.opencode\\skills\\microservices-architect\\SKILL.md"
2026-08-31T07:02:17.563708Z  INFO tailwindcss_oxide::scanner: Reading "C:\\Users\\pongo\\Documents\\Default Project\\.agents\\skills\\task-observer\\references\\environments.md"
2026-08-31T07:02:17.563718Z  INFO tailwindcss_oxide::scanner: Reading "C:\\Users\\pongo\\Documents\\Default Project\\.opencode\\skills\\javascript-pro\\SKILL.md"
2026-08-31T07:02:17.563729Z  INFO tailwindcss_oxide::scanner: Reading "C:\\Users\\pongo\\Documents\\Default Project\\.opencode\\skills\\impeccable\\scripts\\detect-csp.mjs"
2026-08-31T07:02:17.563395Z  INFO tailwindcss_oxide::scanner: Reading "C:\\Users\\pongo\\Documents\\Default Project\\.opencode\\skills\\impeccable\\reference\\adapt.md"
2026-08-31T07:02:17.563761Z  INFO tailwindcss_oxide::scanner: Reading "C:\\Users\\pongo\\Documents\\Default Project\\.opencode\\skills\\kotlin-specialist\\references\\android-compose.md"
2026-08-31T07:02:17.563763Z  INFO tailwindcss_oxide::scanner: Reading "C:\\Users\\pongo\\Documents\\Default Project\\.opencode\\skills\\impeccable\\scripts\\detect.mjs"
2026-08-31T07:02:17.563739Z  INFO tailwindcss_oxide::scanner: Reading "C:\\Users\\pongo\\Documents\\Default Project\\.opencode\\skills\\impeccable\\scripts\\lib\\provider.mjs"
2026-08-31T07:02:17.563755Z  INFO tailwindcss_oxide::scanner: Reading "C:\\Users\\pongo\\Documents\\Default Project\\.opencode\\skills\\java-architect\\references\\testing-patterns.md"
2026-08-31T07:02:17.563814Z  INFO tailwindcss_oxide::scanner: Reading "C:\\Users\\pongo\\Documents\\Default Project\\.opencode\\skills\\impeccable\\scripts\\lib\\roll-selection.mjs"
2026-08-31T07:02:17.563860Z  INFO tailwindcss_oxide::scanner: Reading "C:\\Users\\pongo\\Documents\\Default Project\\.opencode\\skills\\impeccable\\scripts\\detector\\browser\\injected\\index.mjs"
2026-08-31T07:02:17.563860Z  INFO tailwindcss_oxide::scanner: Reading "C:\\Users\\pongo\\Documents\\Default Project\\.opencode\\skills\\kotlin-specialist\\references\\coroutines-flow.md"
2026-08-31T07:02:17.563758Z  INFO tailwindcss_oxide::scanner: Reading "C:\\Users\\pongo\\Documents\\Default Project\\.opencode\\skills\\ml-pipeline\\references\\experiment-tracking.md"
2026-08-31T07:02:17.563758Z  INFO tailwindcss_oxide::scanner: Reading "C:\\Users\\pongo\\Documents\\Default Project\\.agents\\skills\\task-observer\\references\\skill-authoring.md"
2026-08-31T07:02:17.563863Z  INFO tailwindcss_oxide::scanner: Reading "C:\\Users\\pongo\\Documents\\Default Project\\.opencode\\skills\\java-architect\\SKILL.md"
2026-08-31T07:02:17.563865Z  INFO tailwindcss_oxide::scanner: Reading "C:\\Users\\pongo\\Documents\\Default Project\\.opencode\\skills\\impeccable\\reference\\adapt.native.md"
2026-08-31T07:02:17.563899Z  INFO tailwindcss_oxide::scanner: Reading "C:\\Users\\pongo\\Documents\\Default Project\\.opencode\\skills\\impeccable\\scripts\\lib\\staleness-deep.mjs"
2026-08-31T07:02:17.563920Z  INFO tailwindcss_oxide::scanner: Reading "C:\\Users\\pongo\\Documents\\Default Project\\.opencode\\skills\\kotlin-specialist\\references\\dsl-idioms.md"
2026-08-31T07:02:17.563928Z  INFO tailwindcss_oxide::scanner: Reading "C:\\Users\\pongo\\Documents\\Default Project\\.opencode\\skills\\impeccable\\scripts\\detector\\cli\\main.mjs"
2026-08-31T07:02:17.563934Z  INFO tailwindcss_oxide::scanner: Reading "C:\\Users\\pongo\\Documents\\Default Project\\.opencode\\skills\\javascript-pro\\references\\async-patterns.md"
2026-08-31T07:02:17.563937Z  INFO tailwindcss_oxide::scanner: Reading "C:\\Users\\pongo\\Documents\\Default Project\\.opencode\\skills\\impeccable\\scripts\\lib\\staleness-notice.mjs"
2026-08-31T07:02:17.563944Z  INFO tailwindcss_oxide::scanner: Reading "C:\\Users\\pongo\\Documents\\Default Project\\.opencode\\skills\\ml-pipeline\\references\\feature-engineering.md"
2026-08-31T07:02:17.563968Z  INFO tailwindcss_oxide::scanner: Reading "C:\\Users\\pongo\\Documents\\Default Project\\.opencode\\skills\\impeccable\\scripts\\detector\\engines\\static-html\\css-cascade.mjs"
2026-08-31T07:02:17.563861Z  INFO tailwindcss_oxide::scanner: Reading "C:\\Users\\pongo\\Documents\\Default Project\\.opencode\\skills\\impeccable\\reference\\android.md"
2026-08-31T07:02:17.563987Z  INFO tailwindcss_oxide::scanner: Reading "C:\\Users\\pongo\\Documents\\Default Project\\.opencode\\skills\\impeccable\\scripts\\lib\\staleness.mjs"
2026-08-31T07:02:17.563989Z  INFO tailwindcss_oxide::scanner: Reading "C:\\Users\\pongo\\Documents\\Default Project\\.opencode\\skills\\kotlin-specialist\\references\\ktor-server.md"
2026-08-31T07:02:17.564027Z  INFO tailwindcss_oxide::scanner: Reading "C:\\Users\\pongo\\Documents\\Default Project\\.opencode\\skills\\impeccable\\scripts\\lib\\surface-briefs.mjs"
2026-08-31T07:02:17.564031Z  INFO tailwindcss_oxide::scanner: Reading "C:\\Users\\pongo\\Documents\\Default Project\\.opencode\\skills\\ml-pipeline\\references\\model-validation.md"
2026-08-31T07:02:17.564035Z  INFO tailwindcss_oxide::scanner: Reading "C:\\Users\\pongo\\Documents\\Default Project\\.opencode\\skills\\impeccable\\reference\\animate.md"
2026-08-31T07:02:17.564112Z  INFO tailwindcss_oxide::scanner: Reading "C:\\Users\\pongo\\Documents\\Default Project\\.agents\\skills\\task-observer\\references\\weekly-review.md"
2026-08-31T07:02:17.564127Z  INFO tailwindcss_oxide::scanner: Reading "C:\\Users\\pongo\\Documents\\Default Project\\.opencode\\skills\\impeccable\\scripts\\detector\\engines\\static-html\\detect-html.mjs"
2026-08-31T07:02:17.564137Z  INFO tailwindcss_oxide::scanner: Reading "C:\\Users\\pongo\\Documents\\Default Project\\.opencode\\skills\\impeccable\\reference\\audit.md"
2026-08-31T07:02:17.564138Z  INFO tailwindcss_oxide::scanner: Reading "C:\\Users\\pongo\\Documents\\Default Project\\.opencode\\skills\\javascript-pro\\references\\browser-apis.md"
2026-08-31T07:02:17.564060Z  INFO tailwindcss_oxide::scanner: Reading "C:\\Users\\pongo\\Documents\\Default Project\\.opencode\\skills\\impeccable\\scripts\\lib\\target-args.mjs"
2026-08-31T07:02:17.564171Z  INFO tailwindcss_oxide::scanner: Reading "C:\\Users\\pongo\\Documents\\Default Project\\.agents\\skills\\task-observer\\SKILL.md"
2026-08-31T07:02:17.564173Z  INFO tailwindcss_oxide::scanner: Reading "C:\\Users\\pongo\\Documents\\Default Project\\.opencode\\skills\\impeccable\\scripts\\detector\\engines\\visual\\screenshot-contrast.mjs"
2026-08-31T07:02:17.564186Z  INFO tailwindcss_oxide::scanner: Reading "C:\\Users\\pongo\\Documents\\Default Project\\.opencode\\skills\\impeccable\\scripts\\lib\\target-slug.mjs"
2026-08-31T07:02:17.564235Z  INFO tailwindcss_oxide::scanner: Reading "C:\\Users\\pongo\\Documents\\Default Project\\.opencode\\skills\\cloud-architect\\references\\multi-cloud.md"
2026-08-31T07:02:17.564251Z  INFO tailwindcss_oxide::scanner: Reading "C:\\Users\\pongo\\Documents\\Default Project\\.opencode\\agents\\api-designer.md"
2026-08-31T07:02:17.564264Z  INFO tailwindcss_oxide::scanner: Reading "C:\\Users\\pongo\\Documents\\Default Project\\.opencode\\skills\\impeccable\\scripts\\lib\\template-extensions.mjs"
2026-08-31T07:02:17.564287Z  INFO tailwindcss_oxide::scanner: Reading "C:\\Users\\pongo\\Documents\\Default Project\\.opencode\\agents\\backend-architect.md"
2026-08-31T07:02:17.564297Z  INFO tailwindcss_oxide::scanner: Reading "C:\\Users\\pongo\\Documents\\Default Project\\.opencode\\skills\\cloud-architect\\SKILL.md"
2026-08-31T07:02:17.564301Z  INFO tailwindcss_oxide::scanner: Reading "C:\\Users\\pongo\\Documents\\Default Project\\.opencode\\skills\\kubernetes-specialist\\references\\gitops.md"
2026-08-31T07:02:17.564309Z  INFO tailwindcss_oxide::scanner: Reading "C:\\Users\\pongo\\Documents\\Default Project\\.opencode\\skills\\impeccable\\scripts\\live\\frameworks\\tag-strategy.mjs"
2026-08-31T07:02:17.564316Z  INFO tailwindcss_oxide::scanner: Reading "C:\\Users\\pongo\\Documents\\Default Project\\.opencode\\skills\\impeccable\\scripts\\live\\accept-css.mjs"
2026-08-31T07:02:17.564323Z  INFO tailwindcss_oxide::scanner: Reading "C:\\Users\\pongo\\Documents\\Default Project\\.opencode\\agents\\code-reviewer.md"
2026-08-31T07:02:17.564347Z  INFO tailwindcss_oxide::scanner: Reading "C:\\Users\\pongo\\Documents\\Default Project\\.opencode\\skills\\code-documenter\\references\\api-docs-fastapi-django.md"
2026-08-31T07:02:17.564352Z  INFO tailwindcss_oxide::scanner: Reading "C:\\Users\\pongo\\Documents\\Default Project\\.opencode\\skills\\impeccable\\scripts\\live\\accept-verify.mjs"
2026-08-31T07:02:17.564075Z  INFO tailwindcss_oxide::scanner: Reading "C:\\Users\\pongo\\Documents\\Default Project\\.opencode\\skills\\kotlin-specialist\\references\\multiplatform-kmp.md"
2026-08-31T07:02:17.564417Z  INFO tailwindcss_oxide::scanner: Reading "C:\\Users\\pongo\\Documents\\Default Project\\.opencode\\skills\\impeccable\\scripts\\live\\browser-script-parts.mjs"
2026-08-31T07:02:17.564149Z  INFO tailwindcss_oxide::scanner: Reading "C:\\Users\\pongo\\Documents\\Default Project\\.opencode\\skills\\ml-pipeline\\references\\pipeline-orchestration.md"
2026-08-31T07:02:17.564039Z  INFO tailwindcss_oxide::scanner: Reading "C:\\Users\\pongo\\Documents\\Default Project\\.opencode\\skills\\impeccable\\scripts\\detector\\design-system.mjs"
2026-08-31T07:02:17.564445Z  INFO tailwindcss_oxide::scanner: Reading "C:\\Users\\pongo\\Documents\\Default Project\\.opencode\\skills\\impeccable\\scripts\\live\\source-search.mjs"
2026-08-31T07:02:17.564450Z  INFO tailwindcss_oxide::scanner: Reading "C:\\Users\\pongo\\Documents\\Default Project\\.opencode\\skills\\kotlin-specialist\\SKILL.md"
2026-08-31T07:02:17.564452Z  INFO tailwindcss_oxide::scanner: Reading "C:\\Users\\pongo\\Documents\\Default Project\\.opencode\\skills\\impeccable\\scripts\\live\\completion.mjs"
2026-08-31T07:02:17.564451Z  INFO tailwindcss_oxide::scanner: Reading "C:\\Users\\pongo\\Documents\\Default Project\\.opencode\\skills\\impeccable\\scripts\\detector\\detect-antipatterns-browser.js"
2026-08-31T07:02:17.564482Z  INFO tailwindcss_oxide::scanner: Reading "C:\\Users\\pongo\\Documents\\Default Project\\.opencode\\skills\\impeccable\\scripts\\live\\manual-apply.mjs"
2026-08-31T07:02:17.564492Z  INFO tailwindcss_oxide::scanner: Reading "C:\\Users\\pongo\\Documents\\Default Project\\.opencode\\skills\\ml-pipeline\\references\\training-pipelines.md"
2026-08-31T07:02:17.564351Z  INFO tailwindcss_oxide::scanner: Reading "C:\\Users\\pongo\\Documents\\Default Project\\.opencode\\skills\\impeccable\\scripts\\live\\frameworks\\tanstack-start.mjs"
2026-08-31T07:02:17.564502Z  INFO tailwindcss_oxide::scanner: Reading "C:\\Users\\pongo\\Documents\\Default Project\\.opencode\\skills\\impeccable\\scripts\\live\\svelte-ast.mjs"
2026-08-31T07:02:17.564360Z  INFO tailwindcss_oxide::scanner: Reading "C:\\Users\\pongo\\Documents\\Default Project\\.opencode\\agents\\content-creator.md"
2026-08-31T07:02:17.564538Z  INFO tailwindcss_oxide::scanner: Reading "C:\\Users\\pongo\\Documents\\Default Project\\.opencode\\skills\\impeccable\\scripts\\live\\frameworks\\vite-generic.mjs"
2026-08-31T07:02:17.564543Z  INFO tailwindcss_oxide::scanner: Reading "C:\\Users\\pongo\\Documents\\Default Project\\.opencode\\skills\\kubernetes-specialist\\references\\configuration.md"
2026-08-31T07:02:17.564553Z  INFO tailwindcss_oxide::scanner: Reading "C:\\Users\\pongo\\Documents\\Default Project\\.opencode\\agents\\data-analyst.md"
2026-08-31T07:02:17.564559Z  INFO tailwindcss_oxide::scanner: Reading "C:\\Users\\pongo\\Documents\\Default Project\\.opencode\\skills\\impeccable\\scripts\\live\\svelte-component.mjs"
2026-08-31T07:02:17.564565Z  INFO tailwindcss_oxide::scanner: Reading "C:\\Users\\pongo\\Documents\\Default Project\\.opencode\\skills\\impeccable\\scripts\\detector\\detect-antipatterns.mjs"
2026-08-31T07:02:17.564573Z  INFO tailwindcss_oxide::scanner: Reading "C:\\Users\\pongo\\Documents\\Default Project\\.opencode\\skills\\impeccable\\scripts\\live\\generation-preflight.mjs"
2026-08-31T07:02:17.564587Z  INFO tailwindcss_oxide::scanner: Reading "C:\\Users\\pongo\\Documents\\Default Project\\.opencode\\agents\\database-optimizer.md"
2026-08-31T07:02:17.564597Z  INFO tailwindcss_oxide::scanner: Reading "C:\\Users\\pongo\\Documents\\Default Project\\.opencode\\skills\\impeccable\\scripts\\live\\sveltekit-adapter.mjs"
2026-08-31T07:02:17.564605Z  INFO tailwindcss_oxide::scanner: Reading "C:\\Users\\pongo\\Documents\\Default Project\\.opencode\\skills\\kubernetes-specialist\\references\\cost-optimization.md"
2026-08-31T07:02:17.564616Z  INFO tailwindcss_oxide::scanner: Reading "C:\\Users\\pongo\\Documents\\Default Project\\.opencode\\skills\\impeccable\\scripts\\live\\insert-ui.mjs"
2026-08-31T07:02:17.564621Z  INFO tailwindcss_oxide::scanner: Reading "C:\\Users\\pongo\\Documents\\Default Project\\.opencode\\agents\\debugging-wizard.md"
2026-08-31T07:02:17.564632Z  INFO tailwindcss_oxide::scanner: Reading "C:\\Users\\pongo\\Documents\\Default Project\\.opencode\\skills\\impeccable\\scripts\\live\\tanstack-adapter.mjs"
2026-08-31T07:02:17.564659Z  INFO tailwindcss_oxide::scanner: Reading "C:\\Users\\pongo\\Documents\\Default Project\\.opencode\\agents\\devops-automator.md"
2026-08-31T07:02:17.564664Z  INFO tailwindcss_oxide::scanner: Reading "C:\\Users\\pongo\\Documents\\Default Project\\.opencode\\skills\\impeccable\\scripts\\live\\instructions.mjs"
2026-08-31T07:02:17.564666Z  INFO tailwindcss_oxide::scanner: Reading "C:\\Users\\pongo\\Documents\\Default Project\\.opencode\\skills\\impeccable\\scripts\\live\\ui-surfaces.mjs"
2026-08-31T07:02:17.564664Z  INFO tailwindcss_oxide::scanner: Reading "C:\\Users\\pongo\\Documents\\Default Project\\.opencode\\skills\\impeccable\\scripts\\live\\event-validation.mjs"
2026-08-31T07:02:17.564678Z  INFO tailwindcss_oxide::scanner: Reading "C:\\Users\\pongo\\Documents\\Default Project\\.opencode\\skills\\impeccable\\scripts\\detector\\engines\\browser\\detect-url.mjs"
2026-08-31T07:02:17.564376Z  INFO tailwindcss_oxide::scanner: Reading "C:\\Users\\pongo\\Documents\\Default Project\\.opencode\\skills\\impeccable\\scripts\\detector\\findings.mjs"
2026-08-31T07:02:17.564719Z  INFO tailwindcss_oxide::scanner: Reading "C:\\Users\\pongo\\Documents\\Default Project\\.opencode\\agents\\frontend-developer.md"
2026-08-31T07:02:17.564728Z  INFO tailwindcss_oxide::scanner: Reading "C:\\Users\\pongo\\Documents\\Default Project\\.opencode\\skills\\impeccable\\scripts\\detector\\node\\file-system.mjs"
2026-08-31T07:02:17.564731Z  INFO tailwindcss_oxide::scanner: Reading "C:\\Users\\pongo\\Documents\\Default Project\\.opencode\\skills\\impeccable\\scripts\\detector\\engines\\regex\\detect-text.mjs"
2026-08-31T07:02:17.564387Z  INFO tailwindcss_oxide::scanner: Reading "C:\\Users\\pongo\\Documents\\Default Project\\.opencode\\skills\\code-documenter\\references\\api-docs-nestjs-express.md"
2026-08-31T07:02:17.564775Z  INFO tailwindcss_oxide::scanner: Reading "C:\\Users\\pongo\\Documents\\Default Project\\.opencode\\skills\\kubernetes-specialist\\references\\custom-operators.md"
2026-08-31T07:02:17.564777Z  INFO tailwindcss_oxide::scanner: Reading "C:\\Users\\pongo\\Documents\\Default Project\\.opencode\\skills\\impeccable\\scripts\\detector\\profile\\profiler.mjs"
2026-08-31T07:02:17.564783Z  INFO tailwindcss_oxide::scanner: Reading "C:\\Users\\pongo\\Documents\\Default Project\\.opencode\\skills\\kubernetes-specialist\\references\\troubleshooting.md"
2026-08-31T07:02:17.564809Z  INFO tailwindcss_oxide::scanner: Reading "C:\\Users\\pongo\\Documents\\Default Project\\.opencode\\agents\\product-manager.md"
2026-08-31T07:02:17.564836Z  INFO tailwindcss_oxide::scanner: Reading "C:\\Users\\pongo\\Documents\\Default Project\\.opencode\\skills\\impeccable\\scripts\\detector\\registry\\antipatterns.mjs"
2026-08-31T07:02:17.564844Z  INFO tailwindcss_oxide::scanner: Reading "C:\\Users\\pongo\\Documents\\Default Project\\.opencode\\agents\\reddit-specialist.md"
2026-08-31T07:02:17.564853Z  INFO tailwindcss_oxide::scanner: Reading "C:\\Users\\pongo\\Documents\\Default Project\\.opencode\\skills\\laravel-specialist\\references\\eloquent.md"
2026-08-31T07:02:17.564879Z  INFO tailwindcss_oxide::scanner: Reading "C:\\Users\\pongo\\Documents\\Default Project\\.opencode\\agents\\security-reviewer.md"
2026-08-31T07:02:17.564424Z  INFO tailwindcss_oxide::scanner: Reading "C:\\Users\\pongo\\Documents\\Default Project\\.opencode\\skills\\impeccable\\reference\\audit.native.md"
2026-08-31T07:02:17.564912Z  INFO tailwindcss_oxide::scanner: Reading "C:\\Users\\pongo\\Documents\\Default Project\\.opencode\\agents\\tech-writer.md"
2026-08-31T07:02:17.564932Z  INFO tailwindcss_oxide::scanner: Reading "C:\\Users\\pongo\\Documents\\Default Project\\.opencode\\skills\\code-documenter\\references\\coverage-reports.md"
2026-08-31T07:02:17.564951Z  INFO tailwindcss_oxide::scanner: Reading "C:\\Users\\pongo\\Documents\\Default Project\\.opencode\\agents\\test-engineer.md"
2026-08-31T07:02:17.564958Z  INFO tailwindcss_oxide::scanner: Reading "C:\\Users\\pongo\\Documents\\Default Project\\.opencode\\skills\\impeccable\\scripts\\detector\\rules\\checks.mjs"
2026-08-31T07:02:17.564978Z  INFO tailwindcss_oxide::scanner: Reading "C:\\Users\\pongo\\Documents\\Default Project\\.opencode\\skills\\impeccable\\scripts\\live\\manual-edit-routes.mjs"
2026-08-31T07:02:17.564379Z  INFO tailwindcss_oxide::scanner: Reading "C:\\Users\\pongo\\Documents\\Default Project\\.opencode\\skills\\kubernetes-specialist\\references\\helm-charts.md"
2026-08-31T07:02:17.564899Z  INFO tailwindcss_oxide::scanner: Reading "C:\\Users\\pongo\\Documents\\Default Project\\.opencode\\skills\\kubernetes-specialist\\references\\workloads.md"
2026-08-31T07:02:17.564905Z  INFO tailwindcss_oxide::scanner: Reading "C:\\Users\\pongo\\Documents\\Default Project\\.opencode\\skills\\laravel-specialist\\references\\livewire.md"
2026-08-31T07:02:17.565036Z  INFO tailwindcss_oxide::scanner: Reading "C:\\Users\\pongo\\Documents\\Default Project\\.opencode\\skills\\impeccable\\scripts\\detector\\shared\\color.mjs"
2026-08-31T07:02:17.565069Z  INFO tailwindcss_oxide::scanner: Reading "C:\\Users\\pongo\\Documents\\Default Project\\.opencode\\skills\\impeccable\\scripts\\detector\\shared\\constants.mjs"
2026-08-31T07:02:17.565068Z  INFO tailwindcss_oxide::scanner: Reading "C:\\Users\\pongo\\Documents\\Default Project\\.opencode\\skills\\kubernetes-specialist\\references\\multi-cluster.md"
2026-08-31T07:02:17.565077Z  INFO tailwindcss_oxide::scanner: Reading "C:\\Users\\pongo\\Documents\\Default Project\\.opencode\\skills\\impeccable\\scripts\\live\\manual-edits-buffer.mjs"
2026-08-31T07:02:17.565082Z  INFO tailwindcss_oxide::scanner: Reading "C:\\Users\\pongo\\Documents\\Default Project\\.opencode\\skills\\laravel-specialist\\references\\queues.md"
2026-08-31T07:02:17.565104Z  INFO tailwindcss_oxide::scanner: Reading "C:\\Users\\pongo\\Documents\\Default Project\\.opencode\\skills\\impeccable\\scripts\\detector\\shared\\fonts.mjs"
2026-08-31T07:02:17.565123Z  INFO tailwindcss_oxide::scanner: Reading "C:\\Users\\pongo\\Documents\\Default Project\\.opencode\\skills\\kubernetes-specialist\\references\\networking.md"
2026-08-31T07:02:17.565008Z  INFO tailwindcss_oxide::scanner: Reading "C:\\Users\\pongo\\Documents\\Default Project\\.opencode\\skills\\impeccable\\scripts\\live\\vocabulary.mjs"
2026-08-31T07:02:17.565149Z  INFO tailwindcss_oxide::scanner: Reading "C:\\Users\\pongo\\Documents\\Default Project\\.opencode\\skills\\impeccable\\scripts\\detector\\shared\\inline-ignores.mjs"
2026-08-31T07:02:17.565152Z  INFO tailwindcss_oxide::scanner: Reading "C:\\Users\\pongo\\Documents\\Default Project\\.opencode\\skills\\django-expert\\references\\authentication.md"
2026-08-31T07:02:17.565147Z  INFO tailwindcss_oxide::scanner: Reading "C:\\Users\\pongo\\Documents\\Default Project\\.opencode\\skills\\kubernetes-specialist\\SKILL.md"
2026-08-31T07:02:17.565182Z  INFO tailwindcss_oxide::scanner: Reading "C:\\Users\\pongo\\Documents\\Default Project\\.opencode\\skills\\impeccable\\scripts\\live-accept.mjs"
2026-08-31T07:02:17.564985Z  INFO tailwindcss_oxide::scanner: Reading "C:\\Users\\pongo\\Documents\\Default Project\\.opencode\\skills\\code-documenter\\references\\documentation-systems.md"
2026-08-31T07:02:17.565194Z  INFO tailwindcss_oxide::scanner: Reading "C:\\Users\\pongo\\Documents\\Default Project\\.opencode\\skills\\impeccable\\scripts\\live\\poll-lanes.mjs"
2026-08-31T07:02:17.565181Z  INFO tailwindcss_oxide::scanner: Reading "C:\\Users\\pongo\\Documents\\Default Project\\.opencode\\skills\\impeccable\\scripts\\detector\\shared\\page.mjs"
2026-08-31T07:02:17.565216Z  INFO tailwindcss_oxide::scanner: Reading "C:\\Users\\pongo\\Documents\\Default Project\\.opencode\\skills\\impeccable\\scripts\\live-browser-dom.js"
2026-08-31T07:02:17.565012Z  INFO tailwindcss_oxide::scanner: Reading "C:\\Users\\pongo\\Documents\\Default Project\\.opencode\\opencode.json"
2026-08-31T07:02:17.565256Z  INFO tailwindcss_oxide::scanner: Reading "C:\\Users\\pongo\\Documents\\Default Project\\.opencode\\skills\\code-documenter\\references\\interactive-api-docs.md"
2026-08-31T07:02:17.565255Z  INFO tailwindcss_oxide::scanner: Reading "C:\\Users\\pongo\\Documents\\Default Project\\.opencode\\skills\\impeccable\\reference\\degraded\\manual-edit-applier.md"
2026-08-31T07:02:17.565200Z  INFO tailwindcss_oxide::scanner: Reading "C:\\Users\\pongo\\Documents\\Default Project\\.opencode\\skills\\laravel-specialist\\references\\routing.md"
2026-08-31T07:02:17.565268Z  INFO tailwindcss_oxide::scanner: Reading "C:\\Users\\pongo\\Documents\\Default Project\\.opencode\\skills\\impeccable\\scripts\\live-browser-session.js"
2026-08-31T07:02:17.565264Z  INFO tailwindcss_oxide::scanner: Reading "C:\\Users\\pongo\\Documents\\Default Project\\.opencode\\skills\\django-expert\\references\\drf-serializers.md"
2026-08-31T07:02:17.564746Z  INFO tailwindcss_oxide::scanner: Reading "C:\\Users\\pongo\\Documents\\Default Project\\.opencode\\skills\\impeccable\\scripts\\live\\frameworks\\astro.mjs"
2026-08-31T07:02:17.565257Z  INFO tailwindcss_oxide::scanner: Reading "C:\\Users\\pongo\\Documents\\Default Project\\.opencode\\skills\\impeccable\\scripts\\doctor.mjs"
2026-08-31T07:02:17.565313Z  INFO tailwindcss_oxide::scanner: Reading "C:\\Users\\pongo\\Documents\\Default Project\\.opencode\\skills\\code-documenter\\references\\python-docstrings.md"
2026-08-31T07:02:17.565319Z  INFO tailwindcss_oxide::scanner: Reading "C:\\Users\\pongo\\Documents\\Default Project\\.opencode\\skills\\impeccable\\scripts\\live\\roots.mjs"
2026-08-31T07:02:17.565171Z  INFO tailwindcss_oxide::scanner: Reading "C:\\Users\\pongo\\Documents\\Default Project\\.opencode\\skills\\kubernetes-specialist\\references\\service-mesh.md"
2026-08-31T07:02:17.565394Z  INFO tailwindcss_oxide::scanner: Reading "C:\\Users\\pongo\\Documents\\Default Project\\.opencode\\skills\\impeccable\\reference\\delight.md"
2026-08-31T07:02:17.565429Z  INFO tailwindcss_oxide::scanner: Reading "C:\\Users\\pongo\\Documents\\Default Project\\.opencode\\skills\\kubernetes-specialist\\references\\storage.md"
2026-08-31T07:02:17.565428Z  INFO tailwindcss_oxide::scanner: Reading "C:\\Users\\pongo\\Documents\\Default Project\\.opencode\\skills\\impeccable\\scripts\\live\\session-store.mjs"
2026-08-31T07:02:17.565445Z  INFO tailwindcss_oxide::scanner: Reading "C:\\Users\\pongo\\Documents\\Default Project\\.opencode\\skills\\impeccable\\reference\\harden.md"
2026-08-31T07:02:17.565456Z  INFO tailwindcss_oxide::scanner: Reading "C:\\Users\\pongo\\Documents\\Default Project\\.opencode\\skills\\impeccable\\reference\\distill.md"
2026-08-31T07:02:17.565469Z  INFO tailwindcss_oxide::scanner: Reading "C:\\Users\\pongo\\Documents\\Default Project\\.opencode\\skills\\django-expert\\references\\models-orm.md"
2026-08-31T07:02:17.565502Z  INFO tailwindcss_oxide::scanner: Reading "C:\\Users\\pongo\\Documents\\Default Project\\.opencode\\skills\\feature-forge\\references\\acceptance-criteria.md"
2026-08-31T07:02:17.565519Z  INFO tailwindcss_oxide::scanner: Reading "C:\\Users\\pongo\\Documents\\Default Project\\.opencode\\skills\\impeccable\\reference\\doctor.md"
2026-08-31T07:02:17.565521Z  INFO tailwindcss_oxide::scanner: Reading "C:\\Users\\pongo\\Documents\\Default Project\\.opencode\\skills\\django-expert\\references\\testing-django.md"
2026-08-31T07:02:17.565519Z  INFO tailwindcss_oxide::scanner: Reading "C:\\Users\\pongo\\Documents\\Default Project\\.opencode\\skills\\impeccable\\scripts\\live-browser.js"
2026-08-31T07:02:17.565531Z  INFO tailwindcss_oxide::scanner: Reading "C:\\Users\\pongo\\Documents\\Default Project\\.opencode\\skills\\impeccable\\scripts\\live\\source-lock.mjs"
2026-08-31T07:02:17.565528Z  INFO tailwindcss_oxide::scanner: Reading "C:\\Users\\pongo\\Documents\\Default Project\\.opencode\\skills\\impeccable\\reference\\hooks.md"
2026-08-31T07:02:17.565549Z  INFO tailwindcss_oxide::scanner: Reading "C:\\Users\\pongo\\Documents\\Default Project\\.opencode\\skills\\feature-forge\\references\\ears-syntax.md"
2026-08-31T07:02:17.565566Z  INFO tailwindcss_oxide::scanner: Reading "C:\\Users\\pongo\\Documents\\Default Project\\.opencode\\skills\\impeccable\\reference\\document.md"
2026-08-31T07:02:17.565576Z  INFO tailwindcss_oxide::scanner: Reading "C:\\Users\\pongo\\Documents\\Default Project\\.opencode\\skills\\django-expert\\references\\viewsets-views.md"
2026-08-31T07:02:17.565586Z  INFO tailwindcss_oxide::scanner: Reading "C:\\Users\\pongo\\Documents\\Default Project\\.opencode\\skills\\impeccable\\scripts\\live-commit-manual-edits.mjs"
2026-08-31T07:02:17.565598Z  INFO tailwindcss_oxide::scanner: Reading "C:\\Users\\pongo\\Documents\\Default Project\\.opencode\\skills\\feature-forge\\references\\interview-questions.md"
2026-08-31T07:02:17.565600Z  INFO tailwindcss_oxide::scanner: Reading "C:\\Users\\pongo\\Documents\\Default Project\\.opencode\\skills\\impeccable\\reference\\init.md"
2026-08-31T07:02:17.565613Z  INFO tailwindcss_oxide::scanner: Reading "C:\\Users\\pongo\\Documents\\Default Project\\.opencode\\skills\\impeccable\\scripts\\hook.mjs"
2026-08-31T07:02:17.565620Z  INFO tailwindcss_oxide::scanner: Reading "C:\\Users\\pongo\\Documents\\Default Project\\.opencode\\skills\\django-expert\\SKILL.md"
2026-08-31T07:02:17.565629Z  INFO tailwindcss_oxide::scanner: Reading "C:\\Users\\pongo\\Documents\\Default Project\\.opencode\\skills\\impeccable\\scripts\\live-complete.mjs"
2026-08-31T07:02:17.565648Z  INFO tailwindcss_oxide::scanner: Reading "C:\\Users\\pongo\\Documents\\Default Project\\.opencode\\skills\\impeccable\\reference\\ios.md"
2026-08-31T07:02:17.565649Z  INFO tailwindcss_oxide::scanner: Reading "C:\\Users\\pongo\\Documents\\Default Project\\.opencode\\skills\\impeccable\\reference\\extract.md"
2026-08-31T07:02:17.565658Z  INFO tailwindcss_oxide::scanner: Reading "C:\\Users\\pongo\\Documents\\Default Project\\.opencode\\skills\\feature-forge\\references\\pre-discovery-subagents.md"
2026-08-31T07:02:17.565663Z  INFO tailwindcss_oxide::scanner: Reading "C:\\Users\\pongo\\Documents\\Default Project\\.opencode\\skills\\dotnet-core-expert\\references\\authentication.md"
2026-08-31T07:02:17.565664Z  INFO tailwindcss_oxide::scanner: Reading "C:\\Users\\pongo\\Documents\\Default Project\\.opencode\\skills\\impeccable\\scripts\\live\\frameworks\\index.mjs"
2026-08-31T07:02:17.565690Z  INFO tailwindcss_oxide::scanner: Reading "C:\\Users\\pongo\\Documents\\Default Project\\.opencode\\skills\\impeccable\\scripts\\lib\\artifact-schema.mjs"
2026-08-31T07:02:17.565699Z  INFO tailwindcss_oxide::scanner: Reading "C:\\Users\\pongo\\Documents\\Default Project\\.opencode\\skills\\feature-forge\\references\\specification-template.md"
2026-08-31T07:02:17.565700Z  INFO tailwindcss_oxide::scanner: Reading "C:\\Users\\pongo\\Documents\\Default Project\\.opencode\\skills\\impeccable\\scripts\\lib\\concept-catalog.mjs"
2026-08-31T07:02:17.565703Z  INFO tailwindcss_oxide::scanner: Reading "C:\\Users\\pongo\\Documents\\Default Project\\.opencode\\skills\\impeccable\\scripts\\live\\frameworks\\journal.mjs"
2026-08-31T07:02:17.565739Z  INFO tailwindcss_oxide::scanner: Reading "C:\\Users\\pongo\\Documents\\Default Project\\.opencode\\skills\\feature-forge\\SKILL.md"
2026-08-31T07:02:17.565740Z  INFO tailwindcss_oxide::scanner: Reading "C:\\Users\\pongo\\Documents\\Default Project\\.opencode\\skills\\impeccable\\scripts\\lib\\design-parser.mjs"
2026-08-31T07:02:17.565744Z  INFO tailwindcss_oxide::scanner: Reading "C:\\Users\\pongo\\Documents\\Default Project\\.opencode\\skills\\dotnet-core-expert\\references\\clean-architecture.md"
2026-08-31T07:02:17.565700Z  INFO tailwindcss_oxide::scanner: Reading "C:\\Users\\pongo\\Documents\\Default Project\\.opencode\\skills\\impeccable\\reference\\layout.md"
2026-08-31T07:02:17.565774Z  INFO tailwindcss_oxide::scanner: Reading "C:\\Users\\pongo\\Documents\\Default Project\\.opencode\\skills\\impeccable\\scripts\\live\\frameworks\\detect-utils.mjs"
2026-08-31T07:02:17.565786Z  INFO tailwindcss_oxide::scanner: Reading "C:\\Users\\pongo\\Documents\\Default Project\\.opencode\\skills\\impeccable\\scripts\\live\\frameworks\\nextjs.mjs"
2026-08-31T07:02:17.565797Z  INFO tailwindcss_oxide::scanner: Reading "C:\\Users\\pongo\\Documents\\Default Project\\.opencode\\skills\\angular-architect\\references\\components.md"
2026-08-31T07:02:17.565812Z  INFO tailwindcss_oxide::scanner: Reading "C:\\Users\\pongo\\Documents\\Default Project\\.opencode\\skills\\impeccable\\scripts\\lib\\impeccable-paths.mjs"
2026-08-31T07:02:17.565812Z  INFO tailwindcss_oxide::scanner: Reading "C:\\Users\\pongo\\Documents\\Default Project\\.opencode\\skills\\impeccable\\scripts\\lib\\composition-catalog.mjs"
2026-08-31T07:02:17.565819Z  INFO tailwindcss_oxide::scanner: Reading "C:\\Users\\pongo\\Documents\\Default Project\\.opencode\\skills\\embedded-systems\\references\\communication-protocols.md"
2026-08-31T07:02:17.565830Z  INFO tailwindcss_oxide::scanner: Reading "C:\\Users\\pongo\\Documents\\Default Project\\.opencode\\skills\\impeccable\\scripts\\live\\frameworks\\nuxt.mjs"
2026-08-31T07:02:17.565834Z  INFO tailwindcss_oxide::scanner: Reading "C:\\Users\\pongo\\Documents\\Default Project\\.opencode\\skills\\dotnet-core-expert\\references\\cloud-native.md"
2026-08-31T07:02:17.565847Z  INFO tailwindcss_oxide::scanner: Reading "C:\\Users\\pongo\\Documents\\Default Project\\.opencode\\skills\\impeccable\\reference\\colorize.md"
2026-08-31T07:02:17.565858Z  INFO tailwindcss_oxide::scanner: Reading "C:\\Users\\pongo\\Documents\\Default Project\\.opencode\\skills\\impeccable\\reference\\live-setup.md"
2026-08-31T07:02:17.565864Z  INFO tailwindcss_oxide::scanner: Reading "C:\\Users\\pongo\\Documents\\Default Project\\.opencode\\skills\\impeccable\\scripts\\live\\frameworks\\script-src.mjs"
2026-08-31T07:02:17.565885Z  INFO tailwindcss_oxide::scanner: Reading "C:\\Users\\pongo\\Documents\\Default Project\\.opencode\\skills\\impeccable\\reference\\craft-floor.md"
2026-08-31T07:02:17.565889Z  INFO tailwindcss_oxide::scanner: Reading "C:\\Users\\pongo\\Documents\\Default Project\\.opencode\\skills\\angular-architect\\references\\ngrx.md"
2026-08-31T07:02:17.565894Z  INFO tailwindcss_oxide::scanner: Reading "C:\\Users\\pongo\\Documents\\Default Project\\.opencode\\skills\\flutter-expert\\references\\gorouter-navigation.md"
2026-08-31T07:02:17.565899Z  INFO tailwindcss_oxide::scanner: Reading "C:\\Users\\pongo\\Documents\\Default Project\\.opencode\\skills\\impeccable\\scripts\\live\\frameworks\\static-html.mjs"
2026-08-31T07:02:17.565906Z  INFO tailwindcss_oxide::scanner: Reading "C:\\Users\\pongo\\Documents\\Default Project\\.opencode\\skills\\dotnet-core-expert\\references\\entity-framework.md"
2026-08-31T07:02:17.565913Z  INFO tailwindcss_oxide::scanner: Reading "C:\\Users\\pongo\\Documents\\Default Project\\.opencode\\skills\\impeccable\\reference\\bolder.md"
2026-08-31T07:02:17.565920Z  INFO tailwindcss_oxide::scanner: Reading "C:\\Users\\pongo\\Documents\\Default Project\\.opencode\\skills\\impeccable\\reference\\live.md"
2026-08-31T07:02:17.565931Z  INFO tailwindcss_oxide::scanner: Reading "C:\\Users\\pongo\\Documents\\Default Project\\.opencode\\skills\\code-documenter\\references\\typescript-jsdoc.md"
2026-08-31T07:02:17.565934Z  INFO tailwindcss_oxide::scanner: Reading "C:\\Users\\pongo\\Documents\\Default Project\\.opencode\\skills\\impeccable\\scripts\\lib\\impeccable-config.mjs"
2026-08-31T07:02:17.565949Z  INFO tailwindcss_oxide::scanner: Reading "C:\\Users\\pongo\\Documents\\Default Project\\.opencode\\skills\\impeccable\\scripts\\embed-prompt.mjs"
2026-08-31T07:02:17.565962Z  INFO tailwindcss_oxide::scanner: Reading "C:\\Users\\pongo\\Documents\\Default Project\\.opencode\\skills\\impeccable\\reference\\clarify.md"
2026-08-31T07:02:17.565982Z  INFO tailwindcss_oxide::scanner: Reading "C:\\Users\\pongo\\Documents\\Default Project\\.opencode\\skills\\dotnet-core-expert\\references\\minimal-apis.md"
2026-08-31T07:02:17.565983Z  INFO tailwindcss_oxide::scanner: Reading "C:\\Users\\pongo\\Documents\\Default Project\\.opencode\\skills\\fullstack-guardian\\references\\api-design-standards.md"
2026-08-31T07:02:17.565998Z  INFO tailwindcss_oxide::scanner: Reading "C:\\Users\\pongo\\Documents\\Default Project\\.opencode\\skills\\fullstack-guardian\\references\\common-patterns.md"
2026-08-31T07:02:17.565899Z  INFO tailwindcss_oxide::scanner: Reading "C:\\Users\\pongo\\Documents\\Default Project\\.opencode\\skills\\embedded-systems\\references\\memory-optimization.md"
2026-08-31T07:02:17.565936Z  INFO tailwindcss_oxide::scanner: Reading "C:\\Users\\pongo\\Documents\\Default Project\\.opencode\\skills\\impeccable\\scripts\\live\\frameworks\\sveltekit.mjs"
2026-08-31T07:02:17.566041Z  INFO tailwindcss_oxide::scanner: Reading "C:\\Users\\pongo\\Documents\\Default Project\\.opencode\\skills\\impeccable\\reference\\craft.md"
2026-08-31T07:02:17.566040Z  INFO tailwindcss_oxide::scanner: Reading "C:\\Users\\pongo\\Documents\\Default Project\\.opencode\\skills\\code-documenter\\references\\user-guides-tutorials.md"
2026-08-31T07:02:17.566049Z  INFO tailwindcss_oxide::scanner: Reading "C:\\Users\\pongo\\Documents\\Default Project\\.opencode\\skills\\fullstack-guardian\\references\\deliverables-checklist.md"
2026-08-31T07:02:17.565993Z  INFO tailwindcss_oxide::scanner: Reading "C:\\Users\\pongo\\Documents\\Default Project\\.opencode\\skills\\impeccable\\scripts\\generate-image.mjs"
2026-08-31T07:02:17.566057Z  INFO tailwindcss_oxide::scanner: Reading "C:\\Users\\pongo\\Documents\\Default Project\\.opencode\\skills\\csharp-developer\\references\\blazor.md"
2026-08-31T07:02:17.566064Z  INFO tailwindcss_oxide::scanner: Reading "C:\\Users\\pongo\\Documents\\Default Project\\.opencode\\skills\\fullstack-guardian\\references\\architecture-decisions.md"
2026-08-31T07:02:17.566079Z  INFO tailwindcss_oxide::scanner: Reading "C:\\Users\\pongo\\Documents\\Default Project\\.opencode\\skills\\embedded-systems\\references\\microcontroller-programming.md"
2026-08-31T07:02:17.566086Z  INFO tailwindcss_oxide::scanner: Reading "C:\\Users\\pongo\\Documents\\Default Project\\.opencode\\skills\\architecture-designer\\references\\database-selection.md"
2026-08-31T07:02:17.566111Z  INFO tailwindcss_oxide::scanner: Reading "C:\\Users\\pongo\\Documents\\Default Project\\.opencode\\skills\\impeccable\\reference\\critique.md"
2026-08-31T07:02:17.566119Z  INFO tailwindcss_oxide::scanner: Reading "C:\\Users\\pongo\\Documents\\Default Project\\.opencode\\skills\\fullstack-guardian\\references\\backend-patterns.md"
2026-08-31T07:02:17.566120Z  INFO tailwindcss_oxide::scanner: Reading "C:\\Users\\pongo\\Documents\\Default Project\\.opencode\\skills\\impeccable\\scripts\\hook-admin.mjs"
2026-08-31T07:02:17.566129Z  INFO tailwindcss_oxide::scanner: Reading "C:\\Users\\pongo\\Documents\\Default Project\\.opencode\\skills\\shrinkage\\scripts\\plan.py"
2026-08-31T07:02:17.566137Z  INFO tailwindcss_oxide::scanner: Reading "C:\\Users\\pongo\\Documents\\Default Project\\.opencode\\skills\\csharp-developer\\references\\entity-framework.md"
2026-08-31T07:02:17.566154Z  INFO tailwindcss_oxide::scanner: Reading "C:\\Users\\pongo\\Documents\\Default Project\\.opencode\\skills\\embedded-systems\\references\\power-optimization.md"
2026-08-31T07:02:17.566159Z  INFO tailwindcss_oxide::scanner: Reading "C:\\Users\\pongo\\Documents\\Default Project\\.opencode\\skills\\impeccable\\scripts\\hook-before-edit.mjs"
2026-08-31T07:02:17.566165Z  INFO tailwindcss_oxide::scanner: Reading "C:\\Users\\pongo\\Documents\\Default Project\\.opencode\\skills\\shrinkage\\scripts\\platformmap.py"
2026-08-31T07:02:17.566171Z  INFO tailwindcss_oxide::scanner: Reading "C:\\Users\\pongo\\Documents\\Default Project\\.opencode\\skills\\dotnet-core-expert\\SKILL.md"
2026-08-31T07:02:17.566191Z  INFO tailwindcss_oxide::scanner: Reading "C:\\Users\\pongo\\Documents\\Default Project\\.opencode\\skills\\impeccable\\reference\\degraded\\asset-producer.md"
2026-08-31T07:02:17.566189Z  INFO tailwindcss_oxide::scanner: Reading "C:\\Users\\pongo\\Documents\\Default Project\\.opencode\\skills\\code-documenter\\SKILL.md"
2026-08-31T07:02:17.566214Z  INFO tailwindcss_oxide::scanner: Reading "C:\\Users\\pongo\\Documents\\Default Project\\.opencode\\skills\\flutter-expert\\references\\riverpod-state.md"
2026-08-31T07:02:17.566197Z  INFO tailwindcss_oxide::scanner: Reading "C:\\Users\\pongo\\Documents\\Default Project\\.opencode\\skills\\shrinkage\\scripts\\probe.py"
2026-08-31T07:02:17.566052Z  INFO tailwindcss_oxide::scanner: Reading "C:\\Users\\pongo\\Documents\\Default Project\\.opencode\\skills\\fullstack-guardian\\references\\design-template.md"
2026-08-31T07:02:17.566229Z  INFO tailwindcss_oxide::scanner: Reading "C:\\Users\\pongo\\Documents\\Default Project\\.opencode\\skills\\impeccable\\scripts\\hook-lib.mjs"
2026-08-31T07:02:17.566220Z  INFO tailwindcss_oxide::scanner: Reading "C:\\Users\\pongo\\Documents\\Default Project\\.opencode\\skills\\embedded-systems\\references\\rtos-patterns.md"
2026-08-31T07:02:17.566256Z  INFO tailwindcss_oxide::scanner: Reading "C:\\Users\\pongo\\Documents\\Default Project\\.opencode\\skills\\flutter-expert\\references\\widget-patterns.md"
2026-08-31T07:02:17.566260Z  INFO tailwindcss_oxide::scanner: Reading "C:\\Users\\pongo\\Documents\\Default Project\\.opencode\\skills\\shrinkage\\scripts\\progress.py"
2026-08-31T07:02:17.566263Z  INFO tailwindcss_oxide::scanner: Reading "C:\\Users\\pongo\\Documents\\Default Project\\.opencode\\skills\\fullstack-guardian\\references\\error-handling.md"
2026-08-31T07:02:17.566280Z  INFO tailwindcss_oxide::scanner: Reading "C:\\Users\\pongo\\Documents\\Default Project\\.opencode\\skills\\fine-tuning-expert\\references\\dataset-preparation.md"
2026-08-31T07:02:17.566295Z  INFO tailwindcss_oxide::scanner: Reading "C:\\Users\\pongo\\Documents\\Default Project\\.opencode\\skills\\angular-architect\\references\\routing.md"
2026-08-31T07:02:17.566296Z  INFO tailwindcss_oxide::scanner: Reading "C:\\Users\\pongo\\Documents\\Default Project\\.opencode\\skills\\embedded-systems\\SKILL.md"
2026-08-31T07:02:17.566301Z  INFO tailwindcss_oxide::scanner: Reading "C:\\Users\\pongo\\Documents\\Default Project\\.opencode\\skills\\chaos-engineer\\references\\infrastructure-chaos.md"
2026-08-31T07:02:17.566232Z  INFO tailwindcss_oxide::scanner: Reading "C:\\Users\\pongo\\Documents\\Default Project\\.opencode\\skills\\impeccable\\reference\\degraded\\documenter.md"
2026-08-31T07:02:17.566342Z  INFO tailwindcss_oxide::scanner: Reading "C:\\Users\\pongo\\Documents\\Default Project\\.opencode\\skills\\cli-developer\\references\\python-cli.md"
2026-08-31T07:02:17.566347Z  INFO tailwindcss_oxide::scanner: Reading "C:\\Users\\pongo\\Documents\\Default Project\\.opencode\\skills\\fastapi-expert\\references\\async-sqlalchemy.md"
2026-08-31T07:02:17.566359Z  INFO tailwindcss_oxide::scanner: Reading "C:\\Users\\pongo\\Documents\\Default Project\\.opencode\\skills\\angular-architect\\references\\rxjs.md"
2026-08-31T07:02:17.566365Z  INFO tailwindcss_oxide::scanner: Reading "C:\\Users\\pongo\\Documents\\Default Project\\.opencode\\skills\\fine-tuning-expert\\references\\deployment-optimization.md"
2026-08-31T07:02:17.566370Z  INFO tailwindcss_oxide::scanner: Reading "C:\\Users\\pongo\\Documents\\Default Project\\.opencode\\skills\\impeccable\\reference\\degraded\\finish-reviewer.md"
2026-08-31T07:02:17.566374Z  INFO tailwindcss_oxide::scanner: Reading "C:\\Users\\pongo\\Documents\\Default Project\\.opencode\\skills\\architecture-designer\\references\\nfr-checklist.md"
2026-08-31T07:02:17.566387Z  INFO tailwindcss_oxide::scanner: Reading "C:\\Users\\pongo\\Documents\\Default Project\\.opencode\\skills\\fastapi-expert\\references\\authentication.md"
2026-08-31T07:02:17.566388Z  INFO tailwindcss_oxide::scanner: Reading "C:\\Users\\pongo\\Documents\\Default Project\\.opencode\\skills\\cli-developer\\references\\ux-patterns.md"
2026-08-31T07:02:17.566412Z  INFO tailwindcss_oxide::scanner: Reading "C:\\Users\\pongo\\Documents\\Default Project\\.opencode\\skills\\architecture-designer\\references\\system-design.md"
2026-08-31T07:02:17.566301Z  INFO tailwindcss_oxide::scanner: Reading "C:\\Users\\pongo\\Documents\\Default Project\\.opencode\\skills\\shrinkage\\scripts\\safe_commit.py"
2026-08-31T07:02:17.566486Z  INFO tailwindcss_oxide::scanner: Reading "C:\\Users\\pongo\\Documents\\Default Project\\.opencode\\skills\\architecture-designer\\SKILL.md"
2026-08-31T07:02:17.566494Z  INFO tailwindcss_oxide::scanner: Reading "C:\\Users\\pongo\\Documents\\Default Project\\.opencode\\skills\\shrinkage\\scripts\\selfupdate.py"
2026-08-31T07:02:17.566524Z  INFO tailwindcss_oxide::scanner: Reading "C:\\Users\\pongo\\Documents\\Default Project\\.opencode\\skills\\atlassian-mcp\\references\\authentication-patterns.md"
2026-08-31T07:02:17.566525Z  INFO tailwindcss_oxide::scanner: Reading "C:\\Users\\pongo\\Documents\\Default Project\\.opencode\\skills\\cli-developer\\references\\design-patterns.md"
2026-08-31T07:02:17.566528Z  INFO tailwindcss_oxide::scanner: Reading "C:\\Users\\pongo\\Documents\\Default Project\\.opencode\\skills\\shrinkage\\scripts\\settings.py"
2026-08-31T07:02:17.566567Z  INFO tailwindcss_oxide::scanner: Reading "C:\\Users\\pongo\\Documents\\Default Project\\.opencode\\skills\\shrinkage\\scripts\\statusline.py"
2026-08-31T07:02:17.566573Z  INFO tailwindcss_oxide::scanner: Reading "C:\\Users\\pongo\\Documents\\Default Project\\.opencode\\skills\\cli-developer\\references\\go-cli.md"
2026-08-31T07:02:17.566222Z  INFO tailwindcss_oxide::scanner: Reading "C:\\Users\\pongo\\Documents\\Default Project\\.opencode\\skills\\ml-pipeline\\SKILL.md"
2026-08-31T07:02:17.566309Z  INFO tailwindcss_oxide::scanner: Reading "C:\\Users\\pongo\\Documents\\Default Project\\.opencode\\skills\\debugging-wizard\\references\\quick-fixes.md"
2026-08-31T07:02:17.566649Z  INFO tailwindcss_oxide::scanner: Reading "C:\\Users\\pongo\\Documents\\Default Project\\.opencode\\skills\\cli-developer\\references\\node-cli.md"
2026-08-31T07:02:17.566653Z  INFO tailwindcss_oxide::scanner: Reading "C:\\Users\\pongo\\Documents\\Default Project\\.opencode\\skills\\flutter-expert\\references\\project-structure.md"
2026-08-31T07:02:17.566669Z  INFO tailwindcss_oxide::scanner: Reading "C:\\Users\\pongo\\Documents\\Default Project\\.opencode\\skills\\shrinkage\\scripts\\watchdog.py"
2026-08-31T07:02:17.566678Z  INFO tailwindcss_oxide::scanner: Reading "C:\\Users\\pongo\\Documents\\Default Project\\.opencode\\skills\\debugging-wizard\\references\\strategies.md"
2026-08-31T07:02:17.566705Z  INFO tailwindcss_oxide::scanner: Reading "C:\\Users\\pongo\\Documents\\Default Project\\.opencode\\skills\\chaos-engineer\\SKILL.md"
2026-08-31T07:02:17.566706Z  INFO tailwindcss_oxide::scanner: Reading "C:\\Users\\pongo\\Documents\\Default Project\\.opencode\\skills\\database-optimizer\\references\\monitoring-analysis.md"
2026-08-31T07:02:17.566308Z  INFO tailwindcss_oxide::scanner: Reading "C:\\Users\\pongo\\Documents\\Default Project\\.opencode\\skills\\flutter-expert\\SKILL.md"
2026-08-31T07:02:17.566726Z  INFO tailwindcss_oxide::scanner: Reading "C:\\Users\\pongo\\Documents\\Default Project\\.opencode\\skills\\debugging-wizard\\references\\systematic-debugging.md"
2026-08-31T07:02:17.566737Z  INFO tailwindcss_oxide::scanner: Reading "C:\\Users\\pongo\\Documents\\Default Project\\.opencode\\skills\\monitoring-expert\\references\\alerting-rules.md"
2026-08-31T07:02:17.566745Z  INFO tailwindcss_oxide::scanner: Reading "C:\\Users\\pongo\\Documents\\Default Project\\.opencode\\skills\\shrinkage\\SKILL.md"
2026-08-31T07:02:17.566758Z  INFO tailwindcss_oxide::scanner: Reading "C:\\Users\\pongo\\Documents\\Default Project\\.opencode\\skills\\database-optimizer\\references\\mysql-tuning.md"
2026-08-31T07:02:17.566772Z  INFO tailwindcss_oxide::scanner: Reading "C:\\Users\\pongo\\Documents\\Default Project\\.opencode\\skills\\debugging-wizard\\SKILL.md"
2026-08-31T07:02:17.566776Z  INFO tailwindcss_oxide::scanner: Reading "C:\\Users\\pongo\\Documents\\Default Project\\.opencode\\skills\\fine-tuning-expert\\references\\hyperparameter-tuning.md"
2026-08-31T07:02:17.566788Z  INFO tailwindcss_oxide::scanner: Reading "C:\\Users\\pongo\\Documents\\Default Project\\.opencode\\skills\\monitoring-expert\\references\\application-profiling.md"
2026-08-31T07:02:17.566799Z  INFO tailwindcss_oxide::scanner: Reading "C:\\Users\\pongo\\Documents\\Default Project\\.opencode\\skills\\database-optimizer\\references\\postgresql-tuning.md"
2026-08-31T07:02:17.566204Z  INFO tailwindcss_oxide::scanner: Reading "C:\\Users\\pongo\\Documents\\Default Project\\.opencode\\skills\\csharp-developer\\references\\modern-csharp.md"
2026-08-31T07:02:17.566809Z  INFO tailwindcss_oxide::scanner: Reading "C:\\Users\\pongo\\Documents\\Default Project\\.opencode\\skills\\devops-engineer\\references\\deployment-strategies.md"
2026-08-31T07:02:17.566818Z  INFO tailwindcss_oxide::scanner: Reading "C:\\Users\\pongo\\Documents\\Default Project\\.opencode\\skills\\shrinkage\\workflows\\audit.md"
2026-08-31T07:02:17.566849Z  INFO tailwindcss_oxide::scanner: Reading "C:\\Users\\pongo\\Documents\\Default Project\\.opencode\\skills\\monitoring-expert\\references\\capacity-planning.md"
2026-08-31T07:02:17.566850Z  INFO tailwindcss_oxide::scanner: Reading "C:\\Users\\pongo\\Documents\\Default Project\\.opencode\\skills\\database-optimizer\\references\\query-optimization.md"
2026-08-31T07:02:17.566861Z  INFO tailwindcss_oxide::scanner: Reading "C:\\Users\\pongo\\Documents\\Default Project\\.opencode\\skills\\csharp-developer\\references\\performance.md"
2026-08-31T07:02:17.566868Z  INFO tailwindcss_oxide::scanner: Reading "C:\\Users\\pongo\\Documents\\Default Project\\.opencode\\skills\\devops-engineer\\references\\docker-patterns.md"
2026-08-31T07:02:17.566874Z  INFO tailwindcss_oxide::scanner: Reading "C:\\Users\\pongo\\Documents\\Default Project\\.opencode\\skills\\shrinkage\\workflows\\gate.md"
2026-08-31T07:02:17.566896Z  INFO tailwindcss_oxide::scanner: Reading "C:\\Users\\pongo\\Documents\\Default Project\\.opencode\\skills\\monitoring-expert\\references\\dashboards.md"
2026-08-31T07:02:17.566897Z  INFO tailwindcss_oxide::scanner: Reading "C:\\Users\\pongo\\Documents\\Default Project\\.opencode\\skills\\database-optimizer\\SKILL.md"
2026-08-31T07:02:17.566916Z  INFO tailwindcss_oxide::scanner: Reading "C:\\Users\\pongo\\Documents\\Default Project\\.opencode\\skills\\fastapi-expert\\references\\migration-from-django.md"
2026-08-31T07:02:17.566923Z  INFO tailwindcss_oxide::scanner: Reading "C:\\Users\\pongo\\Documents\\Default Project\\.opencode\\skills\\shrinkage\\workflows\\map.md"
2026-08-31T07:02:17.566927Z  INFO tailwindcss_oxide::scanner: Reading "C:\\Users\\pongo\\Documents\\Default Project\\.opencode\\skills\\csharp-developer\\SKILL.md"
2026-08-31T07:02:17.566935Z  INFO tailwindcss_oxide::scanner: Reading "C:\\Users\\pongo\\Documents\\Default Project\\.opencode\\skills\\monitoring-expert\\references\\opentelemetry.md"
2026-08-31T07:02:17.566936Z  INFO tailwindcss_oxide::scanner: Reading "C:\\Users\\pongo\\Documents\\Default Project\\.opencode\\skills\\debugging-wizard\\references\\common-patterns.md"
2026-08-31T07:02:17.566957Z  INFO tailwindcss_oxide::scanner: Reading "C:\\Users\\pongo\\Documents\\Default Project\\.opencode\\skills\\shrinkage\\workflows\\score.md"
2026-08-31T07:02:17.566963Z  INFO tailwindcss_oxide::scanner: Reading "C:\\Users\\pongo\\Documents\\Default Project\\.opencode\\skills\\database-optimizer\\references\\index-strategies.md"
2026-08-31T07:02:17.566974Z  INFO tailwindcss_oxide::scanner: Reading "C:\\Users\\pongo\\Documents\\Default Project\\.opencode\\skills\\debugging-wizard\\references\\debugging-tools.md"
2026-08-31T07:02:17.566986Z  INFO tailwindcss_oxide::scanner: Reading "C:\\Users\\pongo\\Documents\\Default Project\\.opencode\\skills\\fastapi-expert\\references\\pydantic-v2.md"
2026-08-31T07:02:17.566992Z  INFO tailwindcss_oxide::scanner: Reading "C:\\Users\\pongo\\Documents\\Default Project\\.opencode\\skills\\shrinkage\\workflows\\shave.md"
2026-08-31T07:02:17.567002Z  INFO tailwindcss_oxide::scanner: Reading "C:\\Users\\pongo\\Documents\\Default Project\\.opencode\\skills\\react-expert\\references\\server-components.md"
2026-08-31T07:02:17.567023Z  INFO tailwindcss_oxide::scanner: Reading "C:\\Users\\pongo\\Documents\\Default Project\\.opencode\\skills\\atlassian-mcp\\references\\confluence-operations.md"
2026-08-31T07:02:17.567032Z  INFO tailwindcss_oxide::scanner: Reading "C:\\Users\\pongo\\Documents\\Default Project\\.opencode\\skills\\monitoring-expert\\references\\performance-testing.md"
2026-08-31T07:02:17.567045Z  INFO tailwindcss_oxide::scanner: Reading "C:\\Users\\pongo\\Documents\\Default Project\\.opencode\\skills\\react-expert\\references\\state-management.md"
2026-08-31T07:02:17.567049Z  INFO tailwindcss_oxide::scanner: Reading "C:\\Users\\pongo\\Documents\\Default Project\\.opencode\\skills\\spark-engineer\\references\\partitioning-caching.md"
2026-08-31T07:02:17.567082Z  INFO tailwindcss_oxide::scanner: Reading "C:\\Users\\pongo\\Documents\\Default Project\\.opencode\\skills\\fastapi-expert\\references\\testing-async.md"
2026-08-31T07:02:17.567088Z  INFO tailwindcss_oxide::scanner: Reading "C:\\Users\\pongo\\Documents\\Default Project\\.opencode\\skills\\monitoring-expert\\references\\prometheus-metrics.md"
2026-08-31T07:02:17.567090Z  INFO tailwindcss_oxide::scanner: Reading "C:\\Users\\pongo\\Documents\\Default Project\\.opencode\\skills\\react-expert\\references\\testing-react.md"
2026-08-31T07:02:17.567098Z  INFO tailwindcss_oxide::scanner: Reading "C:\\Users\\pongo\\Documents\\Default Project\\.opencode\\skills\\atlassian-mcp\\references\\jira-queries.md"
2026-08-31T07:02:17.567101Z  INFO tailwindcss_oxide::scanner: Reading "C:\\Users\\pongo\\Documents\\Default Project\\.opencode\\skills\\spark-engineer\\references\\performance-tuning.md"
2026-08-31T07:02:17.567120Z  INFO tailwindcss_oxide::scanner: Reading "C:\\Users\\pongo\\Documents\\Default Project\\.opencode\\skills\\fastapi-expert\\SKILL.md"
2026-08-31T07:02:17.567126Z  INFO tailwindcss_oxide::scanner: Reading "C:\\Users\\pongo\\Documents\\Default Project\\.opencode\\skills\\monitoring-expert\\references\\structured-logging.md"
2026-08-31T07:02:17.567134Z  INFO tailwindcss_oxide::scanner: Reading "C:\\Users\\pongo\\Documents\\Default Project\\.opencode\\skills\\react-expert\\SKILL.md"
2026-08-31T07:02:17.567158Z  INFO tailwindcss_oxide::scanner: Reading "C:\\Users\\pongo\\Documents\\Default Project\\.opencode\\skills\\devops-engineer\\references\\platform-engineering.md"
2026-08-31T07:02:17.567162Z  INFO tailwindcss_oxide::scanner: Reading "C:\\Users\\pongo\\Documents\\Default Project\\.opencode\\skills\\spark-engineer\\references\\rdd-operations.md"
2026-08-31T07:02:17.567165Z  INFO tailwindcss_oxide::scanner: Reading "C:\\Users\\pongo\\Documents\\Default Project\\.opencode\\skills\\monitoring-expert\\SKILL.md"
2026-08-31T07:02:17.567169Z  INFO tailwindcss_oxide::scanner: Reading "C:\\Users\\pongo\\Documents\\Default Project\\.opencode\\skills\\atlassian-mcp\\references\\mcp-server-setup.md"
2026-08-31T07:02:17.567173Z  INFO tailwindcss_oxide::scanner: Reading "C:\\Users\\pongo\\Documents\\Default Project\\.opencode\\skills\\react-native-expert\\references\\expo-router.md"
2026-08-31T07:02:17.567207Z  INFO tailwindcss_oxide::scanner: Reading "C:\\Users\\pongo\\Documents\\Default Project\\.opencode\\skills\\devops-engineer\\references\\release-automation.md"
2026-08-31T07:02:17.567211Z  INFO tailwindcss_oxide::scanner: Reading "C:\\Users\\pongo\\Documents\\Default Project\\.opencode\\skills\\nestjs-expert\\references\\authentication.md"
2026-08-31T07:02:17.567219Z  INFO tailwindcss_oxide::scanner: Reading "C:\\Users\\pongo\\Documents\\Default Project\\.opencode\\skills\\atlassian-mcp\\SKILL.md"
2026-08-31T07:02:17.567220Z  INFO tailwindcss_oxide::scanner: Reading "C:\\Users\\pongo\\Documents\\Default Project\\.opencode\\skills\\react-native-expert\\references\\list-optimization.md"
2026-08-31T07:02:17.567222Z  INFO tailwindcss_oxide::scanner: Reading "C:\\Users\\pongo\\Documents\\Default Project\\.opencode\\skills\\spark-engineer\\references\\spark-sql-dataframes.md"
2026-08-31T07:02:17.566417Z  INFO tailwindcss_oxide::scanner: Reading "C:\\Users\\pongo\\Documents\\Default Project\\.opencode\\skills\\angular-architect\\references\\testing.md"
2026-08-31T07:02:17.567271Z  INFO tailwindcss_oxide::scanner: Reading "C:\\Users\\pongo\\Documents\\Default Project\\.opencode\\skills\\fine-tuning-expert\\references\\lora-peft.md"
2026-08-31T07:02:17.567278Z  INFO tailwindcss_oxide::scanner: Reading "C:\\Users\\pongo\\Documents\\Default Project\\.opencode\\skills\\chaos-engineer\\references\\chaos-tools.md"
2026-08-31T07:02:17.567289Z  INFO tailwindcss_oxide::scanner: Reading "C:\\Users\\pongo\\Documents\\Default Project\\.opencode\\skills\\spark-engineer\\references\\streaming-patterns.md"
2026-08-31T07:02:17.567294Z  INFO tailwindcss_oxide::scanner: Reading "C:\\Users\\pongo\\Documents\\Default Project\\.opencode\\skills\\react-native-expert\\references\\platform-handling.md"
2026-08-31T07:02:17.567311Z  INFO tailwindcss_oxide::scanner: Reading "C:\\Users\\pongo\\Documents\\Default Project\\.opencode\\skills\\angular-architect\\SKILL.md"
2026-08-31T07:02:17.567317Z  INFO tailwindcss_oxide::scanner: Reading "C:\\Users\\pongo\\Documents\\Default Project\\.opencode\\skills\\fine-tuning-expert\\SKILL.md"
2026-08-31T07:02:17.567343Z  INFO tailwindcss_oxide::scanner: Reading "C:\\Users\\pongo\\Documents\\Default Project\\.opencode\\skills\\react-native-expert\\references\\project-structure.md"
2026-08-31T07:02:17.567345Z  INFO tailwindcss_oxide::scanner: Reading "C:\\Users\\pongo\\Documents\\Default Project\\.opencode\\skills\\chaos-engineer\\references\\experiment-design.md"
2026-08-31T07:02:17.567348Z  INFO tailwindcss_oxide::scanner: Reading "C:\\Users\\pongo\\Documents\\Default Project\\.opencode\\skills\\spark-engineer\\SKILL.md"
2026-08-31T07:02:17.567354Z  INFO tailwindcss_oxide::scanner: Reading "C:\\Users\\pongo\\Documents\\Default Project\\.opencode\\skills\\api-designer\\references\\error-handling.md"
2026-08-31T07:02:17.567355Z  INFO tailwindcss_oxide::scanner: Reading "C:\\Users\\pongo\\Documents\\Default Project\\.opencode\\skills\\flutter-expert\\references\\bloc-state.md"
2026-08-31T07:02:17.567383Z  INFO tailwindcss_oxide::scanner: Reading "C:\\Users\\pongo\\Documents\\Default Project\\.opencode\\skills\\chaos-engineer\\references\\game-days.md"
2026-08-31T07:02:17.567383Z  INFO tailwindcss_oxide::scanner: Reading "C:\\Users\\pongo\\Documents\\Default Project\\.opencode\\skills\\react-native-expert\\references\\storage-hooks.md"
2026-08-31T07:02:17.567393Z  INFO tailwindcss_oxide::scanner: Reading "C:\\Users\\pongo\\Documents\\Default Project\\.opencode\\skills\\spec-miner\\references\\analysis-checklist.md"
2026-08-31T07:02:17.567399Z  INFO tailwindcss_oxide::scanner: Reading "C:\\Users\\pongo\\Documents\\Default Project\\.opencode\\skills\\devops-engineer\\references\\incident-response.md"
2026-08-31T07:02:17.567416Z  INFO tailwindcss_oxide::scanner: Reading "C:\\Users\\pongo\\Documents\\Default Project\\.opencode\\skills\\api-designer\\references\\openapi.md"
2026-08-31T07:02:17.567430Z  INFO tailwindcss_oxide::scanner: Reading "C:\\Users\\pongo\\Documents\\Default Project\\.opencode\\skills\\spec-miner\\references\\analysis-process.md"
2026-08-31T07:02:17.567432Z  INFO tailwindcss_oxide::scanner: Reading "C:\\Users\\pongo\\Documents\\Default Project\\.opencode\\skills\\react-native-expert\\SKILL.md"
2026-08-31T07:02:17.567440Z  INFO tailwindcss_oxide::scanner: Reading "C:\\Users\\pongo\\Documents\\Default Project\\.opencode\\skills\\devops-engineer\\references\\kubernetes.md"
2026-08-31T07:02:17.567447Z  INFO tailwindcss_oxide::scanner: Reading "C:\\Users\\pongo\\Documents\\Default Project\\.opencode\\skills\\wordpress-pro\\references\\performance-security.md"
2026-08-31T07:02:17.567470Z  INFO tailwindcss_oxide::scanner: Reading "C:\\Users\\pongo\\Documents\\Default Project\\.opencode\\skills\\spec-miner\\references\\ears-format.md"
2026-08-31T07:02:17.567472Z  INFO tailwindcss_oxide::scanner: Reading "C:\\Users\\pongo\\Documents\\Default Project\\.opencode\\skills\\api-designer\\references\\pagination.md"
2026-08-31T07:02:17.567479Z  INFO tailwindcss_oxide::scanner: Reading "C:\\Users\\pongo\\Documents\\Default Project\\.opencode\\skills\\rust-engineer\\references\\async.md"
2026-08-31T07:02:17.567480Z  INFO tailwindcss_oxide::scanner: Reading "C:\\Users\\pongo\\Documents\\Default Project\\.opencode\\skills\\terraform-engineer\\references\\module-patterns.md"
2026-08-31T07:02:17.567502Z  INFO tailwindcss_oxide::scanner: Reading "C:\\Users\\pongo\\Documents\\Default Project\\.opencode\\skills\\spec-miner\\references\\specification-template.md"
2026-08-31T07:02:17.567519Z  INFO tailwindcss_oxide::scanner: Reading "C:\\Users\\pongo\\Documents\\Default Project\\.opencode\\skills\\api-designer\\references\\rest-patterns.md"
2026-08-31T07:02:17.567541Z  INFO tailwindcss_oxide::scanner: Reading "C:\\Users\\pongo\\Documents\\Default Project\\.opencode\\skills\\spec-miner\\SKILL.md"
2026-08-31T07:02:17.567541Z  INFO tailwindcss_oxide::scanner: Reading "C:\\Users\\pongo\\Documents\\Default Project\\.opencode\\skills\\terraform-engineer\\references\\providers.md"
2026-08-31T07:02:17.567546Z  INFO tailwindcss_oxide::scanner: Reading "C:\\Users\\pongo\\Documents\\Default Project\\.opencode\\skills\\rust-engineer\\references\\error-handling.md"
2026-08-31T07:02:17.567564Z  INFO tailwindcss_oxide::scanner: Reading "C:\\Users\\pongo\\Documents\\Default Project\\.opencode\\skills\\api-designer\\references\\versioning.md"
2026-08-31T07:02:17.567568Z  INFO tailwindcss_oxide::scanner: Reading "C:\\Users\\pongo\\Documents\\Default Project\\.opencode\\skills\\wordpress-pro\\references\\plugin-architecture.md"
2026-08-31T07:02:17.567581Z  INFO tailwindcss_oxide::scanner: Reading "C:\\Users\\pongo\\Documents\\Default Project\\.opencode\\skills\\spring-boot-engineer\\references\\cloud.md"
2026-08-31T07:02:17.567598Z  INFO tailwindcss_oxide::scanner: Reading "C:\\Users\\pongo\\Documents\\Default Project\\.opencode\\skills\\rust-engineer\\references\\ownership.md"
2026-08-31T07:02:17.567601Z  INFO tailwindcss_oxide::scanner: Reading "C:\\Users\\pongo\\Documents\\Default Project\\.opencode\\skills\\terraform-engineer\\references\\state-management.md"
2026-08-31T07:02:17.567609Z  INFO tailwindcss_oxide::scanner: Reading "C:\\Users\\pongo\\Documents\\Default Project\\.opencode\\skills\\api-designer\\SKILL.md"
2026-08-31T07:02:17.567637Z  INFO tailwindcss_oxide::scanner: Reading "C:\\Users\\pongo\\Documents\\Default Project\\.opencode\\skills\\spring-boot-engineer\\references\\data.md"
2026-08-31T07:02:17.567646Z  INFO tailwindcss_oxide::scanner: Reading "C:\\Users\\pongo\\Documents\\Default Project\\.opencode\\skills\\rust-engineer\\references\\testing.md"
2026-08-31T07:02:17.567651Z  INFO tailwindcss_oxide::scanner: Reading "C:\\Users\\pongo\\Documents\\Default Project\\.opencode\\skills\\architecture-designer\\references\\adr-template.md"
2026-08-31T07:02:17.567653Z  INFO tailwindcss_oxide::scanner: Reading "C:\\Users\\pongo\\Documents\\Default Project\\.opencode\\skills\\terraform-engineer\\references\\testing.md"
2026-08-31T07:02:17.567684Z  INFO tailwindcss_oxide::scanner: Reading "C:\\Users\\pongo\\Documents\\Default Project\\.opencode\\skills\\architecture-designer\\references\\architecture-patterns.md"
2026-08-31T07:02:17.567696Z  INFO tailwindcss_oxide::scanner: Reading "C:\\Users\\pongo\\Documents\\Default Project\\.opencode\\skills\\wordpress-pro\\references\\theme-development.md"
2026-08-31T07:02:17.567702Z  INFO tailwindcss_oxide::scanner: Reading "C:\\Users\\pongo\\Documents\\Default Project\\.opencode\\skills\\spring-boot-engineer\\references\\security.md"
2026-08-31T07:02:17.567705Z  INFO tailwindcss_oxide::scanner: Reading "C:\\Users\\pongo\\Documents\\Default Project\\.opencode\\skills\\terraform-engineer\\SKILL.md"
2026-08-31T07:02:17.567707Z  INFO tailwindcss_oxide::scanner: Reading "C:\\Users\\pongo\\Documents\\Default Project\\.opencode\\skills\\rust-engineer\\references\\traits.md"
2026-08-31T07:02:17.567733Z  INFO tailwindcss_oxide::scanner: Reading "C:\\Users\\pongo\\Documents\\Default Project\\.opencode\\skills\\pandas-pro\\references\\merging-joining.md"
2026-08-31T07:02:17.567748Z  INFO tailwindcss_oxide::scanner: Reading "C:\\Users\\pongo\\Documents\\Default Project\\.opencode\\skills\\test-master\\references\\automation-frameworks.md"
2026-08-31T07:02:17.567762Z  INFO tailwindcss_oxide::scanner: Reading "C:\\Users\\pongo\\Documents\\Default Project\\.opencode\\skills\\rust-engineer\\SKILL.md"
2026-08-31T07:02:17.567783Z  INFO tailwindcss_oxide::scanner: Reading "C:\\Users\\pongo\\Documents\\Default Project\\.opencode\\skills\\spring-boot-engineer\\references\\testing.md"
2026-08-31T07:02:17.567794Z  INFO tailwindcss_oxide::scanner: Reading "C:\\Users\\pongo\\Documents\\Default Project\\.opencode\\skills\\wordpress-pro\\SKILL.md"
2026-08-31T07:02:17.567795Z  INFO tailwindcss_oxide::scanner: Reading "C:\\Users\\pongo\\Documents\\Default Project\\.opencode\\skills\\pandas-pro\\references\\performance-optimization.md"
2026-08-31T07:02:17.567799Z  INFO tailwindcss_oxide::scanner: Reading "C:\\Users\\pongo\\Documents\\Default Project\\.opencode\\skills\\test-master\\references\\e2e-testing.md"
2026-08-31T07:02:17.567815Z  INFO tailwindcss_oxide::scanner: Reading "C:\\Users\\pongo\\Documents\\Default Project\\.opencode\\skills\\salesforce-developer\\references\\apex-development.md"
2026-08-31T07:02:17.567837Z  INFO tailwindcss_oxide::scanner: Reading "C:\\Users\\pongo\\Documents\\Default Project\\AGENTS.md"
2026-08-31T07:02:17.567841Z  INFO tailwindcss_oxide::scanner: Reading "C:\\Users\\pongo\\Documents\\Default Project\\.opencode\\skills\\test-master\\references\\integration-testing.md"
2026-08-31T07:02:17.567852Z  INFO tailwindcss_oxide::scanner: Reading "C:\\Users\\pongo\\Documents\\Default Project\\.opencode\\skills\\spring-boot-engineer\\references\\web.md"
2026-08-31T07:02:17.567861Z  INFO tailwindcss_oxide::scanner: Reading "C:\\Users\\pongo\\Documents\\Default Project\\.opencode\\skills\\pandas-pro\\SKILL.md"
2026-08-31T07:02:17.567869Z  INFO tailwindcss_oxide::scanner: Reading "C:\\Users\\pongo\\Documents\\Default Project\\app\\api\\ai\\autorespond\\route.js"
2026-08-31T07:02:17.567878Z  INFO tailwindcss_oxide::scanner: Reading "C:\\Users\\pongo\\Documents\\Default Project\\.opencode\\skills\\test-master\\references\\performance-testing.md"
2026-08-31T07:02:17.567897Z  INFO tailwindcss_oxide::scanner: Reading "C:\\Users\\pongo\\Documents\\Default Project\\.opencode\\skills\\php-pro\\references\\async-patterns.md"
2026-08-31T07:02:17.567901Z  INFO tailwindcss_oxide::scanner: Reading "C:\\Users\\pongo\\Documents\\Default Project\\app\\api\\ai\\suggest\\route.js"
2026-08-31T07:02:17.567904Z  INFO tailwindcss_oxide::scanner: Reading "C:\\Users\\pongo\\Documents\\Default Project\\.opencode\\skills\\spring-boot-engineer\\SKILL.md"
2026-08-31T07:02:17.567919Z  INFO tailwindcss_oxide::scanner: Reading "C:\\Users\\pongo\\Documents\\Default Project\\.opencode\\skills\\test-master\\references\\qa-methodology.md"
2026-08-31T07:02:17.567926Z  INFO tailwindcss_oxide::scanner: Reading "C:\\Users\\pongo\\Documents\\Default Project\\.opencode\\skills\\salesforce-developer\\references\\deployment-devops.md"
2026-08-31T07:02:17.567932Z  INFO tailwindcss_oxide::scanner: Reading "C:\\Users\\pongo\\Documents\\Default Project\\app\\api\\cron\\influencer\\route.js"
2026-08-31T07:02:17.567958Z  INFO tailwindcss_oxide::scanner: Reading "C:\\Users\\pongo\\Documents\\Default Project\\.opencode\\skills\\sql-pro\\references\\database-design.md"
2026-08-31T07:02:17.567960Z  INFO tailwindcss_oxide::scanner: Reading "C:\\Users\\pongo\\Documents\\Default Project\\.opencode\\skills\\php-pro\\references\\laravel-patterns.md"
2026-08-31T07:02:17.567963Z  INFO tailwindcss_oxide::scanner: Reading "C:\\Users\\pongo\\Documents\\Default Project\\app\\api\\influencer\\character\\route.js"
2026-08-31T07:02:17.567968Z  INFO tailwindcss_oxide::scanner: Reading "C:\\Users\\pongo\\Documents\\Default Project\\.opencode\\skills\\test-master\\references\\security-testing.md"
2026-08-31T07:02:17.567997Z  INFO tailwindcss_oxide::scanner: Reading "C:\\Users\\pongo\\Documents\\Default Project\\app\\api\\influencer\\generate\\route.js"
2026-08-31T07:02:17.567999Z  INFO tailwindcss_oxide::scanner: Reading "C:\\Users\\pongo\\Documents\\Default Project\\.opencode\\skills\\sql-pro\\references\\dialect-differences.md"
2026-08-31T07:02:17.568005Z  INFO tailwindcss_oxide::scanner: Reading "C:\\Users\\pongo\\Documents\\Default Project\\.opencode\\skills\\salesforce-developer\\references\\integration-patterns.md"
2026-08-31T07:02:17.568008Z  INFO tailwindcss_oxide::scanner: Reading "C:\\Users\\pongo\\Documents\\Default Project\\.opencode\\skills\\test-master\\references\\tdd-iron-laws.md"
2026-08-31T07:02:17.568029Z  INFO tailwindcss_oxide::scanner: Reading "C:\\Users\\pongo\\Documents\\Default Project\\.opencode\\skills\\php-pro\\references\\modern-php-features.md"
2026-08-31T07:02:17.568033Z  INFO tailwindcss_oxide::scanner: Reading "C:\\Users\\pongo\\Documents\\Default Project\\app\\barista\\[id]\\page.jsx"
2026-08-31T07:02:17.568045Z  INFO tailwindcss_oxide::scanner: Reading "C:\\Users\\pongo\\Documents\\Default Project\\.opencode\\skills\\test-master\\references\\test-reports.md"
2026-08-31T07:02:17.568050Z  INFO tailwindcss_oxide::scanner: Reading "C:\\Users\\pongo\\Documents\\Default Project\\.opencode\\skills\\sql-pro\\references\\optimization.md"
2026-08-31T07:02:17.568066Z  INFO tailwindcss_oxide::scanner: Reading "C:\\Users\\pongo\\Documents\\Default Project\\app\\dashboard\\barista\\applications\\page.jsx"
2026-08-31T07:02:17.568082Z  INFO tailwindcss_oxide::scanner: Reading "C:\\Users\\pongo\\Documents\\Default Project\\.opencode\\skills\\test-master\\references\\testing-anti-patterns.md"
2026-08-31T07:02:17.568083Z  INFO tailwindcss_oxide::scanner: Reading "C:\\Users\\pongo\\Documents\\Default Project\\.opencode\\skills\\php-pro\\references\\symfony-patterns.md"
2026-08-31T07:02:17.568088Z  INFO tailwindcss_oxide::scanner: Reading "C:\\Users\\pongo\\Documents\\Default Project\\.opencode\\skills\\sql-pro\\references\\query-patterns.md"
2026-08-31T07:02:17.568097Z  INFO tailwindcss_oxide::scanner: Reading "C:\\Users\\pongo\\Documents\\Default Project\\app\\dashboard\\barista\\layout.jsx"
2026-08-31T07:02:17.568124Z  INFO tailwindcss_oxide::scanner: Reading "C:\\Users\\pongo\\Documents\\Default Project\\.opencode\\skills\\test-master\\references\\unit-testing.md"
2026-08-31T07:02:17.568128Z  INFO tailwindcss_oxide::scanner: Reading "C:\\Users\\pongo\\Documents\\Default Project\\.opencode\\skills\\sql-pro\\references\\window-functions.md"
2026-08-31T07:02:17.568130Z  INFO tailwindcss_oxide::scanner: Reading "C:\\Users\\pongo\\Documents\\Default Project\\.opencode\\skills\\salesforce-developer\\references\\lightning-web-components.md"
2026-08-31T07:02:17.568139Z  INFO tailwindcss_oxide::scanner: Reading "C:\\Users\\pongo\\Documents\\Default Project\\.opencode\\skills\\php-pro\\references\\testing-quality.md"
2026-08-31T07:02:17.568162Z  INFO tailwindcss_oxide::scanner: Reading "C:\\Users\\pongo\\Documents\\Default Project\\.opencode\\skills\\test-master\\SKILL.md"
2026-08-31T07:02:17.568171Z  INFO tailwindcss_oxide::scanner: Reading "C:\\Users\\pongo\\Documents\\Default Project\\.opencode\\skills\\sql-pro\\SKILL.md"
2026-08-31T07:02:17.568173Z  INFO tailwindcss_oxide::scanner: Reading "C:\\Users\\pongo\\Documents\\Default Project\\.opencode\\skills\\devops-engineer\\references\\terraform-iac.md"
2026-08-31T07:02:17.566424Z  INFO tailwindcss_oxide::scanner: Reading "C:\\Users\\pongo\\Documents\\Default Project\\.opencode\\skills\\fine-tuning-expert\\references\\evaluation-metrics.md"
2026-08-31T07:02:17.568215Z  INFO tailwindcss_oxide::scanner: Reading "C:\\Users\\pongo\\Documents\\Default Project\\.opencode\\skills\\the-fool\\references\\dialectic-synthesis.md"
2026-08-31T07:02:17.568224Z  INFO tailwindcss_oxide::scanner: Reading "C:\\Users\\pongo\\Documents\\Default Project\\.opencode\\skills\\sre-engineer\\references\\automation-toil.md"
2026-08-31T07:02:17.568225Z  INFO tailwindcss_oxide::scanner: Reading "C:\\Users\\pongo\\Documents\\Default Project\\.opencode\\skills\\php-pro\\SKILL.md"
2026-08-31T07:02:17.568233Z  INFO tailwindcss_oxide::scanner: Reading "C:\\Users\\pongo\\Documents\\Default Project\\.opencode\\skills\\nestjs-expert\\references\\controllers-routing.md"
2026-08-31T07:02:17.568270Z  INFO tailwindcss_oxide::scanner: Reading "C:\\Users\\pongo\\Documents\\Default Project\\.opencode\\skills\\playwright-expert\\references\\api-mocking.md"
2026-08-31T07:02:17.566425Z  INFO tailwindcss_oxide::scanner: Reading "C:\\Users\\pongo\\Documents\\Default Project\\.opencode\\skills\\fastapi-expert\\references\\endpoints-routing.md"
2026-08-31T07:02:17.568277Z  INFO tailwindcss_oxide::scanner: Reading "C:\\Users\\pongo\\Documents\\Default Project\\.opencode\\skills\\devops-engineer\\SKILL.md"
2026-08-31T07:02:17.568279Z  INFO tailwindcss_oxide::scanner: Reading "C:\\Users\\pongo\\Documents\\Default Project\\.opencode\\skills\\nestjs-expert\\references\\dtos-validation.md"
2026-08-31T07:02:17.568294Z  INFO tailwindcss_oxide::scanner: Reading "C:\\Users\\pongo\\Documents\\Default Project\\.opencode\\skills\\nestjs-expert\\references\\migration-from-express.md"
2026-08-31T07:02:17.568314Z  INFO tailwindcss_oxide::scanner: Reading "C:\\Users\\pongo\\Documents\\Default Project\\.opencode\\skills\\playwright-expert\\references\\configuration.md"
2026-08-31T07:02:17.568320Z  INFO tailwindcss_oxide::scanner: Reading "C:\\Users\\pongo\\Documents\\Default Project\\.opencode\\skills\\nextjs-developer\\references\\deployment.md"
2026-08-31T07:02:17.568331Z  INFO tailwindcss_oxide::scanner: Reading "C:\\Users\\pongo\\Documents\\Default Project\\.opencode\\skills\\nestjs-expert\\SKILL.md"
2026-08-31T07:02:17.568328Z  INFO tailwindcss_oxide::scanner: Reading "C:\\Users\\pongo\\Documents\\Default Project\\.opencode\\skills\\typescript-pro\\references\\patterns.md"
2026-08-31T07:02:17.568366Z  INFO tailwindcss_oxide::scanner: Reading "C:\\Users\\pongo\\Documents\\Default Project\\.opencode\\skills\\playwright-expert\\references\\debugging-flaky.md"
2026-08-31T07:02:17.568374Z  INFO tailwindcss_oxide::scanner: Reading "C:\\Users\\pongo\\Documents\\Default Project\\.opencode\\skills\\nextjs-developer\\references\\server-actions.md"
2026-08-31T07:02:17.568378Z  INFO tailwindcss_oxide::scanner: Reading "C:\\Users\\pongo\\Documents\\Default Project\\.opencode\\skills\\nextjs-developer\\references\\app-router.md"
2026-08-31T07:02:17.566297Z  INFO tailwindcss_oxide::scanner: Reading "C:\\Users\\pongo\\Documents\\Default Project\\.opencode\\skills\\code-reviewer\\references\\common-issues.md"
2026-08-31T07:02:17.568404Z  INFO tailwindcss_oxide::scanner: Reading "C:\\Users\\pongo\\Documents\\Default Project\\.opencode\\skills\\typescript-pro\\references\\type-guards.md"
2026-08-31T07:02:17.568413Z  INFO tailwindcss_oxide::scanner: Reading "C:\\Users\\pongo\\Documents\\Default Project\\.opencode\\skills\\swift-expert\\references\\async-concurrency.md"
2026-08-31T07:02:17.568422Z  INFO tailwindcss_oxide::scanner: Reading "C:\\Users\\pongo\\Documents\\Default Project\\.opencode\\skills\\salesforce-developer\\references\\soql-sosl.md"
2026-08-31T07:02:17.568425Z  INFO tailwindcss_oxide::scanner: Reading "C:\\Users\\pongo\\Documents\\Default Project\\.opencode\\skills\\nestjs-expert\\references\\services-di.md"
2026-08-31T07:02:17.565981Z  INFO tailwindcss_oxide::scanner: Reading "C:\\Users\\pongo\\Documents\\Default Project\\.opencode\\skills\\flutter-expert\\references\\performance.md"
2026-08-31T07:02:17.568454Z  INFO tailwindcss_oxide::scanner: Reading "C:\\Users\\pongo\\Documents\\Default Project\\.opencode\\skills\\playwright-expert\\references\\page-object-model.md"
2026-08-31T07:02:17.568458Z  INFO tailwindcss_oxide::scanner: Reading "C:\\Users\\pongo\\Documents\\Default Project\\.opencode\\skills\\typescript-pro\\references\\utility-types.md"
2026-08-31T07:02:17.568470Z  INFO tailwindcss_oxide::scanner: Reading "C:\\Users\\pongo\\Documents\\Default Project\\.opencode\\skills\\sre-engineer\\references\\error-budget-policy.md"
2026-08-31T07:02:17.568474Z  INFO tailwindcss_oxide::scanner: Reading "C:\\Users\\pongo\\Documents\\Default Project\\.opencode\\skills\\swift-expert\\references\\memory-performance.md"
2026-08-31T07:02:17.568485Z  INFO tailwindcss_oxide::scanner: Reading "C:\\Users\\pongo\\Documents\\Default Project\\.opencode\\skills\\the-fool\\references\\mode-selection-guide.md"
2026-08-31T07:02:17.568500Z  INFO tailwindcss_oxide::scanner: Reading "C:\\Users\\pongo\\Documents\\Default Project\\.opencode\\skills\\playwright-expert\\references\\selectors-locators.md"
2026-08-31T07:02:17.568509Z  INFO tailwindcss_oxide::scanner: Reading "C:\\Users\\pongo\\Documents\\Default Project\\.opencode\\skills\\salesforce-developer\\SKILL.md"
2026-08-31T07:02:17.568511Z  INFO tailwindcss_oxide::scanner: Reading "C:\\Users\\pongo\\Documents\\Default Project\\.opencode\\skills\\typescript-pro\\SKILL.md"
2026-08-31T07:02:17.568527Z  INFO tailwindcss_oxide::scanner: Reading "C:\\Users\\pongo\\Documents\\Default Project\\.opencode\\skills\\the-fool\\references\\pre-mortem-analysis.md"
2026-08-31T07:02:17.568528Z  INFO tailwindcss_oxide::scanner: Reading "C:\\Users\\pongo\\Documents\\Default Project\\.opencode\\skills\\sre-engineer\\references\\incident-chaos.md"
2026-08-31T07:02:17.566431Z  INFO tailwindcss_oxide::scanner: Reading "C:\\Users\\pongo\\Documents\\Default Project\\.opencode\\skills\\cli-developer\\SKILL.md"
2026-08-31T07:02:17.568541Z  INFO tailwindcss_oxide::scanner: Reading "C:\\Users\\pongo\\Documents\\Default Project\\.opencode\\skills\\playwright-expert\\SKILL.md"
2026-08-31T07:02:17.568429Z  INFO tailwindcss_oxide::scanner: Reading "C:\\Users\\pongo\\Documents\\Default Project\\.opencode\\skills\\nextjs-developer\\references\\data-fetching.md"
2026-08-31T07:02:17.568434Z  INFO tailwindcss_oxide::scanner: Reading "C:\\Users\\pongo\\Documents\\Default Project\\.opencode\\skills\\nextjs-developer\\references\\server-components.md"
2026-08-31T07:02:17.568576Z  INFO tailwindcss_oxide::scanner: Reading "C:\\Users\\pongo\\Documents\\Default Project\\.opencode\\skills\\cloud-architect\\references\\aws.md"
2026-08-31T07:02:17.568436Z  INFO tailwindcss_oxide::scanner: Reading "C:\\Users\\pongo\\Documents\\Default Project\\.opencode\\skills\\code-reviewer\\references\\feedback-examples.md"
2026-08-31T07:02:17.568129Z  INFO tailwindcss_oxide::scanner: Reading "C:\\Users\\pongo\\Documents\\Default Project\\app\\dashboard\\barista\\page.jsx"
2026-08-31T07:02:17.568587Z  INFO tailwindcss_oxide::scanner: Reading "C:\\Users\\pongo\\Documents\\Default Project\\.opencode\\skills\\postgres-pro\\references\\extensions.md"
2026-08-31T07:02:17.566420Z  INFO tailwindcss_oxide::scanner: Reading "C:\\Users\\pongo\\Documents\\Default Project\\.opencode\\skills\\devops-engineer\\references\\github-actions.md"
2026-08-31T07:02:17.566429Z  INFO tailwindcss_oxide::scanner: Reading "C:\\Users\\pongo\\Documents\\Default Project\\.opencode\\skills\\chaos-engineer\\references\\kubernetes-chaos.md"
2026-08-31T07:02:17.566609Z  INFO tailwindcss_oxide::scanner: Reading "C:\\Users\\pongo\\Documents\\Default Project\\.opencode\\skills\\atlassian-mcp\\references\\common-workflows.md"
2026-08-31T07:02:17.568622Z  INFO tailwindcss_oxide::scanner: Reading "C:\\Users\\pongo\\Documents\\Default Project\\.opencode\\skills\\the-fool\\references\\socratic-questioning.md"
2026-08-31T07:02:17.568538Z  INFO tailwindcss_oxide::scanner: Reading "C:\\Users\\pongo\\Documents\\Default Project\\.opencode\\skills\\nestjs-expert\\references\\testing-patterns.md"
2026-08-31T07:02:17.568527Z  INFO tailwindcss_oxide::scanner: Reading "C:\\Users\\pongo\\Documents\\Default Project\\.opencode\\skills\\swift-expert\\references\\protocol-oriented.md"
2026-08-31T07:02:17.568619Z  INFO tailwindcss_oxide::scanner: Reading "C:\\Users\\pongo\\Documents\\Default Project\\app\\dashboard\\barista\\profile\\page.jsx"
2026-08-31T07:02:17.568571Z  INFO tailwindcss_oxide::scanner: Reading "C:\\Users\\pongo\\Documents\\Default Project\\.opencode\\skills\\the-fool\\references\\red-team-adversarial.md"
2026-08-31T07:02:17.568653Z  INFO tailwindcss_oxide::scanner: Reading "C:\\Users\\pongo\\Documents\\Default Project\\.opencode\\skills\\postgres-pro\\references\\jsonb.md"
2026-08-31T07:02:17.568615Z  INFO tailwindcss_oxide::scanner: Reading "C:\\Users\\pongo\\Documents\\Default Project\\.opencode\\skills\\cloud-architect\\references\\azure.md"
2026-08-31T07:02:17.568672Z  INFO tailwindcss_oxide::scanner: Reading "C:\\Users\\pongo\\Documents\\Default Project\\app\\dashboard\\influencer\\page.jsx"
2026-08-31T07:02:17.568675Z  INFO tailwindcss_oxide::scanner: Reading "C:\\Users\\pongo\\Documents\\Default Project\\.opencode\\skills\\prompt-engineer\\references\\structured-outputs.md"
2026-08-31T07:02:17.568564Z  INFO tailwindcss_oxide::scanner: Reading "C:\\Users\\pongo\\Documents\\Default Project\\.opencode\\skills\\vue-expert\\references\\build-tooling.md"
2026-08-31T07:02:17.568627Z  INFO tailwindcss_oxide::scanner: Reading "C:\\Users\\pongo\\Documents\\Default Project\\.opencode\\skills\\code-reviewer\\references\\receiving-feedback.md"
2026-08-31T07:02:17.568715Z  INFO tailwindcss_oxide::scanner: Reading "C:\\Users\\pongo\\Documents\\Default Project\\.opencode\\skills\\the-fool\\SKILL.md"
2026-08-31T07:02:17.568569Z  INFO tailwindcss_oxide::scanner: Reading "C:\\Users\\pongo\\Documents\\Default Project\\.opencode\\skills\\secure-code-guardian\\references\\authentication.md"
2026-08-31T07:02:17.568254Z  INFO tailwindcss_oxide::scanner: Reading "C:\\Users\\pongo\\Documents\\Default Project\\.opencode\\skills\\the-fool\\references\\evidence-audit.md"
2026-08-31T07:02:17.568702Z  INFO tailwindcss_oxide::scanner: Reading "C:\\Users\\pongo\\Documents\\Default Project\\.opencode\\skills\\postgres-pro\\references\\maintenance.md"
2026-08-31T07:02:17.568761Z  INFO tailwindcss_oxide::scanner: Reading "C:\\Users\\pongo\\Documents\\Default Project\\.opencode\\skills\\typescript-pro\\references\\advanced-types.md"
2026-08-31T07:02:17.568708Z  INFO tailwindcss_oxide::scanner: Reading "C:\\Users\\pongo\\Documents\\Default Project\\app\\dashboard\\owner\\jobs\\new\\page.jsx"
2026-08-31T07:02:17.568788Z  INFO tailwindcss_oxide::scanner: Reading "C:\\Users\\pongo\\Documents\\Default Project\\.opencode\\skills\\shrinkage\\agents\\shrink-auditor.md"
2026-08-31T07:02:17.568787Z  INFO tailwindcss_oxide::scanner: Reading "C:\\Users\\pongo\\Documents\\Default Project\\.opencode\\skills\\nextjs-developer\\SKILL.md"
2026-08-31T07:02:17.568793Z  INFO tailwindcss_oxide::scanner: Reading "C:\\Users\\pongo\\Documents\\Default Project\\.opencode\\skills\\sre-engineer\\references\\monitoring-alerting.md"
2026-08-31T07:02:17.568817Z  INFO tailwindcss_oxide::scanner: Reading "C:\\Users\\pongo\\Documents\\Default Project\\.opencode\\skills\\prompt-engineer\\references\\system-prompts.md"
2026-08-31T07:02:17.568818Z  INFO tailwindcss_oxide::scanner: Reading "C:\\Users\\pongo\\Documents\\Default Project\\.opencode\\skills\\vue-expert\\references\\components.md"
2026-08-31T07:02:17.568766Z  INFO tailwindcss_oxide::scanner: Reading "C:\\Users\\pongo\\Documents\\Default Project\\.opencode\\skills\\swift-expert\\references\\swiftui-patterns.md"
2026-08-31T07:02:17.568837Z  INFO tailwindcss_oxide::scanner: Reading "C:\\Users\\pongo\\Documents\\Default Project\\.opencode\\skills\\shrinkage\\agents\\shrink-surgeon.md"
2026-08-31T07:02:17.568856Z  INFO tailwindcss_oxide::scanner: Reading "C:\\Users\\pongo\\Documents\\Default Project\\app\\dashboard\\owner\\jobs\\[id]\\applicants\\page.jsx"
2026-08-31T07:02:17.568879Z  INFO tailwindcss_oxide::scanner: Reading "C:\\Users\\pongo\\Documents\\Default Project\\.opencode\\skills\\sre-engineer\\references\\slo-sli-management.md"
2026-08-31T07:02:17.568889Z  INFO tailwindcss_oxide::scanner: Reading "C:\\Users\\pongo\\Documents\\Default Project\\.opencode\\skills\\prompt-engineer\\SKILL.md"
2026-08-31T07:02:17.568891Z  INFO tailwindcss_oxide::scanner: Reading "C:\\Users\\pongo\\Documents\\Default Project\\.opencode\\skills\\shrinkage\\agents\\shrink-verifier.md"
2026-08-31T07:02:17.568900Z  INFO tailwindcss_oxide::scanner: Reading "C:\\Users\\pongo\\Documents\\Default Project\\.opencode\\skills\\swift-expert\\references\\testing-patterns.md"
2026-08-31T07:02:17.568905Z  INFO tailwindcss_oxide::scanner: Reading "C:\\Users\\pongo\\Documents\\Default Project\\.opencode\\skills\\vue-expert\\references\\composition-api.md"
2026-08-31T07:02:17.568909Z  INFO tailwindcss_oxide::scanner: Reading "C:\\Users\\pongo\\Documents\\Default Project\\app\\dashboard\\owner\\jobs\\[id]\\edit\\page.jsx"
2026-08-31T07:02:17.568929Z  INFO tailwindcss_oxide::scanner: Reading "C:\\Users\\pongo\\Documents\\Default Project\\.opencode\\skills\\sre-engineer\\SKILL.md"
2026-08-31T07:02:17.568710Z  INFO tailwindcss_oxide::scanner: Reading "C:\\Users\\pongo\\Documents\\Default Project\\.opencode\\skills\\vue-expert-js\\references\\composables-patterns.md"
2026-08-31T07:02:17.568771Z  INFO tailwindcss_oxide::scanner: Reading "C:\\Users\\pongo\\Documents\\Default Project\\.opencode\\skills\\secure-code-guardian\\references\\input-validation.md"
2026-08-31T07:02:17.568793Z  INFO tailwindcss_oxide::scanner: Reading "C:\\Users\\pongo\\Documents\\Default Project\\.opencode\\skills\\cloud-architect\\references\\gcp.md"
2026-08-31T07:02:17.568812Z  INFO tailwindcss_oxide::scanner: Reading "C:\\Users\\pongo\\Documents\\Default Project\\lib\\influencer\\trending.js"
2026-08-31T07:02:17.568815Z  INFO tailwindcss_oxide::scanner: Reading "C:\\Users\\pongo\\Documents\\Default Project\\.opencode\\skills\\code-reviewer\\references\\report-template.md"
2026-08-31T07:02:17.568916Z  INFO tailwindcss_oxide::scanner: Reading "C:\\Users\\pongo\\Documents\\Default Project\\.opencode\\skills\\pandas-pro\\references\\aggregation-groupby.md"
2026-08-31T07:02:17.568824Z  INFO tailwindcss_oxide::scanner: Reading "C:\\Users\\pongo\\Documents\\Default Project\\components\\layout\\Navbar.jsx"
2026-08-31T07:02:17.569024Z  INFO tailwindcss_oxide::scanner: Reading "C:\\Users\\pongo\\Documents\\Default Project\\.opencode\\skills\\vue-expert\\references\\state-management.md"
2026-08-31T07:02:17.568810Z  INFO tailwindcss_oxide::scanner: Reading "C:\\Users\\pongo\\Documents\\Default Project\\.opencode\\skills\\typescript-pro\\references\\configuration.md"
2026-08-31T07:02:17.569051Z  INFO tailwindcss_oxide::scanner: Reading "C:\\Users\\pongo\\Documents\\Default Project\\.opencode\\skills\\code-reviewer\\references\\review-checklist.md"
2026-08-31T07:02:17.569053Z  INFO tailwindcss_oxide::scanner: Reading "C:\\Users\\pongo\\Documents\\Default Project\\.opencode\\skills\\vue-expert-js\\references\\jsdoc-typing.md"
2026-08-31T07:02:17.569058Z  INFO tailwindcss_oxide::scanner: Reading "C:\\Users\\pongo\\Documents\\Default Project\\.opencode\\skills\\secure-code-guardian\\references\\owasp-prevention.md"
2026-08-31T07:02:17.569063Z  INFO tailwindcss_oxide::scanner: Reading "C:\\Users\\pongo\\Documents\\Default Project\\components\\owner\\ApplicantsBoard.jsx"
2026-08-31T07:02:17.569088Z  INFO tailwindcss_oxide::scanner: Reading "C:\\Users\\pongo\\Documents\\Default Project\\.opencode\\skills\\vue-expert\\references\\typescript.md"
2026-08-31T07:02:17.568945Z  INFO tailwindcss_oxide::scanner: Reading "C:\\Users\\pongo\\Documents\\Default Project\\.opencode\\skills\\python-pro\\references\\async-patterns.md"
2026-08-31T07:02:17.569101Z  INFO tailwindcss_oxide::scanner: Reading "C:\\Users\\pongo\\Documents\\Default Project\\components\\owner\\BusinessForm.jsx"
2026-08-31T07:02:17.569109Z  INFO tailwindcss_oxide::scanner: Reading "C:\\Users\\pongo\\Documents\\Default Project\\.opencode\\skills\\code-reviewer\\references\\spec-compliance-review.md"
2026-08-31T07:02:17.569116Z  INFO tailwindcss_oxide::scanner: Reading "C:\\Users\\pongo\\Documents\\Default Project\\.opencode\\skills\\pandas-pro\\references\\data-cleaning.md"
2026-08-31T07:02:17.569122Z  INFO tailwindcss_oxide::scanner: Reading "C:\\Users\\pongo\\Documents\\Default Project\\.opencode\\skills\\vue-expert-js\\references\\state-management.md"
2026-08-31T07:02:17.569119Z  INFO tailwindcss_oxide::scanner: Reading "C:\\Users\\pongo\\Documents\\Default Project\\.opencode\\skills\\prompt-engineer\\references\\context-management.md"
2026-08-31T07:02:17.569134Z  INFO tailwindcss_oxide::scanner: Reading "C:\\Users\\pongo\\Documents\\Default Project\\components\\search\\BaristaDirectory.jsx"
2026-08-31T07:02:17.569156Z  INFO tailwindcss_oxide::scanner: Reading "C:\\Users\\pongo\\Documents\\Default Project\\.opencode\\skills\\vue-expert\\SKILL.md"
2026-08-31T07:02:17.569159Z  INFO tailwindcss_oxide::scanner: Reading "C:\\Users\\pongo\\Documents\\Default Project\\.opencode\\skills\\python-pro\\references\\packaging.md"
2026-08-31T07:02:17.569164Z  INFO tailwindcss_oxide::scanner: Reading "C:\\Users\\pongo\\Documents\\Default Project\\lib\\influencer\\video.js"
2026-08-31T07:02:17.569175Z  INFO tailwindcss_oxide::scanner: Reading "C:\\Users\\pongo\\Documents\\Default Project\\components\\ui\\Avatar.jsx"
2026-08-31T07:02:17.569175Z  INFO tailwindcss_oxide::scanner: Reading "C:\\Users\\pongo\\Documents\\Default Project\\.opencode\\skills\\vue-expert-js\\references\\testing-patterns.md"
2026-08-31T07:02:17.569185Z  INFO tailwindcss_oxide::scanner: Reading "C:\\Users\\pongo\\Documents\\Default Project\\.opencode\\skills\\pandas-pro\\references\\dataframe-operations.md"
2026-08-31T07:02:17.569185Z  INFO tailwindcss_oxide::scanner: Reading "C:\\Users\\pongo\\Documents\\Default Project\\.opencode\\skills\\prompt-engineer\\references\\evaluation-frameworks.md"
2026-08-31T07:02:17.569189Z  INFO tailwindcss_oxide::scanner: Reading "C:\\Users\\pongo\\Documents\\Default Project\\.opencode\\skills\\code-reviewer\\SKILL.md"
2026-08-31T07:02:17.569193Z  INFO tailwindcss_oxide::scanner: Reading "C:\\Users\\pongo\\Documents\\Default Project\\.opencode\\skills\\vue-expert-js\\references\\component-architecture.md"
2026-08-31T07:02:17.569208Z  INFO tailwindcss_oxide::scanner: Reading "C:\\Users\\pongo\\Documents\\Default Project\\components\\ui\\Badge.jsx"
2026-08-31T07:02:17.569220Z  INFO tailwindcss_oxide::scanner: Reading "C:\\Users\\pongo\\Documents\\Default Project\\.opencode\\skills\\python-pro\\references\\standard-library.md"
2026-08-31T07:02:17.569232Z  INFO tailwindcss_oxide::scanner: Reading "C:\\Users\\pongo\\Documents\\Default Project\\.opencode\\skills\\vue-expert-js\\SKILL.md"
2026-08-31T07:02:17.569233Z  INFO tailwindcss_oxide::scanner: Reading "C:\\Users\\pongo\\Documents\\Default Project\\.opencode\\skills\\terraform-engineer\\references\\best-practices.md"
2026-08-31T07:02:17.569242Z  INFO tailwindcss_oxide::scanner: Reading "C:\\Users\\pongo\\Documents\\Default Project\\components\\ui\\Button.jsx"
2026-08-31T07:02:17.569249Z  INFO tailwindcss_oxide::scanner: Reading "C:\\Users\\pongo\\Documents\\Default Project\\.opencode\\skills\\cpp-pro\\references\\build-tooling.md"
2026-08-31T07:02:17.569254Z  INFO tailwindcss_oxide::scanner: Reading "C:\\Users\\pongo\\Documents\\Default Project\\.opencode\\skills\\rag-architect\\references\\vector-databases.md"
2026-08-31T07:02:17.569268Z  INFO tailwindcss_oxide::scanner: Reading "C:\\Users\\pongo\\Documents\\Default Project\\lib\\supabase\\client.js"
2026-08-31T07:02:17.569275Z  INFO tailwindcss_oxide::scanner: Reading "C:\\Users\\pongo\\Documents\\Default Project\\components\\ui\\EmptyState.jsx"
2026-08-31T07:02:17.569280Z  INFO tailwindcss_oxide::scanner: Reading "C:\\Users\\pongo\\Documents\\Default Project\\.opencode\\skills\\secure-code-guardian\\references\\security-headers.md"
2026-08-31T07:02:17.569285Z  INFO tailwindcss_oxide::scanner: Reading "C:\\Users\\pongo\\Documents\\Default Project\\.opencode\\skills\\websocket-engineer\\references\\alternatives.md"
2026-08-31T07:02:17.569302Z  INFO tailwindcss_oxide::scanner: Reading "C:\\Users\\pongo\\Documents\\Default Project\\.opencode\\skills\\python-pro\\references\\testing.md"
2026-08-31T07:02:17.569310Z  INFO tailwindcss_oxide::scanner: Reading "C:\\Users\\pongo\\Documents\\Default Project\\components\\ui\\Field.jsx"
2026-08-31T07:02:17.569317Z  INFO tailwindcss_oxide::scanner: Reading "C:\\Users\\pongo\\Documents\\Default Project\\.opencode\\skills\\prompt-engineer\\references\\prompt-optimization.md"
2026-08-31T07:02:17.569320Z  INFO tailwindcss_oxide::scanner: Reading "C:\\Users\\pongo\\Documents\\Default Project\\.opencode\\skills\\rag-architect\\SKILL.md"
2026-08-31T07:02:17.569325Z  INFO tailwindcss_oxide::scanner: Reading "C:\\Users\\pongo\\Documents\\Default Project\\.opencode\\skills\\secure-code-guardian\\references\\xss-csrf.md"
2026-08-31T07:02:17.569336Z  INFO tailwindcss_oxide::scanner: Reading "C:\\Users\\pongo\\Documents\\Default Project\\.opencode\\skills\\websocket-engineer\\references\\patterns.md"
2026-08-31T07:02:17.568806Z  INFO tailwindcss_oxide::scanner: Reading "C:\\Users\\pongo\\Documents\\Default Project\\.opencode\\skills\\postgres-pro\\references\\performance.md"
2026-08-31T07:02:17.569353Z  INFO tailwindcss_oxide::scanner: Reading "C:\\Users\\pongo\\Documents\\Default Project\\.opencode\\skills\\rag-architect\\references\\chunking-strategies.md"
2026-08-31T07:02:17.569354Z  INFO tailwindcss_oxide::scanner: Reading "C:\\Users\\pongo\\Documents\\Default Project\\lib\\supabase\\server.js"
2026-08-31T07:02:17.568956Z  INFO tailwindcss_oxide::scanner: Reading "C:\\Users\\pongo\\Documents\\Default Project\\.opencode\\skills\\shrinkage\\ARCHITECTURE.md"
2026-08-31T07:02:17.569372Z  INFO tailwindcss_oxide::scanner: Reading "C:\\Users\\pongo\\Documents\\Default Project\\.opencode\\skills\\cpp-pro\\references\\concurrency.md"
2026-08-31T07:02:17.569375Z  INFO tailwindcss_oxide::scanner: Reading "C:\\Users\\pongo\\Documents\\Default Project\\.opencode\\skills\\secure-code-guardian\\SKILL.md"
2026-08-31T07:02:17.569382Z  INFO tailwindcss_oxide::scanner: Reading "C:\\Users\\pongo\\Documents\\Default Project\\.opencode\\skills\\postgres-pro\\references\\replication.md"
2026-08-31T07:02:17.569396Z  INFO tailwindcss_oxide::scanner: Reading "C:\\Users\\pongo\\Documents\\Default Project\\.opencode\\skills\\websocket-engineer\\references\\protocol.md"
2026-08-31T07:02:17.568965Z  INFO tailwindcss_oxide::scanner: Reading "C:\\Users\\pongo\\Documents\\Default Project\\.opencode\\skills\\swift-expert\\SKILL.md"
2026-08-31T07:02:17.569415Z  INFO tailwindcss_oxide::scanner: Reading "C:\\Users\\pongo\\Documents\\Default Project\\.opencode\\skills\\shrinkage\\evals\\evals.json"
2026-08-31T07:02:17.569419Z  INFO tailwindcss_oxide::scanner: Reading "C:\\Users\\pongo\\Documents\\Default Project\\.opencode\\skills\\prompt-engineer\\references\\prompt-patterns.md"
2026-08-31T07:02:17.569422Z  INFO tailwindcss_oxide::scanner: Reading "C:\\Users\\pongo\\Documents\\Default Project\\.opencode\\skills\\security-reviewer\\references\\infrastructure-security.md"
2026-08-31T07:02:17.569429Z  INFO tailwindcss_oxide::scanner: Reading "C:\\Users\\pongo\\Documents\\Default Project\\.opencode\\skills\\postgres-pro\\SKILL.md"
2026-08-31T07:02:17.569436Z  INFO tailwindcss_oxide::scanner: Reading "C:\\Users\\pongo\\Documents\\Default Project\\.opencode\\skills\\cpp-pro\\references\\memory-performance.md"
2026-08-31T07:02:17.569439Z  INFO tailwindcss_oxide::scanner: Reading "C:\\Users\\pongo\\Documents\\Default Project\\.opencode\\skills\\websocket-engineer\\references\\scaling.md"
2026-08-31T07:02:17.569440Z  INFO tailwindcss_oxide::scanner: Reading "C:\\Users\\pongo\\Documents\\Default Project\\.opencode\\skills\\rag-architect\\references\\embedding-models.md"
2026-08-31T07:02:17.569455Z  INFO tailwindcss_oxide::scanner: Reading "C:\\Users\\pongo\\Documents\\Default Project\\.opencode\\skills\\shrinkage\\evals\\fixtures\\js-repo\\src\\notify\\notifier.js"
2026-08-31T07:02:17.569463Z  INFO tailwindcss_oxide::scanner: Reading "C:\\Users\\pongo\\Documents\\Default Project\\.opencode\\skills\\security-reviewer\\references\\penetration-testing.md"
2026-08-31T07:02:17.569456Z  INFO tailwindcss_oxide::scanner: Reading "C:\\Users\\pongo\\Documents\\Default Project\\.opencode\\skills\\shrinkage\\rules\\javascript.md"
2026-08-31T07:02:17.568728Z  INFO tailwindcss_oxide::scanner: Reading "C:\\Users\\pongo\\Documents\\Default Project\\.opencode\\skills\\cloud-architect\\references\\cost.md"
2026-08-31T07:02:17.568999Z  INFO tailwindcss_oxide::scanner: Reading "C:\\Users\\pongo\\Documents\\Default Project\\app\\dashboard\\owner\\layout.jsx"
2026-08-31T07:02:17.569468Z  INFO tailwindcss_oxide::scanner: Reading "C:\\Users\\pongo\\Documents\\Default Project\\.opencode\\skills\\cpp-pro\\references\\modern-cpp.md"
2026-08-31T07:02:17.569358Z  INFO tailwindcss_oxide::scanner: Reading "C:\\Users\\pongo\\Documents\\Default Project\\components\\ui\\Sheet.jsx"
2026-08-31T07:02:17.569441Z  INFO tailwindcss_oxide::scanner: Reading "C:\\Users\\pongo\\Documents\\Default Project\\lib\\time.js"
2026-08-31T07:02:17.569500Z  INFO tailwindcss_oxide::scanner: Reading "C:\\Users\\pongo\\Documents\\Default Project\\.opencode\\skills\\security-reviewer\\references\\report-template.md"
2026-08-31T07:02:17.569491Z  INFO tailwindcss_oxide::scanner: Reading "C:\\Users\\pongo\\Documents\\Default Project\\.opencode\\skills\\python-pro\\SKILL.md"
2026-08-31T07:02:17.569533Z  INFO tailwindcss_oxide::scanner: Reading "C:\\Users\\pongo\\Documents\\Default Project\\.opencode\\skills\\rag-architect\\references\\rag-evaluation.md"
2026-08-31T07:02:17.569540Z  INFO tailwindcss_oxide::scanner: Reading "C:\\Users\\pongo\\Documents\\Default Project\\.opencode\\skills\\rag-architect\\references\\retrieval-optimization.md"
2026-08-31T07:02:17.569545Z  INFO tailwindcss_oxide::scanner: Reading "C:\\Users\\pongo\\Documents\\Default Project\\lib\\validation.js"
2026-08-31T07:02:17.569548Z  INFO tailwindcss_oxide::scanner: Reading "C:\\Users\\pongo\\Documents\\Default Project\\components\\ui\\Skeleton.jsx"
2026-08-31T07:02:17.569550Z  INFO tailwindcss_oxide::scanner: Reading "C:\\Users\\pongo\\Documents\\Default Project\\DESIGN.md"
2026-08-31T07:02:17.569491Z  INFO tailwindcss_oxide::scanner: Reading "C:\\Users\\pongo\\Documents\\Default Project\\.opencode\\skills\\shrinkage\\evals\\fixtures\\js-repo\\src\\notify\\transport.js"
2026-08-31T07:02:17.568986Z  INFO tailwindcss_oxide::scanner: Reading "C:\\Users\\pongo\\Documents\\Default Project\\.opencode\\skills\\vue-expert\\references\\mobile-hybrid.md"
2026-08-31T07:02:17.569482Z  INFO tailwindcss_oxide::scanner: Reading "C:\\Users\\pongo\\Documents\\Default Project\\app\\jobs\\[id]\\page.jsx"
2026-08-31T07:02:17.569595Z  INFO tailwindcss_oxide::scanner: Reading "C:\\Users\\pongo\\Documents\\Default Project\\.opencode\\skills\\cpp-pro\\SKILL.md"
2026-08-31T07:02:17.569597Z  INFO tailwindcss_oxide::scanner: Reading "C:\\Users\\pongo\\Documents\\Default Project\\.opencode\\skills\\shrinkage\\evals\\fixtures\\js-repo\\tests\\notifier.test.js"
2026-08-31T07:02:17.569601Z  INFO tailwindcss_oxide::scanner: Reading "C:\\Users\\pongo\\Documents\\Default Project\\.opencode\\skills\\security-reviewer\\references\\sast-tools.md"
2026-08-31T07:02:17.569612Z  INFO tailwindcss_oxide::scanner: Reading "C:\\Users\\pongo\\Documents\\Default Project\\.opencode\\skills\\csharp-developer\\references\\aspnet-core.md"
2026-08-31T07:02:17.569614Z  INFO tailwindcss_oxide::scanner: Reading "C:\\Users\\pongo\\Documents\\Default Project\\app\\dashboard\\owner\\page.jsx"
2026-08-31T07:02:17.569615Z  INFO tailwindcss_oxide::scanner: Reading "C:\\Users\\pongo\\Documents\\Default Project\\components\\ui\\toast.jsx"
2026-08-31T07:02:17.569633Z  INFO tailwindcss_oxide::scanner: Reading "C:\\Users\\pongo\\Documents\\Default Project\\CLAUDE.md"
2026-08-31T07:02:17.569635Z  INFO tailwindcss_oxide::scanner: Reading "C:\\Users\\pongo\\Documents\\Default Project\\.opencode\\skills\\shrinkage\\evals\\fixtures\\php-repo\\src\\Auth\\SessionManager.php"
2026-08-31T07:02:17.569639Z  INFO tailwindcss_oxide::scanner: Reading "C:\\Users\\pongo\\Documents\\Default Project\\.opencode\\skills\\shrinkage\\rules\\kotlin.md"
2026-08-31T07:02:17.569643Z  INFO tailwindcss_oxide::scanner: Reading "C:\\Users\\pongo\\Documents\\Default Project\\.opencode\\skills\\security-reviewer\\references\\secret-scanning.md"
2026-08-31T07:02:17.569654Z  INFO tailwindcss_oxide::scanner: Reading "C:\\Users\\pongo\\Documents\\Default Project\\.opencode\\skills\\rails-expert\\references\\rspec-testing.md"
2026-08-31T07:02:17.569661Z  INFO tailwindcss_oxide::scanner: Reading "C:\\Users\\pongo\\Documents\\Default Project\\app\\dashboard\\owner\\profile\\page.jsx"
2026-08-31T07:02:17.569675Z  INFO tailwindcss_oxide::scanner: Reading "C:\\Users\\pongo\\Documents\\Default Project\\app\\onboarding\\owner\\page.jsx"
2026-08-31T07:02:17.569677Z  INFO tailwindcss_oxide::scanner: Reading "C:\\Users\\pongo\\Documents\\Default Project\\.opencode\\skills\\shrinkage\\evals\\fixtures\\php-repo\\tests\\SessionManagerTest.php"
2026-08-31T07:02:17.569553Z  INFO tailwindcss_oxide::scanner: Reading "C:\\Users\\pongo\\Documents\\Default Project\\.opencode\\skills\\websocket-engineer\\references\\security.md"
2026-08-31T07:02:17.569681Z  INFO tailwindcss_oxide::scanner: Reading "C:\\Users\\pongo\\Documents\\Default Project\\app\\layout.jsx"
2026-08-31T07:02:17.569569Z  INFO tailwindcss_oxide::scanner: Reading "C:\\Users\\pongo\\Documents\\Default Project\\.opencode\\skills\\cpp-pro\\references\\templates.md"
2026-08-31T07:02:17.569579Z  INFO tailwindcss_oxide::scanner: Reading "C:\\Users\\pongo\\Documents\\Default Project\\middleware.js"
2026-08-31T07:02:17.569470Z  INFO tailwindcss_oxide::scanner: Reading "C:\\Users\\pongo\\Documents\\Default Project\\.opencode\\skills\\rails-expert\\references\\active-record.md"
2026-08-31T07:02:17.569524Z  INFO tailwindcss_oxide::scanner: Reading "C:\\Users\\pongo\\Documents\\Default Project\\.opencode\\skills\\python-pro\\references\\type-system.md"
2026-08-31T07:02:17.569734Z  INFO tailwindcss_oxide::scanner: Reading "C:\\Users\\pongo\\Documents\\Default Project\\.opencode\\skills\\vue-expert\\references\\nuxt.md"
2026-08-31T07:02:17.569754Z  INFO tailwindcss_oxide::scanner: Reading "C:\\Users\\pongo\\Documents\\Default Project\\n8n-workflow.json"
2026-08-31T07:02:17.569766Z  INFO tailwindcss_oxide::scanner: Reading "C:\\Users\\pongo\\Documents\\Default Project\\.opencode\\skills\\rails-expert\\references\\api-development.md"
2026-08-31T07:02:17.569779Z  INFO tailwindcss_oxide::scanner: Reading "C:\\Users\\pongo\\Documents\\Default Project\\app\\login\\page.jsx"
2026-08-31T07:02:17.569685Z  INFO tailwindcss_oxide::scanner: Reading "C:\\Users\\pongo\\Documents\\Default Project\\.opencode\\skills\\security-reviewer\\references\\vulnerability-patterns.md"
2026-08-31T07:02:17.569696Z  INFO tailwindcss_oxide::scanner: Reading "C:\\Users\\pongo\\Documents\\Default Project\\.opencode\\skills\\shrinkage\\rules\\php.md"
2026-08-31T07:02:17.569802Z  INFO tailwindcss_oxide::scanner: Reading "C:\\Users\\pongo\\Documents\\Default Project\\docs\\barista-architecture.html"
2026-08-31T07:02:17.569701Z  INFO tailwindcss_oxide::scanner: Reading "C:\\Users\\pongo\\Documents\\Default Project\\components\\ui\\Toggle.jsx"
2026-08-31T07:02:17.569713Z  INFO tailwindcss_oxide::scanner: Reading "C:\\Users\\pongo\\Documents\\Default Project\\app\\page.jsx"
2026-08-31T07:02:17.569825Z  INFO tailwindcss_oxide::scanner: Reading "C:\\Users\\pongo\\Documents\\Default Project\\.opencode\\skills\\razor\\unused\\SKILL.md"
2026-08-31T07:02:17.569717Z  INFO tailwindcss_oxide::scanner: Reading "C:\\Users\\pongo\\Documents\\Default Project\\.opencode\\skills\\shrinkage\\evals\\fixtures\\python-repo\\src\\reports\\exporter.py"
2026-08-31T07:02:17.569840Z  INFO tailwindcss_oxide::scanner: Reading "C:\\Users\\pongo\\Documents\\Default Project\\.opencode\\skills\\shrinkage\\rules\\python.md"
2026-08-31T07:02:17.569846Z  INFO tailwindcss_oxide::scanner: Reading "C:\\Users\\pongo\\Documents\\Default Project\\eslint.config.mjs"
2026-08-31T07:02:17.569793Z  INFO tailwindcss_oxide::scanner: Reading "C:\\Users\\pongo\\Documents\\Default Project\\netlify.toml"
2026-08-31T07:02:17.569699Z  INFO tailwindcss_oxide::scanner: Reading "C:\\Users\\pongo\\Documents\\Default Project\\components\\barista\\ApplicationsList.jsx"
2026-08-31T07:02:17.569868Z  INFO tailwindcss_oxide::scanner: Reading "C:\\Users\\pongo\\Documents\\Default Project\\.opencode\\skills\\shrinkage\\references\\consolidation-catalog.md"
2026-08-31T07:02:17.569871Z  INFO tailwindcss_oxide::scanner: Reading "C:\\Users\\pongo\\Documents\\Default Project\\.opencode\\skills\\shrinkage\\evals\\fixtures\\python-repo\\tests\\test_exporter.py"
2026-08-31T07:02:17.569882Z  INFO tailwindcss_oxide::scanner: Reading "C:\\Users\\pongo\\Documents\\Default Project\\fix_fetch.py"
2026-08-31T07:02:17.569850Z  INFO tailwindcss_oxide::scanner: Reading "C:\\Users\\pongo\\Documents\\Default Project\\.opencode\\skills\\security-reviewer\\SKILL.md"
2026-08-31T07:02:17.569879Z  INFO tailwindcss_oxide::scanner: Reading "C:\\Users\\pongo\\Documents\\Default Project\\app\\messages\\[id]\\page.jsx"
2026-08-31T07:02:17.569877Z  INFO tailwindcss_oxide::scanner: Reading "C:\\Users\\pongo\\Documents\\Default Project\\app\\messages\\page.jsx"
2026-08-31T07:02:17.569910Z  INFO tailwindcss_oxide::scanner: Reading "C:\\Users\\pongo\\Documents\\Default Project\\components\\barista\\ProfileEditor.jsx"
2026-08-31T07:02:17.569779Z  INFO tailwindcss_oxide::scanner: Reading "C:\\Users\\pongo\\Documents\\Default Project\\.opencode\\skills\\websocket-engineer\\SKILL.md"
2026-08-31T07:02:17.569729Z  INFO tailwindcss_oxide::scanner: Reading "C:\\Users\\pongo\\Documents\\Default Project\\app\\find-baristas\\page.jsx"
2026-08-31T07:02:17.569888Z  INFO tailwindcss_oxide::scanner: Reading "C:\\Users\\pongo\\Documents\\Default Project\\next.config.mjs"
2026-08-31T07:02:17.569888Z  INFO tailwindcss_oxide::scanner: Reading "C:\\Users\\pongo\\Documents\\Default Project\\.opencode\\skills\\shrinkage\\rules\\rust.md"
2026-08-31T07:02:17.569721Z  INFO tailwindcss_oxide::scanner: Reading "C:\\Users\\pongo\\Documents\\Default Project\\.opencode\\skills\\rails-expert\\SKILL.md"
2026-08-31T07:02:17.569963Z  INFO tailwindcss_oxide::scanner: Reading "C:\\Users\\pongo\\Documents\\Default Project\\app\\forgot-password\\page.jsx"
2026-08-31T07:02:17.569965Z  INFO tailwindcss_oxide::scanner: Reading "C:\\Users\\pongo\\Documents\\Default Project\\components\\cards\\BaristaCard.jsx"
2026-08-31T07:02:17.569966Z  INFO tailwindcss_oxide::scanner: Reading "C:\\Users\\pongo\\Documents\\Default Project\\.opencode\\skills\\shopify-expert\\references\\app-development.md"
2026-08-31T07:02:17.569973Z  INFO tailwindcss_oxide::scanner: Reading "C:\\Users\\pongo\\Documents\\Default Project\\.opencode\\skills\\shrinkage\\rules\\twig.md"
2026-08-31T07:02:17.569971Z  INFO tailwindcss_oxide::scanner: Reading "C:\\Users\\pongo\\Documents\\Default Project\\package.json"
2026-08-31T07:02:17.569808Z  INFO tailwindcss_oxide::scanner: Reading "C:\\Users\\pongo\\Documents\\Default Project\\.opencode\\skills\\rails-expert\\references\\background-jobs.md"
2026-08-31T07:02:17.569997Z  INFO tailwindcss_oxide::scanner: Reading "C:\\Users\\pongo\\Documents\\Default Project\\app\\jobs\\page.jsx"
2026-08-31T07:02:17.570007Z  INFO tailwindcss_oxide::scanner: Reading "C:\\Users\\pongo\\Documents\\Default Project\\.opencode\\skills\\shrinkage\\rules\\csharp.md"
2026-08-31T07:02:17.570011Z  INFO tailwindcss_oxide::scanner: Reading "C:\\Users\\pongo\\Documents\\Default Project\\.opencode\\skills\\shrinkage\\rules\\_template.md"
2026-08-31T07:02:17.570015Z  INFO tailwindcss_oxide::scanner: Reading "C:\\Users\\pongo\\Documents\\Default Project\\plan.md"
2026-08-31T07:02:17.569967Z  INFO tailwindcss_oxide::scanner: Reading "C:\\Users\\pongo\\Documents\\Default Project\\.opencode\\skills\\shrinkage\\references\\context-management.md"
2026-08-31T07:02:17.569970Z  INFO tailwindcss_oxide::scanner: Reading "C:\\Users\\pongo\\Documents\\Default Project\\app\\onboarding\\barista\\page.jsx"
2026-08-31T07:02:17.570012Z  INFO tailwindcss_oxide::scanner: Reading "C:\\Users\\pongo\\Documents\\Default Project\\components\\cards\\JobCard.jsx"
2026-08-31T07:02:17.569921Z  INFO tailwindcss_oxide::scanner: Reading "C:\\Users\\pongo\\Documents\\Default Project\\jsconfig.json"
2026-08-31T07:02:17.570052Z  INFO tailwindcss_oxide::scanner: Reading "C:\\Users\\pongo\\Documents\\Default Project\\postcss.config.mjs"
2026-08-31T07:02:17.569904Z  INFO tailwindcss_oxide::scanner: Reading "C:\\Users\\pongo\\Documents\\Default Project\\.opencode\\skills\\shrinkage\\scripts\\gatelog.py"
2026-08-31T07:02:17.569782Z  INFO tailwindcss_oxide::scanner: Reading "C:\\Users\\pongo\\Documents\\Default Project\\.opencode\\skills\\react-expert\\references\\hooks-patterns.md"
2026-08-31T07:02:17.570116Z  INFO tailwindcss_oxide::scanner: Reading "C:\\Users\\pongo\\Documents\\Default Project\\components\\chat\\ChatWindow.jsx"
2026-08-31T07:02:17.570138Z  INFO tailwindcss_oxide::scanner: Reading "C:\\Users\\pongo\\Documents\\Default Project\\.opencode\\skills\\shrinkage\\rules\\frameworks\\android.md"
2026-08-31T07:02:17.570148Z  INFO tailwindcss_oxide::scanner: Reading "C:\\Users\\pongo\\Documents\\Default Project\\.opencode\\skills\\shrinkage\\scripts\\badge.py"
2026-08-31T07:02:17.570155Z  INFO tailwindcss_oxide::scanner: Reading "C:\\Users\\pongo\\Documents\\Default Project\\components\\chat\\StartChatButton.jsx"
2026-08-31T07:02:17.570169Z  INFO tailwindcss_oxide::scanner: Reading "C:\\Users\\pongo\\Documents\\Default Project\\.opencode\\skills\\react-expert\\references\\migration-class-to-modern.md"
2026-08-31T07:02:17.570179Z  INFO tailwindcss_oxide::scanner: Reading "C:\\Users\\pongo\\Documents\\Default Project\\.opencode\\skills\\shrinkage\\scripts\\ledger.py"
2026-08-31T07:02:17.570188Z  INFO tailwindcss_oxide::scanner: Reading "C:\\Users\\pongo\\Documents\\Default Project\\components\\jobs\\ApplyButton.jsx"
2026-08-31T07:02:17.570072Z  INFO tailwindcss_oxide::scanner: Reading "C:\\Users\\pongo\\Documents\\Default Project\\.opencode\\skills\\shopify-expert\\references\\checkout-customization.md"
2026-08-31T07:02:17.570214Z  INFO tailwindcss_oxide::scanner: Reading "C:\\Users\\pongo\\Documents\\Default Project\\.opencode\\skills\\shrinkage\\scripts\\codemap.py"
2026-08-31T07:02:17.570226Z  INFO tailwindcss_oxide::scanner: Reading "C:\\Users\\pongo\\Documents\\Default Project\\components\\jobs\\JobFeed.jsx"
2026-08-31T07:02:17.570258Z  INFO tailwindcss_oxide::scanner: Reading "C:\\Users\\pongo\\Documents\\Default Project\\components\\jobs\\JobManageCard.jsx"
2026-08-31T07:02:17.570263Z  INFO tailwindcss_oxide::scanner: Reading "C:\\Users\\pongo\\Documents\\Default Project\\.opencode\\skills\\shrinkage\\scripts\\coverage_check.py"
2026-08-31T07:02:17.570072Z  INFO tailwindcss_oxide::scanner: Reading "C:\\Users\\pongo\\Documents\\Default Project\\.opencode\\skills\\shrinkage\\references\\extend-vs-add.md"
2026-08-31T07:02:17.570278Z  INFO tailwindcss_oxide::scanner: Reading "C:\\Users\\pongo\\Documents\\Default Project\\.opencode\\skills\\react-expert\\references\\performance.md"
2026-08-31T07:02:17.570292Z  INFO tailwindcss_oxide::scanner: Reading "C:\\Users\\pongo\\Documents\\Default Project\\components\\jobs\\JobPostForm.jsx"
2026-08-31T07:02:17.570290Z  INFO tailwindcss_oxide::scanner: Reading "C:\\Users\\pongo\\Documents\\Default Project\\.opencode\\skills\\shrinkage\\scripts\\lsp_refs.py"
2026-08-31T07:02:17.570301Z  INFO tailwindcss_oxide::scanner: Reading "C:\\Users\\pongo\\Documents\\Default Project\\public\\archify\\barista.html"
2026-08-31T07:02:17.570323Z  INFO tailwindcss_oxide::scanner: Reading "C:\\Users\\pongo\\Documents\\Default Project\\.opencode\\skills\\shrinkage\\scripts\\diffstat.py"
2026-08-31T07:02:17.570327Z  INFO tailwindcss_oxide::scanner: Reading "C:\\Users\\pongo\\Documents\\Default Project\\components\\layout\\BottomNav.jsx"
2026-08-31T07:02:17.570330Z  INFO tailwindcss_oxide::scanner: Reading "C:\\Users\\pongo\\Documents\\Default Project\\.opencode\\skills\\react-expert\\references\\react-19-features.md"
2026-08-31T07:02:17.570081Z  INFO tailwindcss_oxide::scanner: Reading "C:\\Users\\pongo\\Documents\\Default Project\\lib\\ai.js"
2026-08-31T07:02:17.570353Z  INFO tailwindcss_oxide::scanner: Reading "C:\\Users\\pongo\\Documents\\Default Project\\app\\page_dark.jsx"
2026-08-31T07:02:17.570361Z  INFO tailwindcss_oxide::scanner: Reading "C:\\Users\\pongo\\Documents\\Default Project\\components\\layout\\Footer.jsx"
2026-08-31T07:02:17.570372Z  INFO tailwindcss_oxide::scanner: Reading "C:\\Users\\pongo\\Documents\\Default Project\\.opencode\\skills\\shrinkage\\scripts\\parsers\\go_lang.py"
2026-08-31T07:02:17.570378Z  INFO tailwindcss_oxide::scanner: Reading "C:\\Users\\pongo\\Documents\\Default Project\\lib\\constants.js"
2026-08-31T07:02:17.569923Z  INFO tailwindcss_oxide::scanner: Reading "C:\\Users\\pongo\\Documents\\Default Project\\.opencode\\skills\\shrinkage\\references\\ci-integration.md"
2026-08-31T07:02:17.570187Z  INFO tailwindcss_oxide::scanner: Reading "C:\\Users\\pongo\\Documents\\Default Project\\.opencode\\skills\\shrinkage\\rules\\frameworks\\drupal.md"
2026-08-31T07:02:17.570420Z  INFO tailwindcss_oxide::scanner: Reading "C:\\Users\\pongo\\Documents\\Default Project\\lib\\image.js"
2026-08-31T07:02:17.570420Z  INFO tailwindcss_oxide::scanner: Reading "C:\\Users\\pongo\\Documents\\Default Project\\.opencode\\skills\\wordpress-pro\\references\\gutenberg-blocks.md"
2026-08-31T07:02:17.570442Z  INFO tailwindcss_oxide::scanner: Reading "C:\\Users\\pongo\\Documents\\Default Project\\lib\\influencer\\faceswap.js"
2026-08-31T07:02:17.570448Z  INFO tailwindcss_oxide::scanner: Reading "C:\\Users\\pongo\\Documents\\Default Project\\.opencode\\skills\\shrinkage\\scripts\\parsers\\javascript.py"
2026-08-31T07:02:17.570453Z  INFO tailwindcss_oxide::scanner: Reading "C:\\Users\\pongo\\Documents\\Default Project\\.opencode\\skills\\shrinkage\\rules\\frameworks\\laravel.md"
2026-08-31T07:02:17.570474Z  INFO tailwindcss_oxide::scanner: Reading "C:\\Users\\pongo\\Documents\\Default Project\\lib\\influencer\\geminiImage.js"
2026-08-31T07:02:17.570479Z  INFO tailwindcss_oxide::scanner: Reading "C:\\Users\\pongo\\Documents\\Default Project\\app\\signup\\page.jsx"
2026-08-31T07:02:17.570479Z  INFO tailwindcss_oxide::scanner: Reading "C:\\Users\\pongo\\Documents\\Default Project\\.opencode\\skills\\wordpress-pro\\references\\hooks-filters.md"
2026-08-31T07:02:17.570508Z  INFO tailwindcss_oxide::scanner: Reading "C:\\Users\\pongo\\Documents\\Default Project\\lib\\influencer\\pollinations.js"
2026-08-31T07:02:17.570511Z  INFO tailwindcss_oxide::scanner: Reading "C:\\Users\\pongo\\Documents\\Default Project\\.opencode\\skills\\shrinkage\\rules\\frameworks\\magento2.md"
2026-08-31T07:02:17.570514Z  INFO tailwindcss_oxide::scanner: Reading "C:\\Users\\pongo\\Documents\\Default Project\\app\\update-password\\page.jsx"
2026-08-31T07:02:17.570520Z  INFO tailwindcss_oxide::scanner: Reading "C:\\Users\\pongo\\Documents\\Default Project\\.opencode\\skills\\shrinkage\\adapters\\copilot\\copilot-instructions.md"
2026-08-31T07:02:17.570522Z  INFO tailwindcss_oxide::scanner: Reading "C:\\Users\\pongo\\Documents\\Default Project\\.opencode\\skills\\shrinkage\\scripts\\parsers\\java_like.py"
2026-08-31T07:02:17.570541Z  INFO tailwindcss_oxide::scanner: Reading "C:\\Users\\pongo\\Documents\\Default Project\\lib\\influencer\\publish.js"
2026-08-31T07:02:17.570548Z  INFO tailwindcss_oxide::scanner: Reading "C:\\Users\\pongo\\Documents\\Default Project\\public\\archify\\index.html"
2026-08-31T07:02:17.570558Z  INFO tailwindcss_oxide::scanner: Reading "C:\\Users\\pongo\\Documents\\Default Project\\.opencode\\skills\\shrinkage\\adapters\\copilot\\prompts\\srk-audit.prompt.md"
2026-08-31T07:02:17.570567Z  INFO tailwindcss_oxide::scanner: Reading "C:\\Users\\pongo\\Documents\\Default Project\\.opencode\\skills\\shrinkage\\rules\\go.md"
2026-08-31T07:02:17.570578Z  INFO tailwindcss_oxide::scanner: Reading "C:\\Users\\pongo\\Documents\\Default Project\\barista-connect.architecture.json"
2026-08-31T07:02:17.570587Z  INFO tailwindcss_oxide::scanner: Reading "C:\\Users\\pongo\\Documents\\Default Project\\public\\file.svg"
2026-08-31T07:02:17.570588Z  INFO tailwindcss_oxide::scanner: Reading "C:\\Users\\pongo\\Documents\\Default Project\\.opencode\\skills\\shrinkage\\adapters\\copilot\\prompts\\srk-config.prompt.md"
2026-08-31T07:02:17.570593Z  INFO tailwindcss_oxide::scanner: Reading "C:\\Users\\pongo\\Documents\\Default Project\\.opencode\\skills\\shrinkage\\scripts\\parsers\\rust.py"
2026-08-31T07:02:17.570603Z  INFO tailwindcss_oxide::scanner: Reading "C:\\Users\\pongo\\Documents\\Default Project\\.opencode\\skills\\shopify-expert\\references\\storefront-api.md"
2026-08-31T07:02:17.570613Z  INFO tailwindcss_oxide::scanner: Reading "C:\\Users\\pongo\\Documents\\Default Project\\.opencode\\skills\\shrinkage\\rules\\java.md"
2026-08-31T07:02:17.570620Z  INFO tailwindcss_oxide::scanner: Reading "C:\\Users\\pongo\\Documents\\Default Project\\.opencode\\skills\\shopify-expert\\SKILL.md"
2026-08-31T07:02:17.570621Z  INFO tailwindcss_oxide::scanner: Reading "C:\\Users\\pongo\\Documents\\Default Project\\public\\globe.svg"
2026-08-31T07:02:17.570078Z  INFO tailwindcss_oxide::scanner: Reading "C:\\Users\\pongo\\Documents\\Default Project\\.opencode\\skills\\shopify-expert\\references\\performance-optimization.md"
2026-08-31T07:02:17.570653Z  INFO tailwindcss_oxide::scanner: Reading "C:\\Users\\pongo\\Documents\\Default Project\\.opencode\\skills\\shrinkage\\scripts\\parsers\\ts_engine.py"
2026-08-31T07:02:17.570658Z  INFO tailwindcss_oxide::scanner: Reading "C:\\Users\\pongo\\Documents\\Default Project\\public\\next.svg"
2026-08-31T07:02:17.570665Z  INFO tailwindcss_oxide::scanner: Reading "C:\\Users\\pongo\\Documents\\Default Project\\public\\window.svg"
2026-08-31T07:02:17.570687Z  INFO tailwindcss_oxide::scanner: Reading "C:\\Users\\pongo\\Documents\\Default Project\\.opencode\\skills\\shrinkage\\scripts\\parsers\\twig.py"
2026-08-31T07:02:17.570689Z  INFO tailwindcss_oxide::scanner: Reading "C:\\Users\\pongo\\Documents\\Default Project\\public\\vercel.svg"
2026-08-31T07:02:17.570697Z  INFO tailwindcss_oxide::scanner: Reading "C:\\Users\\pongo\\Documents\\Default Project\\README.md"
2026-08-31T07:02:17.570708Z  INFO tailwindcss_oxide::scanner: Reading "C:\\Users\\pongo\\Documents\\Default Project\\.opencode\\skills\\shrinkage\\references\\map-format.md"
2026-08-31T07:02:17.570723Z  INFO tailwindcss_oxide::scanner: Reading "C:\\Users\\pongo\\Documents\\Default Project\\.opencode\\skills\\shrinkage\\scripts\\parsers\\__init__.py"
2026-08-31T07:02:17.570725Z  INFO tailwindcss_oxide::scanner: Reading "C:\\Users\\pongo\\Documents\\Default Project\\.opencode\\skills\\shrinkage\\scripts\\parsers\\python_lang.py"
2026-08-31T07:02:17.570730Z  INFO tailwindcss_oxide::scanner: Reading "C:\\Users\\pongo\\Documents\\Default Project\\SETUP.md"
2026-08-31T07:02:17.570747Z  INFO tailwindcss_oxide::scanner: Reading "C:\\Users\\pongo\\Documents\\Default Project\\archify-demo\\archify-demo.html"
2026-08-31T07:02:17.570747Z  INFO tailwindcss_oxide::scanner: Reading "C:\\Users\\pongo\\Documents\\Default Project\\.opencode\\skills\\shrinkage\\adapters\\copilot\\prompts\\srk-score.prompt.md"
2026-08-31T07:02:17.570757Z  INFO tailwindcss_oxide::scanner: Reading "C:\\Users\\pongo\\Documents\\Default Project\\.opencode\\skills\\shrinkage\\references\\safety-model.md"
2026-08-31T07:02:17.570761Z  INFO tailwindcss_oxide::scanner: Reading "C:\\Users\\pongo\\Documents\\Default Project\\.opencode\\skills\\shrinkage\\adapters\\copilot\\prompts\\srk-map.prompt.md"
2026-08-31T07:02:17.570384Z  INFO tailwindcss_oxide::scanner: Reading "C:\\Users\\pongo\\Documents\\Default Project\\.opencode\\skills\\shrinkage\\scripts\\dirty_apply.py"
2026-08-31T07:02:17.570775Z  INFO tailwindcss_oxide::scanner: Reading "C:\\Users\\pongo\\Documents\\Default Project\\skills-lock.json"
2026-08-31T07:02:17.570792Z  INFO tailwindcss_oxide::scanner: Reading "C:\\Users\\pongo\\Documents\\Default Project\\.opencode\\skills\\shrinkage\\adapters\\copilot\\prompts\\srk-query.prompt.md"
2026-08-31T07:02:17.570803Z  INFO tailwindcss_oxide::scanner: Reading "C:\\Users\\pongo\\Documents\\Default Project\\supabase\\.temp\\cli-latest"
2026-08-31T07:02:17.570804Z  INFO tailwindcss_oxide::scanner: Reading "C:\\Users\\pongo\\Documents\\Default Project\\.opencode\\skills\\shrinkage\\adapters\\copilot\\prompts\\srk-shave.prompt.md"
2026-08-31T07:02:17.570807Z  INFO tailwindcss_oxide::scanner: Reading "C:\\Users\\pongo\\Documents\\Default Project\\.opencode\\skills\\shrinkage\\scripts\\extract_method.py"
2026-08-31T07:02:17.570818Z  INFO tailwindcss_oxide::scanner: Reading "C:\\Users\\pongo\\Documents\\Default Project\\supabase\\schema.sql"
2026-08-31T07:02:17.570036Z  INFO tailwindcss_oxide::scanner: Reading "C:\\Users\\pongo\\Documents\\Default Project\\.opencode\\skills\\rails-expert\\references\\hotwire-turbo.md"
2026-08-31T07:02:17.570067Z  INFO tailwindcss_oxide::scanner: Reading "C:\\Users\\pongo\\Documents\\Default Project\\.opencode\\skills\\shrinkage\\scripts\\parsers\\kotlin.py"
2026-08-31T07:02:17.570831Z  INFO tailwindcss_oxide::scanner: Reading "C:\\Users\\pongo\\Documents\\Default Project\\.opencode\\skills\\shrinkage\\adapters\\copilot\\README.md"
2026-08-31T07:02:17.570454Z  INFO tailwindcss_oxide::scanner: Reading "C:\\Users\\pongo\\Documents\\Default Project\\lib\\influencer\\danceMotion.js"
2026-08-31T07:02:17.570327Z  INFO tailwindcss_oxide::scanner: Reading "C:\\Users\\pongo\\Documents\\Default Project\\.opencode\\skills\\shopify-expert\\references\\liquid-templating.md"
2026-08-31T07:02:17.570330Z  INFO tailwindcss_oxide::scanner: Reading "C:\\Users\\pongo\\Documents\\Default Project\\.opencode\\skills\\shrinkage\\references\\ledger.md"
2026-08-31T07:02:17.570810Z  INFO tailwindcss_oxide::scanner: Reading "C:\\Users\\pongo\\Documents\\Default Project\\supabase\\seed.sql"
2026-08-31T07:02:17.570812Z  INFO tailwindcss_oxide::scanner: Reading "C:\\Users\\pongo\\Documents\\Default Project\\.opencode\\skills\\shrinkage\\adapters\\copilot\\prompts\\srk-trend.prompt.md"
2026-08-31T07:02:17.570379Z  INFO tailwindcss_oxide::scanner: Reading "C:\\Users\\pongo\\Documents\\Default Project\\.opencode\\skills\\shrinkage\\adapters\\copilot\\prompts\\srk-gate.prompt.md"
2026-08-31T07:02:17.570869Z  INFO tailwindcss_oxide::scanner: Reading "C:\\Users\\pongo\\Documents\\Default Project\\.opencode\\skills\\shrinkage\\scripts\\parsers\\php.py"
2026-08-31T07:02:17.571247Z  INFO discover_sources: tailwindcss_oxide::scanner: exit
2026-08-31T07:02:17.571260Z  INFO extract_candidates: tailwindcss_oxide::scanner: enter
2026-08-31T07:02:17.571264Z  INFO extract_candidates:parse_all_blobs: tailwindcss_oxide::scanner: enter
2026-08-31T07:02:17.571270Z  INFO extract_candidates:parse_all_blobs:extract: tailwindcss_oxide::scanner: enter
2026-08-31T07:02:17.611315Z  INFO extract_candidates:parse_all_blobs:extract: tailwindcss_oxide::scanner: exit
2026-08-31T07:02:17.613245Z  INFO extract_candidates:parse_all_blobs: tailwindcss_oxide::scanner: exit
2026-08-31T07:02:17.613275Z  INFO extract_candidates:read_all_files: tailwindcss_oxide::scanner: enter
2026-08-31T07:02:17.613280Z  INFO extract_candidates:read_all_files: tailwindcss_oxide::scanner: Reading 1 file(s)
2026-08-31T07:02:17.613429Z  INFO extract_candidates:read_all_files: tailwindcss_oxide::scanner: Reading "C:\\Users\\pongo\\Documents\\Default Project\\app\\globals.css"
2026-08-31T07:02:17.613439Z  INFO extract_candidates:read_all_files: tailwindcss_oxide::scanner: exit
2026-08-31T07:02:17.613444Z  INFO extract_candidates:extract_css_variables: tailwindcss_oxide::scanner: enter
2026-08-31T07:02:17.613453Z  INFO extract_candidates:extract_css_variables:extract: tailwindcss_oxide::scanner: enter
2026-08-31T07:02:17.613635Z  INFO extract_candidates:extract_css_variables:extract: tailwindcss_oxide::scanner: exit
2026-08-31T07:02:17.613663Z  INFO extract_candidates:extract_css_variables: tailwindcss_oxide::scanner: exit
2026-08-31T07:02:17.618313Z  INFO extract_candidates: tailwindcss_oxide::scanner: exit
2026-08-31T07:02:17.629566Z  INFO get_files: tailwindcss_oxide::scanner: enter
2026-08-31T07:02:17.629594Z  INFO get_files:discover_sources: tailwindcss_oxide::scanner: enter
2026-08-31T07:02:17.629600Z  INFO get_files:discover_sources: tailwindcss_oxide::scanner: exit
2026-08-31T07:02:17.629939Z  INFO get_files: tailwindcss_oxide::scanner: exit
2026-08-31T07:02:17.633050Z  INFO get_globs: tailwindcss_oxide::scanner: enter
2026-08-31T07:02:17.633069Z  INFO get_globs:discover_sources: tailwindcss_oxide::scanner: enter
2026-08-31T07:02:17.633074Z  INFO get_globs:discover_sources: tailwindcss_oxide::scanner: exit
2026-08-31T07:02:17.669062Z  INFO get_globs: tailwindcss_oxide::scanner: exit
