2026-08-31T07:10:57.366010Z  INFO tailwindcss_oxide::scanner: Provided sources:
2026-08-31T07:10:57.366204Z  INFO tailwindcss_oxide::scanner: Source: PublicSourceEntry { base: "C:\\Users\\pongo\\Documents\\Default Project", pattern: "**/*", negated: false }
2026-08-31T07:10:57.367386Z  INFO tailwindcss_oxide::scanner: Optimized sources:
2026-08-31T07:10:57.367417Z  INFO tailwindcss_oxide::scanner: Source: Auto { base: "C:\\Users\\pongo\\Documents\\Default Project" }
2026-08-31T07:10:57.368917Z  INFO discover_sources: tailwindcss_oxide::scanner: enter
2026-08-31T07:10:57.368967Z  INFO discover_sources:walk_synchronous: tailwindcss_oxide::scanner: enter
2026-08-31T07:10:57.437067Z  INFO discover_sources:walk_synchronous: tailwindcss_oxide::scanner: exit
2026-08-31T07:10:57.438377Z  INFO tailwindcss_oxide::scanner: Reading "C:\\Users\\pongo\\Documents\\Default Project\\.opencode\\skills\\laravel-specialist\\references\\testing.md"
2026-08-31T07:10:57.438377Z  INFO tailwindcss_oxide::scanner: Reading "C:\\Users\\pongo\\Documents\\Default Project\\.opencode\\skills\\cloud-architect\\references\\multi-cloud.md"
2026-08-31T07:10:57.438399Z  INFO tailwindcss_oxide::scanner: Reading "C:\\Users\\pongo\\Documents\\Default Project\\.opencode\\agents\\data-analyst.md"
2026-08-31T07:10:57.438385Z  INFO tailwindcss_oxide::scanner: Reading "C:\\Users\\pongo\\Documents\\Default Project\\-w"
2026-08-31T07:10:57.438384Z  INFO tailwindcss_oxide::scanner: Reading "C:\\Users\\pongo\\Documents\\Default Project\\.opencode\\skills\\fullstack-guardian\\references\\frontend-patterns.md"
2026-08-31T07:10:57.438395Z  INFO tailwindcss_oxide::scanner: Reading "C:\\Users\\pongo\\Documents\\Default Project\\.agents\\skills\\supabase-postgres-best-practices\\references\\query-composite-indexes.md"
2026-08-31T07:10:57.438464Z  INFO tailwindcss_oxide::scanner: Reading "C:\\Users\\pongo\\Documents\\Default Project\\.opencode\\agents\\database-optimizer.md"
2026-08-31T07:10:57.438475Z  INFO tailwindcss_oxide::scanner: Reading "C:\\Users\\pongo\\Documents\\Default Project\\.21st\\design.json"
2026-08-31T07:10:57.438495Z  INFO tailwindcss_oxide::scanner: Reading "C:\\Users\\pongo\\Documents\\Default Project\\.opencode\\skills\\cloud-architect\\SKILL.md"
2026-08-31T07:10:57.438499Z  INFO tailwindcss_oxide::scanner: Reading "C:\\Users\\pongo\\Documents\\Default Project\\.opencode\\skills\\laravel-specialist\\SKILL.md"
2026-08-31T07:10:57.438503Z  INFO tailwindcss_oxide::scanner: Reading "C:\\Users\\pongo\\Documents\\Default Project\\.opencode\\agents\\debugging-wizard.md"
2026-08-31T07:10:57.438502Z  INFO tailwindcss_oxide::scanner: Reading "C:\\Users\\pongo\\Documents\\Default Project\\.agents\\skills\\supabase-postgres-best-practices\\references\\conn-pooling.md"
2026-08-31T07:10:57.438522Z  INFO tailwindcss_oxide::scanner: Reading "C:\\Users\\pongo\\Documents\\Default Project\\.21st\\DESIGN.md"
2026-08-31T07:10:57.438541Z  INFO tailwindcss_oxide::scanner: Reading "C:\\Users\\pongo\\Documents\\Default Project\\.opencode\\agents\\devops-automator.md"
2026-08-31T07:10:57.438552Z  INFO tailwindcss_oxide::scanner: Reading "C:\\Users\\pongo\\Documents\\Default Project\\.opencode\\skills\\code-documenter\\references\\api-docs-fastapi-django.md"
2026-08-31T07:10:57.438557Z  INFO tailwindcss_oxide::scanner: Reading "C:\\Users\\pongo\\Documents\\Default Project\\.opencode\\skills\\fullstack-guardian\\references\\integration-patterns.md"
2026-08-31T07:10:57.438562Z  INFO tailwindcss_oxide::scanner: Reading "C:\\Users\\pongo\\Documents\\Default Project\\.agents\\skills\\supabase-postgres-best-practices\\references\\conn-prepared-statements.md"
2026-08-31T07:10:57.438543Z  INFO tailwindcss_oxide::scanner: Reading "C:\\Users\\pongo\\Documents\\Default Project\\.opencode\\skills\\impeccable\\scripts\\lib\\is-generated.mjs"
2026-08-31T07:10:57.438590Z  INFO tailwindcss_oxide::scanner: Reading "C:\\Users\\pongo\\Documents\\Default Project\\.agents\\skills\\supabase\\assets\\feedback-issue-template.md"
2026-08-31T07:10:57.438578Z  INFO tailwindcss_oxide::scanner: Reading "C:\\Users\\pongo\\Documents\\Default Project\\.agents\\skills\\supabase-postgres-best-practices\\references\\query-covering-indexes.md"
2026-08-31T07:10:57.438664Z  INFO tailwindcss_oxide::scanner: Reading "C:\\Users\\pongo\\Documents\\Default Project\\.opencode\\skills\\impeccable\\scripts\\live-copy-edit-agent.mjs"
2026-08-31T07:10:57.438594Z  INFO tailwindcss_oxide::scanner: Reading "C:\\Users\\pongo\\Documents\\Default Project\\.opencode\\skills\\code-documenter\\references\\api-docs-nestjs-express.md"
2026-08-31T07:10:57.438596Z  INFO tailwindcss_oxide::scanner: Reading "C:\\Users\\pongo\\Documents\\Default Project\\.opencode\\agents\\frontend-developer.md"
2026-08-31T07:10:57.438694Z  INFO tailwindcss_oxide::scanner: Reading "C:\\Users\\pongo\\Documents\\Default Project\\.opencode\\skills\\impeccable\\scripts\\lib\\open-system-browser.mjs"
2026-08-31T07:10:57.438708Z  INFO tailwindcss_oxide::scanner: Reading "C:\\Users\\pongo\\Documents\\Default Project\\.agents\\skills\\supabase-postgres-best-practices\\references\\query-index-types.md"
2026-08-31T07:10:57.438708Z  INFO tailwindcss_oxide::scanner: Reading "C:\\Users\\pongo\\Documents\\Default Project\\.opencode\\skills\\django-expert\\references\\authentication.md"
2026-08-31T07:10:57.438564Z  INFO tailwindcss_oxide::scanner: Reading "C:\\Users\\pongo\\Documents\\Default Project\\.opencode\\skills\\legacy-modernizer\\references\\legacy-testing.md"
2026-08-31T07:10:57.438733Z  INFO tailwindcss_oxide::scanner: Reading "C:\\Users\\pongo\\Documents\\Default Project\\.opencode\\agents\\product-manager.md"
2026-08-31T07:10:57.438736Z  INFO tailwindcss_oxide::scanner: Reading "C:\\Users\\pongo\\Documents\\Default Project\\.opencode\\skills\\code-documenter\\references\\coverage-reports.md"
2026-08-31T07:10:57.438627Z  INFO tailwindcss_oxide::scanner: Reading "C:\\Users\\pongo\\Documents\\Default Project\\.opencode\\skills\\fullstack-guardian\\references\\security-checklist.md"
2026-08-31T07:10:57.438635Z  INFO tailwindcss_oxide::scanner: Reading "C:\\Users\\pongo\\Documents\\Default Project\\.agents\\skills\\supabase\\CHANGELOG.md"
2026-08-31T07:10:57.438758Z  INFO tailwindcss_oxide::scanner: Reading "C:\\Users\\pongo\\Documents\\Default Project\\.agents\\skills\\supabase-postgres-best-practices\\references\\query-missing-indexes.md"
2026-08-31T07:10:57.438780Z  INFO tailwindcss_oxide::scanner: Reading "C:\\Users\\pongo\\Documents\\Default Project\\.opencode\\skills\\django-expert\\references\\drf-serializers.md"
2026-08-31T07:10:57.438784Z  INFO tailwindcss_oxide::scanner: Reading "C:\\Users\\pongo\\Documents\\Default Project\\.opencode\\skills\\code-documenter\\references\\documentation-systems.md"
2026-08-31T07:10:57.438793Z  INFO tailwindcss_oxide::scanner: Reading "C:\\Users\\pongo\\Documents\\Default Project\\.opencode\\skills\\fullstack-guardian\\SKILL.md"
2026-08-31T07:10:57.438798Z  INFO tailwindcss_oxide::scanner: Reading "C:\\Users\\pongo\\Documents\\Default Project\\.opencode\\skills\\impeccable\\scripts\\lib\\provider.mjs"
2026-08-31T07:10:57.438811Z  INFO tailwindcss_oxide::scanner: Reading "C:\\Users\\pongo\\Documents\\Default Project\\.agents\\skills\\supabase\\references\\skill-feedback.md"
2026-08-31T07:10:57.438816Z  INFO tailwindcss_oxide::scanner: Reading "C:\\Users\\pongo\\Documents\\Default Project\\.opencode\\skills\\architecture-designer\\references\\database-selection.md"
2026-08-31T07:10:57.438823Z  INFO tailwindcss_oxide::scanner: Reading "C:\\Users\\pongo\\Documents\\Default Project\\.opencode\\skills\\django-expert\\references\\models-orm.md"
2026-08-31T07:10:57.438839Z  INFO tailwindcss_oxide::scanner: Reading "C:\\Users\\pongo\\Documents\\Default Project\\.opencode\\skills\\game-developer\\references\\ecs-patterns.md"
2026-08-31T07:10:57.438848Z  INFO tailwindcss_oxide::scanner: Reading "C:\\Users\\pongo\\Documents\\Default Project\\.opencode\\skills\\code-documenter\\references\\interactive-api-docs.md"
2026-08-31T07:10:57.438724Z  INFO tailwindcss_oxide::scanner: Reading "C:\\Users\\pongo\\Documents\\Default Project\\.opencode\\skills\\impeccable\\scripts\\live-discard-manual-edits.mjs"
2026-08-31T07:10:57.438744Z  INFO tailwindcss_oxide::scanner: Reading "C:\\Users\\pongo\\Documents\\Default Project\\.agents\\skills\\supabase\\SKILL.md"
2026-08-31T07:10:57.438887Z  INFO tailwindcss_oxide::scanner: Reading "C:\\Users\\pongo\\Documents\\Default Project\\.opencode\\skills\\legacy-modernizer\\references\\migration-strategies.md"
2026-08-31T07:10:57.438603Z  INFO tailwindcss_oxide::scanner: Reading "C:\\Users\\pongo\\Documents\\Default Project\\.agents\\skills\\supabase-postgres-best-practices\\references\\data-batch-inserts.md"
2026-08-31T07:10:57.438913Z  INFO tailwindcss_oxide::scanner: Reading "C:\\Users\\pongo\\Documents\\Default Project\\.opencode\\skills\\impeccable\\scripts\\lib\\roll-selection.mjs"
2026-08-31T07:10:57.438803Z  INFO tailwindcss_oxide::scanner: Reading "C:\\Users\\pongo\\Documents\\Default Project\\.agents\\skills\\supabase-postgres-best-practices\\references\\query-partial-indexes.md"
2026-08-31T07:10:57.438932Z  INFO tailwindcss_oxide::scanner: Reading "C:\\Users\\pongo\\Documents\\Default Project\\.opencode\\skills\\impeccable\\scripts\\live-inject.mjs"
2026-08-31T07:10:57.438859Z  INFO tailwindcss_oxide::scanner: Reading "C:\\Users\\pongo\\Documents\\Default Project\\.opencode\\skills\\impeccable\\scripts\\live\\frameworks\\tag-strategy.mjs"
2026-08-31T07:10:57.438944Z  INFO tailwindcss_oxide::scanner: Reading "C:\\Users\\pongo\\Documents\\Default Project\\.agents\\skills\\supabase-postgres-best-practices\\CHANGELOG.md"
2026-08-31T07:10:57.438957Z  INFO tailwindcss_oxide::scanner: Reading "C:\\Users\\pongo\\Documents\\Default Project\\.opencode\\skills\\impeccable\\scripts\\live\\source-search.mjs"
2026-08-31T07:10:57.438971Z  INFO tailwindcss_oxide::scanner: Reading "C:\\Users\\pongo\\Documents\\Default Project\\.agents\\skills\\supabase-postgres-best-practices\\references\\schema-constraints.md"
2026-08-31T07:10:57.438973Z  INFO tailwindcss_oxide::scanner: Reading "C:\\Users\\pongo\\Documents\\Default Project\\.opencode\\skills\\impeccable\\scripts\\live-insert.mjs"
2026-08-31T07:10:57.438982Z  INFO tailwindcss_oxide::scanner: Reading "C:\\Users\\pongo\\Documents\\Default Project\\.opencode\\skills\\impeccable\\scripts\\live\\frameworks\\tanstack-start.mjs"
2026-08-31T07:10:57.439002Z  INFO tailwindcss_oxide::scanner: Reading "C:\\Users\\pongo\\Documents\\Default Project\\.agents\\skills\\supabase-postgres-best-practices\\references\\advanced-full-text-search.md"
2026-08-31T07:10:57.438869Z  INFO tailwindcss_oxide::scanner: Reading "C:\\Users\\pongo\\Documents\\Default Project\\.opencode\\skills\\django-expert\\references\\testing-django.md"
2026-08-31T07:10:57.439017Z  INFO tailwindcss_oxide::scanner: Reading "C:\\Users\\pongo\\Documents\\Default Project\\.opencode\\skills\\impeccable\\reference\\new-work.md"
2026-08-31T07:10:57.439021Z  INFO tailwindcss_oxide::scanner: Reading "C:\\Users\\pongo\\Documents\\Default Project\\.agents\\skills\\supabase-postgres-best-practices\\references\\schema-data-types.md"
2026-08-31T07:10:57.439022Z  INFO tailwindcss_oxide::scanner: Reading "C:\\Users\\pongo\\Documents\\Default Project\\.opencode\\skills\\impeccable\\scripts\\live\\svelte-ast.mjs"
2026-08-31T07:10:57.438882Z  INFO tailwindcss_oxide::scanner: Reading "C:\\Users\\pongo\\Documents\\Default Project\\.opencode\\skills\\architecture-designer\\references\\nfr-checklist.md"
2026-08-31T07:10:57.439039Z  INFO tailwindcss_oxide::scanner: Reading "C:\\Users\\pongo\\Documents\\Default Project\\.agents\\skills\\supabase-postgres-best-practices\\references\\advanced-jsonb-indexing.md"
2026-08-31T07:10:57.439037Z  INFO tailwindcss_oxide::scanner: Reading "C:\\Users\\pongo\\Documents\\Default Project\\.agents\\skills\\supabase-postgres-best-practices\\references\\data-n-plus-one.md"
2026-08-31T07:10:57.439026Z  INFO tailwindcss_oxide::scanner: Reading "C:\\Users\\pongo\\Documents\\Default Project\\.opencode\\skills\\impeccable\\scripts\\lib\\staleness-deep.mjs"
2026-08-31T07:10:57.438887Z  INFO tailwindcss_oxide::scanner: Reading "C:\\Users\\pongo\\Documents\\Default Project\\.opencode\\agents\\reddit-specialist.md"
2026-08-31T07:10:57.439063Z  INFO tailwindcss_oxide::scanner: Reading "C:\\Users\\pongo\\Documents\\Default Project\\.opencode\\skills\\django-expert\\references\\viewsets-views.md"
2026-08-31T07:10:57.439089Z  INFO tailwindcss_oxide::scanner: Reading "C:\\Users\\pongo\\Documents\\Default Project\\.opencode\\skills\\impeccable\\scripts\\live\\svelte-component.mjs"
2026-08-31T07:10:57.439064Z  INFO tailwindcss_oxide::scanner: Reading "C:\\Users\\pongo\\Documents\\Default Project\\.agents\\skills\\supabase-postgres-best-practices\\references\\schema-foreign-key-indexes.md"
2026-08-31T07:10:57.438913Z  INFO tailwindcss_oxide::scanner: Reading "C:\\Users\\pongo\\Documents\\Default Project\\.opencode\\skills\\game-developer\\references\\multiplayer-networking.md"
2026-08-31T07:10:57.439099Z  INFO tailwindcss_oxide::scanner: Reading "C:\\Users\\pongo\\Documents\\Default Project\\.opencode\\skills\\legacy-modernizer\\references\\refactoring-patterns.md"
2026-08-31T07:10:57.439082Z  INFO tailwindcss_oxide::scanner: Reading "C:\\Users\\pongo\\Documents\\Default Project\\.opencode\\skills\\impeccable\\scripts\\live\\frameworks\\vite-generic.mjs"
2026-08-31T07:10:57.439128Z  INFO tailwindcss_oxide::scanner: Reading "C:\\Users\\pongo\\Documents\\Default Project\\.opencode\\skills\\django-expert\\SKILL.md"
2026-08-31T07:10:57.439135Z  INFO tailwindcss_oxide::scanner: Reading "C:\\Users\\pongo\\Documents\\Default Project\\.opencode\\agents\\security-reviewer.md"
2026-08-31T07:10:57.439136Z  INFO tailwindcss_oxide::scanner: Reading "C:\\Users\\pongo\\Documents\\Default Project\\.opencode\\skills\\impeccable\\scripts\\live\\sveltekit-adapter.mjs"
2026-08-31T07:10:57.439145Z  INFO tailwindcss_oxide::scanner: Reading "C:\\Users\\pongo\\Documents\\Default Project\\.agents\\skills\\supabase-postgres-best-practices\\references\\data-pagination.md"
2026-08-31T07:10:57.439147Z  INFO tailwindcss_oxide::scanner: Reading "C:\\Users\\pongo\\Documents\\Default Project\\.agents\\skills\\supabase-postgres-best-practices\\references\\schema-lowercase-identifiers.md"
2026-08-31T07:10:57.439176Z  INFO tailwindcss_oxide::scanner: Reading "C:\\Users\\pongo\\Documents\\Default Project\\.opencode\\skills\\impeccable\\scripts\\live\\tanstack-adapter.mjs"
2026-08-31T07:10:57.439185Z  INFO tailwindcss_oxide::scanner: Reading "C:\\Users\\pongo\\Documents\\Default Project\\.opencode\\agents\\tech-writer.md"
2026-08-31T07:10:57.439181Z  INFO tailwindcss_oxide::scanner: Reading "C:\\Users\\pongo\\Documents\\Default Project\\.opencode\\skills\\impeccable\\scripts\\lib\\staleness-notice.mjs"
2026-08-31T07:10:57.439188Z  INFO tailwindcss_oxide::scanner: Reading "C:\\Users\\pongo\\Documents\\Default Project\\.opencode\\skills\\javascript-pro\\references\\modern-syntax.md"
2026-08-31T07:10:57.439076Z  INFO tailwindcss_oxide::scanner: Reading "C:\\Users\\pongo\\Documents\\Default Project\\.opencode\\skills\\architecture-designer\\references\\system-design.md"
2026-08-31T07:10:57.438910Z  INFO tailwindcss_oxide::scanner: Reading "C:\\Users\\pongo\\Documents\\Default Project\\.opencode\\skills\\code-documenter\\references\\python-docstrings.md"
2026-08-31T07:10:57.439211Z  INFO tailwindcss_oxide::scanner: Reading "C:\\Users\\pongo\\Documents\\Default Project\\.opencode\\skills\\impeccable\\scripts\\live\\ui-surfaces.mjs"
2026-08-31T07:10:57.439017Z  INFO tailwindcss_oxide::scanner: Reading "C:\\Users\\pongo\\Documents\\Default Project\\.opencode\\skills\\impeccable\\scripts\\live-manual-edit-evidence.mjs"
2026-08-31T07:10:57.439094Z  INFO tailwindcss_oxide::scanner: Reading "C:\\Users\\pongo\\Documents\\Default Project\\.opencode\\skills\\impeccable\\reference\\onboard.md"
2026-08-31T07:10:57.439231Z  INFO tailwindcss_oxide::scanner: Reading "C:\\Users\\pongo\\Documents\\Default Project\\.agents\\skills\\supabase-postgres-best-practices\\references\\schema-partitioning.md"
2026-08-31T07:10:57.439234Z  INFO tailwindcss_oxide::scanner: Reading "C:\\Users\\pongo\\Documents\\Default Project\\.agents\\skills\\supabase-postgres-best-practices\\references\\data-upsert.md"
2026-08-31T07:10:57.439231Z  INFO tailwindcss_oxide::scanner: Reading "C:\\Users\\pongo\\Documents\\Default Project\\.opencode\\skills\\legacy-modernizer\\references\\strangler-fig-pattern.md"
2026-08-31T07:10:57.439313Z  INFO tailwindcss_oxide::scanner: Reading "C:\\Users\\pongo\\Documents\\Default Project\\.opencode\\skills\\javascript-pro\\references\\modules.md"
2026-08-31T07:10:57.439314Z  INFO tailwindcss_oxide::scanner: Reading "C:\\Users\\pongo\\Documents\\Default Project\\.opencode\\skills\\impeccable\\reference\\operate.md"
2026-08-31T07:10:57.439250Z  INFO tailwindcss_oxide::scanner: Reading "C:\\Users\\pongo\\Documents\\Default Project\\.opencode\\skills\\code-documenter\\references\\typescript-jsdoc.md"
2026-08-31T07:10:57.439250Z  INFO tailwindcss_oxide::scanner: Reading "C:\\Users\\pongo\\Documents\\Default Project\\.opencode\\skills\\architecture-designer\\SKILL.md"
2026-08-31T07:10:57.439251Z  INFO tailwindcss_oxide::scanner: Reading "C:\\Users\\pongo\\Documents\\Default Project\\.opencode\\skills\\impeccable\\scripts\\live\\vocabulary.mjs"
2026-08-31T07:10:57.439346Z  INFO tailwindcss_oxide::scanner: Reading "C:\\Users\\pongo\\Documents\\Default Project\\.agents\\skills\\supabase-postgres-best-practices\\references\\lock-skip-locked.md"
2026-08-31T07:10:57.439359Z  INFO tailwindcss_oxide::scanner: Reading "C:\\Users\\pongo\\Documents\\Default Project\\.opencode\\skills\\impeccable\\reference\\optimize.md"
2026-08-31T07:10:57.439368Z  INFO tailwindcss_oxide::scanner: Reading "C:\\Users\\pongo\\Documents\\Default Project\\.opencode\\skills\\legacy-modernizer\\references\\system-assessment.md"
2026-08-31T07:10:57.439381Z  INFO tailwindcss_oxide::scanner: Reading "C:\\Users\\pongo\\Documents\\Default Project\\.opencode\\skills\\atlassian-mcp\\references\\authentication-patterns.md"
2026-08-31T07:10:57.439382Z  INFO tailwindcss_oxide::scanner: Reading "C:\\Users\\pongo\\Documents\\Default Project\\.opencode\\skills\\javascript-pro\\references\\node-essentials.md"
2026-08-31T07:10:57.439389Z  INFO tailwindcss_oxide::scanner: Reading "C:\\Users\\pongo\\Documents\\Default Project\\.opencode\\skills\\code-documenter\\references\\user-guides-tutorials.md"
2026-08-31T07:10:57.439388Z  INFO tailwindcss_oxide::scanner: Reading "C:\\Users\\pongo\\Documents\\Default Project\\.agents\\skills\\supabase-postgres-best-practices\\references\\lock-advisory.md"
2026-08-31T07:10:57.439077Z  INFO tailwindcss_oxide::scanner: Reading "C:\\Users\\pongo\\Documents\\Default Project\\.agents\\skills\\supabase-postgres-best-practices\\references\\conn-idle-timeout.md"
2026-08-31T07:10:57.439192Z  INFO tailwindcss_oxide::scanner: Reading "C:\\Users\\pongo\\Documents\\Default Project\\.opencode\\skills\\game-developer\\references\\performance-optimization.md"
2026-08-31T07:10:57.439187Z  INFO tailwindcss_oxide::scanner: Reading "C:\\Users\\pongo\\Documents\\Default Project\\.opencode\\skills\\dotnet-core-expert\\references\\authentication.md"
2026-08-31T07:10:57.439441Z  INFO tailwindcss_oxide::scanner: Reading "C:\\Users\\pongo\\Documents\\Default Project\\.agents\\skills\\supabase-postgres-best-practices\\references\\conn-limits.md"
2026-08-31T07:10:57.439467Z  INFO tailwindcss_oxide::scanner: Reading "C:\\Users\\pongo\\Documents\\Default Project\\.opencode\\skills\\atlassian-mcp\\references\\common-workflows.md"
2026-08-31T07:10:57.439483Z  INFO tailwindcss_oxide::scanner: Reading "C:\\Users\\pongo\\Documents\\Default Project\\.opencode\\skills\\code-documenter\\SKILL.md"
2026-08-31T07:10:57.439486Z  INFO tailwindcss_oxide::scanner: Reading "C:\\Users\\pongo\\Documents\\Default Project\\.opencode\\skills\\javascript-pro\\SKILL.md"
2026-08-31T07:10:57.439494Z  INFO tailwindcss_oxide::scanner: Reading "C:\\Users\\pongo\\Documents\\Default Project\\.opencode\\skills\\impeccable\\scripts\\live-accept.mjs"
2026-08-31T07:10:57.439262Z  INFO tailwindcss_oxide::scanner: Reading "C:\\Users\\pongo\\Documents\\Default Project\\.opencode\\agents\\test-engineer.md"
2026-08-31T07:10:57.439517Z  INFO tailwindcss_oxide::scanner: Reading "C:\\Users\\pongo\\Documents\\Default Project\\.opencode\\skills\\impeccable\\scripts\\palette.mjs"
2026-08-31T07:10:57.439522Z  INFO tailwindcss_oxide::scanner: Reading "C:\\Users\\pongo\\Documents\\Default Project\\.opencode\\skills\\code-reviewer\\references\\common-issues.md"
2026-08-31T07:10:57.439203Z  INFO tailwindcss_oxide::scanner: Reading "C:\\Users\\pongo\\Documents\\Default Project\\.opencode\\skills\\impeccable\\scripts\\live\\generation-preflight.mjs"
2026-08-31T07:10:57.439401Z  INFO tailwindcss_oxide::scanner: Reading "C:\\Users\\pongo\\Documents\\Default Project\\.opencode\\skills\\impeccable\\scripts\\live-poll.mjs"
2026-08-31T07:10:57.439549Z  INFO tailwindcss_oxide::scanner: Reading "C:\\Users\\pongo\\Documents\\Default Project\\.opencode\\opencode.json"
2026-08-31T07:10:57.439556Z  INFO tailwindcss_oxide::scanner: Reading "C:\\Users\\pongo\\Documents\\Default Project\\.opencode\\skills\\impeccable\\scripts\\pin.mjs"
2026-08-31T07:10:57.439423Z  INFO tailwindcss_oxide::scanner: Reading "C:\\Users\\pongo\\Documents\\Default Project\\.opencode\\skills\\impeccable\\reference\\overdrive.md"
2026-08-31T07:10:57.439562Z  INFO tailwindcss_oxide::scanner: Reading "C:\\Users\\pongo\\Documents\\Default Project\\.opencode\\skills\\atlassian-mcp\\references\\confluence-operations.md"
2026-08-31T07:10:57.439572Z  INFO tailwindcss_oxide::scanner: Reading "C:\\Users\\pongo\\Documents\\Default Project\\.opencode\\skills\\impeccable\\scripts\\live-resume.mjs"
2026-08-31T07:10:57.439573Z  INFO tailwindcss_oxide::scanner: Reading "C:\\Users\\pongo\\Documents\\Default Project\\.opencode\\skills\\legacy-modernizer\\SKILL.md"
2026-08-31T07:10:57.439578Z  INFO tailwindcss_oxide::scanner: Reading "C:\\Users\\pongo\\Documents\\Default Project\\.opencode\\skills\\impeccable\\scripts\\live\\insert-ui.mjs"
2026-08-31T07:10:57.439590Z  INFO tailwindcss_oxide::scanner: Reading "C:\\Users\\pongo\\Documents\\Default Project\\.opencode\\skills\\angular-architect\\references\\components.md"
2026-08-31T07:10:57.439592Z  INFO tailwindcss_oxide::scanner: Reading "C:\\Users\\pongo\\Documents\\Default Project\\.opencode\\skills\\impeccable\\scripts\\live-browser-dom.js"
2026-08-31T07:10:57.439529Z  INFO tailwindcss_oxide::scanner: Reading "C:\\Users\\pongo\\Documents\\Default Project\\.opencode\\skills\\kotlin-specialist\\references\\android-compose.md"
2026-08-31T07:10:57.439519Z  INFO tailwindcss_oxide::scanner: Reading "C:\\Users\\pongo\\Documents\\Default Project\\.opencode\\skills\\dotnet-core-expert\\references\\clean-architecture.md"
2026-08-31T07:10:57.439498Z  INFO tailwindcss_oxide::scanner: Reading "C:\\Users\\pongo\\Documents\\Default Project\\.opencode\\skills\\game-developer\\references\\unity-patterns.md"
2026-08-31T07:10:57.439634Z  INFO tailwindcss_oxide::scanner: Reading "C:\\Users\\pongo\\Documents\\Default Project\\.opencode\\skills\\impeccable\\scripts\\live\\instructions.mjs"
2026-08-31T07:10:57.439641Z  INFO tailwindcss_oxide::scanner: Reading "C:\\Users\\pongo\\Documents\\Default Project\\.opencode\\skills\\impeccable\\scripts\\serve-question.mjs"
2026-08-31T07:10:57.439655Z  INFO tailwindcss_oxide::scanner: Reading "C:\\Users\\pongo\\Documents\\Default Project\\.opencode\\skills\\impeccable\\scripts\\live-server.mjs"
2026-08-31T07:10:57.439663Z  INFO tailwindcss_oxide::scanner: Reading "C:\\Users\\pongo\\Documents\\Default Project\\.opencode\\skills\\mcp-developer\\references\\protocol.md"
2026-08-31T07:10:57.439670Z  INFO tailwindcss_oxide::scanner: Reading "C:\\Users\\pongo\\Documents\\Default Project\\.opencode\\skills\\code-reviewer\\references\\feedback-examples.md"
2026-08-31T07:10:57.439675Z  INFO tailwindcss_oxide::scanner: Reading "C:\\Users\\pongo\\Documents\\Default Project\\.opencode\\skills\\angular-architect\\references\\ngrx.md"
2026-08-31T07:10:57.439680Z  INFO tailwindcss_oxide::scanner: Reading "C:\\Users\\pongo\\Documents\\Default Project\\.opencode\\skills\\impeccable\\scripts\\surface-brief.mjs"
2026-08-31T07:10:57.439303Z  INFO tailwindcss_oxide::scanner: Reading "C:\\Users\\pongo\\Documents\\Default Project\\.opencode\\skills\\impeccable\\scripts\\lib\\staleness.mjs"
2026-08-31T07:10:57.439673Z  INFO tailwindcss_oxide::scanner: Reading "C:\\Users\\pongo\\Documents\\Default Project\\.opencode\\skills\\impeccable\\scripts\\live-browser-session.js"
2026-08-31T07:10:57.439318Z  INFO tailwindcss_oxide::scanner: Reading "C:\\Users\\pongo\\Documents\\Default Project\\.agents\\skills\\supabase-postgres-best-practices\\references\\schema-primary-keys.md"
2026-08-31T07:10:57.439714Z  INFO tailwindcss_oxide::scanner: Reading "C:\\Users\\pongo\\Documents\\Default Project\\.opencode\\skills\\code-reviewer\\references\\receiving-feedback.md"
2026-08-31T07:10:57.439717Z  INFO tailwindcss_oxide::scanner: Reading "C:\\Users\\pongo\\Documents\\Default Project\\.opencode\\skills\\impeccable\\reference\\polish.md"
2026-08-31T07:10:57.439719Z  INFO tailwindcss_oxide::scanner: Reading "C:\\Users\\pongo\\Documents\\Default Project\\.opencode\\skills\\game-developer\\references\\unreal-cpp.md"
2026-08-31T07:10:57.439725Z  INFO tailwindcss_oxide::scanner: Reading "C:\\Users\\pongo\\Documents\\Default Project\\.opencode\\skills\\impeccable\\SKILL.md"
2026-08-31T07:10:57.439690Z  INFO tailwindcss_oxide::scanner: Reading "C:\\Users\\pongo\\Documents\\Default Project\\.opencode\\skills\\impeccable\\scripts\\live-status.mjs"
2026-08-31T07:10:57.439685Z  INFO tailwindcss_oxide::scanner: Reading "C:\\Users\\pongo\\Documents\\Default Project\\.opencode\\skills\\dotnet-core-expert\\references\\cloud-native.md"
2026-08-31T07:10:57.439392Z  INFO tailwindcss_oxide::scanner: Reading "C:\\Users\\pongo\\Documents\\Default Project\\.agents\\skills\\supabase-postgres-best-practices\\references\\monitor-explain-analyze.md"
2026-08-31T07:10:57.439482Z  INFO tailwindcss_oxide::scanner: Reading "C:\\Users\\pongo\\Documents\\Default Project\\.agents\\skills\\supabase-postgres-best-practices\\references\\lock-deadlock-prevention.md"
2026-08-31T07:10:57.439768Z  INFO tailwindcss_oxide::scanner: Reading "C:\\Users\\pongo\\Documents\\Default Project\\.opencode\\skills\\impeccable\\scripts\\live-target.mjs"
2026-08-31T07:10:57.439692Z  INFO tailwindcss_oxide::scanner: Reading "C:\\Users\\pongo\\Documents\\Default Project\\.opencode\\skills\\impeccable\\scripts\\live\\manual-apply.mjs"
2026-08-31T07:10:57.439790Z  INFO tailwindcss_oxide::scanner: Reading "C:\\Users\\pongo\\Documents\\Default Project\\.opencode\\skills\\game-developer\\SKILL.md"
2026-08-31T07:10:57.439741Z  INFO tailwindcss_oxide::scanner: Reading "C:\\Users\\pongo\\Documents\\Default Project\\.opencode\\skills\\angular-architect\\references\\routing.md"
2026-08-31T07:10:57.439820Z  INFO tailwindcss_oxide::scanner: Reading "C:\\Users\\pongo\\Documents\\Default Project\\.opencode\\skills\\kotlin-specialist\\references\\coroutines-flow.md"
2026-08-31T07:10:57.439821Z  INFO tailwindcss_oxide::scanner: Reading "C:\\Users\\pongo\\Documents\\Default Project\\.opencode\\skills\\mcp-developer\\references\\python-sdk.md"
2026-08-31T07:10:57.439827Z  INFO tailwindcss_oxide::scanner: Reading "C:\\Users\\pongo\\Documents\\Default Project\\.opencode\\skills\\impeccable\\scripts\\live\\manual-edit-routes.mjs"
2026-08-31T07:10:57.439840Z  INFO tailwindcss_oxide::scanner: Reading "C:\\Users\\pongo\\Documents\\Default Project\\.opencode\\skills\\impeccable\\scripts\\live-wrap.mjs"
2026-08-31T07:10:57.439850Z  INFO tailwindcss_oxide::scanner: Reading "C:\\Users\\pongo\\Documents\\Default Project\\.agents\\skills\\supabase-postgres-best-practices\\references\\lock-short-transactions.md"
2026-08-31T07:10:57.439863Z  INFO tailwindcss_oxide::scanner: Reading "C:\\Users\\pongo\\Documents\\Default Project\\.opencode\\skills\\impeccable\\scripts\\live\\manual-edits-buffer.mjs"
2026-08-31T07:10:57.439872Z  INFO tailwindcss_oxide::scanner: Reading "C:\\Users\\pongo\\Documents\\Default Project\\.opencode\\skills\\angular-architect\\references\\rxjs.md"
2026-08-31T07:10:57.439874Z  INFO tailwindcss_oxide::scanner: Reading "C:\\Users\\pongo\\Documents\\Default Project\\.opencode\\skills\\kotlin-specialist\\references\\dsl-idioms.md"
2026-08-31T07:10:57.439876Z  INFO tailwindcss_oxide::scanner: Reading "C:\\Users\\pongo\\Documents\\Default Project\\.opencode\\skills\\code-reviewer\\references\\report-template.md"
2026-08-31T07:10:57.439895Z  INFO tailwindcss_oxide::scanner: Reading "C:\\Users\\pongo\\Documents\\Default Project\\.opencode\\skills\\mcp-developer\\references\\resources.md"
2026-08-31T07:10:57.439909Z  INFO tailwindcss_oxide::scanner: Reading "C:\\Users\\pongo\\Documents\\Default Project\\.opencode\\skills\\impeccable\\scripts\\live\\poll-lanes.mjs"
2026-08-31T07:10:57.439918Z  INFO tailwindcss_oxide::scanner: Reading "C:\\Users\\pongo\\Documents\\Default Project\\.opencode\\skills\\impeccable\\reference\\quieter.md"
2026-08-31T07:10:57.439943Z  INFO tailwindcss_oxide::scanner: Reading "C:\\Users\\pongo\\Documents\\Default Project\\.opencode\\skills\\kotlin-specialist\\references\\ktor-server.md"
2026-08-31T07:10:57.439947Z  INFO tailwindcss_oxide::scanner: Reading "C:\\Users\\pongo\\Documents\\Default Project\\.opencode\\skills\\angular-architect\\references\\testing.md"
2026-08-31T07:10:57.439962Z  INFO tailwindcss_oxide::scanner: Reading "C:\\Users\\pongo\\Documents\\Default Project\\.opencode\\skills\\mcp-developer\\references\\tools.md"
2026-08-31T07:10:57.439964Z  INFO tailwindcss_oxide::scanner: Reading "C:\\Users\\pongo\\Documents\\Default Project\\.opencode\\skills\\impeccable\\scripts\\live\\roots.mjs"
2026-08-31T07:10:57.439972Z  INFO tailwindcss_oxide::scanner: Reading "C:\\Users\\pongo\\Documents\\Default Project\\.opencode\\skills\\code-reviewer\\references\\review-checklist.md"
2026-08-31T07:10:57.439976Z  INFO tailwindcss_oxide::scanner: Reading "C:\\Users\\pongo\\Documents\\Default Project\\.opencode\\skills\\atlassian-mcp\\references\\jira-queries.md"
2026-08-31T07:10:57.440016Z  INFO tailwindcss_oxide::scanner: Reading "C:\\Users\\pongo\\Documents\\Default Project\\.opencode\\skills\\impeccable\\scripts\\live\\session-store.mjs"
2026-08-31T07:10:57.440018Z  INFO tailwindcss_oxide::scanner: Reading "C:\\Users\\pongo\\Documents\\Default Project\\.opencode\\skills\\impeccable\\scripts\\live-browser.js"
2026-08-31T07:10:57.440017Z  INFO tailwindcss_oxide::scanner: Reading "C:\\Users\\pongo\\Documents\\Default Project\\.opencode\\skills\\kotlin-specialist\\references\\multiplatform-kmp.md"
2026-08-31T07:10:57.440032Z  INFO tailwindcss_oxide::scanner: Reading "C:\\Users\\pongo\\Documents\\Default Project\\.opencode\\skills\\mcp-developer\\references\\typescript-sdk.md"
2026-08-31T07:10:57.439980Z  INFO tailwindcss_oxide::scanner: Reading "C:\\Users\\pongo\\Documents\\Default Project\\.opencode\\skills\\impeccable\\scripts\\modern-screenshot.umd.js"
2026-08-31T07:10:57.440061Z  INFO tailwindcss_oxide::scanner: Reading "C:\\Users\\pongo\\Documents\\Default Project\\.opencode\\skills\\atlassian-mcp\\references\\mcp-server-setup.md"
2026-08-31T07:10:57.440069Z  INFO tailwindcss_oxide::scanner: Reading "C:\\Users\\pongo\\Documents\\Default Project\\.opencode\\skills\\golang-pro\\references\\concurrency.md"
2026-08-31T07:10:57.440067Z  INFO tailwindcss_oxide::scanner: Reading "C:\\Users\\pongo\\Documents\\Default Project\\.opencode\\skills\\code-reviewer\\references\\spec-compliance-review.md"
2026-08-31T07:10:57.440078Z  INFO tailwindcss_oxide::scanner: Reading "C:\\Users\\pongo\\Documents\\Default Project\\.opencode\\skills\\kotlin-specialist\\SKILL.md"
2026-08-31T07:10:57.440079Z  INFO tailwindcss_oxide::scanner: Reading "C:\\Users\\pongo\\Documents\\Default Project\\.opencode\\skills\\java-architect\\references\\jpa-optimization.md"
2026-08-31T07:10:57.440085Z  INFO tailwindcss_oxide::scanner: Reading "C:\\Users\\pongo\\Documents\\Default Project\\.opencode\\skills\\impeccable\\scripts\\live-commit-manual-edits.mjs"
2026-08-31T07:10:57.439877Z  INFO tailwindcss_oxide::scanner: Reading "C:\\Users\\pongo\\Documents\\Default Project\\.opencode\\skills\\impeccable\\scripts\\live.mjs"
2026-08-31T07:10:57.440092Z  INFO tailwindcss_oxide::scanner: Reading "C:\\Users\\pongo\\Documents\\Default Project\\.opencode\\skills\\mcp-developer\\SKILL.md"
2026-08-31T07:10:57.440125Z  INFO tailwindcss_oxide::scanner: Reading "C:\\Users\\pongo\\Documents\\Default Project\\.opencode\\skills\\impeccable\\reference\\routing.md"
2026-08-31T07:10:57.440020Z  INFO tailwindcss_oxide::scanner: Reading "C:\\Users\\pongo\\Documents\\Default Project\\.opencode\\skills\\angular-architect\\SKILL.md"
2026-08-31T07:10:57.440140Z  INFO tailwindcss_oxide::scanner: Reading "C:\\Users\\pongo\\Documents\\Default Project\\.opencode\\skills\\golang-pro\\references\\generics.md"
2026-08-31T07:10:57.440144Z  INFO tailwindcss_oxide::scanner: Reading "C:\\Users\\pongo\\Documents\\Default Project\\.opencode\\skills\\golang-pro\\references\\interfaces.md"
2026-08-31T07:10:57.440154Z  INFO tailwindcss_oxide::scanner: Reading "C:\\Users\\pongo\\Documents\\Default Project\\.opencode\\skills\\java-architect\\references\\reactive-webflux.md"
2026-08-31T07:10:57.440164Z  INFO tailwindcss_oxide::scanner: Reading "C:\\Users\\pongo\\Documents\\Default Project\\.opencode\\skills\\impeccable\\reference\\shape.md"
2026-08-31T07:10:57.440172Z  INFO tailwindcss_oxide::scanner: Reading "C:\\Users\\pongo\\Documents\\Default Project\\.opencode\\skills\\microservices-architect\\references\\communication.md"
2026-08-31T07:10:57.440167Z  INFO tailwindcss_oxide::scanner: Reading "C:\\Users\\pongo\\Documents\\Default Project\\.opencode\\skills\\impeccable\\reference\\android.md"
2026-08-31T07:10:57.440189Z  INFO tailwindcss_oxide::scanner: Reading "C:\\Users\\pongo\\Documents\\Default Project\\.opencode\\skills\\api-designer\\references\\error-handling.md"
2026-08-31T07:10:57.440212Z  INFO tailwindcss_oxide::scanner: Reading "C:\\Users\\pongo\\Documents\\Default Project\\.opencode\\skills\\java-architect\\references\\spring-boot-setup.md"
2026-08-31T07:10:57.440212Z  INFO tailwindcss_oxide::scanner: Reading "C:\\Users\\pongo\\Documents\\Default Project\\.opencode\\skills\\code-reviewer\\SKILL.md"
2026-08-31T07:10:57.440216Z  INFO tailwindcss_oxide::scanner: Reading "C:\\Users\\pongo\\Documents\\Default Project\\.opencode\\skills\\golang-pro\\references\\project-structure.md"
2026-08-31T07:10:57.440232Z  INFO tailwindcss_oxide::scanner: Reading "C:\\Users\\pongo\\Documents\\Default Project\\.opencode\\skills\\microservices-architect\\references\\data.md"
2026-08-31T07:10:57.440234Z  INFO tailwindcss_oxide::scanner: Reading "C:\\Users\\pongo\\Documents\\Default Project\\.opencode\\skills\\impeccable\\reference\\typeset.md"
2026-08-31T07:10:57.440231Z  INFO tailwindcss_oxide::scanner: Reading "C:\\Users\\pongo\\Documents\\Default Project\\.opencode\\skills\\impeccable\\scripts\\detector\\engines\\static-html\\css-cascade.mjs"
2026-08-31T07:10:57.440263Z  INFO tailwindcss_oxide::scanner: Reading "C:\\Users\\pongo\\Documents\\Default Project\\.opencode\\skills\\api-designer\\references\\openapi.md"
2026-08-31T07:10:57.440268Z  INFO tailwindcss_oxide::scanner: Reading "C:\\Users\\pongo\\Documents\\Default Project\\.opencode\\skills\\java-architect\\references\\spring-security.md"
2026-08-31T07:10:57.440276Z  INFO tailwindcss_oxide::scanner: Reading "C:\\Users\\pongo\\Documents\\Default Project\\.opencode\\skills\\golang-pro\\references\\testing.md"
2026-08-31T07:10:57.440281Z  INFO tailwindcss_oxide::scanner: Reading "C:\\Users\\pongo\\Documents\\Default Project\\.opencode\\skills\\impeccable\\scripts\\detector\\engines\\static-html\\detect-html.mjs"
2026-08-31T07:10:57.440309Z  INFO tailwindcss_oxide::scanner: Reading "C:\\Users\\pongo\\Documents\\Default Project\\.opencode\\skills\\microservices-architect\\references\\decomposition.md"
2026-08-31T07:10:57.440314Z  INFO tailwindcss_oxide::scanner: Reading "C:\\Users\\pongo\\Documents\\Default Project\\.opencode\\skills\\impeccable\\reference\\visualize.md"
2026-08-31T07:10:57.440321Z  INFO tailwindcss_oxide::scanner: Reading "C:\\Users\\pongo\\Documents\\Default Project\\.opencode\\skills\\impeccable\\scripts\\detector\\engines\\visual\\screenshot-contrast.mjs"
2026-08-31T07:10:57.440322Z  INFO tailwindcss_oxide::scanner: Reading "C:\\Users\\pongo\\Documents\\Default Project\\.opencode\\skills\\api-designer\\references\\pagination.md"
2026-08-31T07:10:57.440325Z  INFO tailwindcss_oxide::scanner: Reading "C:\\Users\\pongo\\Documents\\Default Project\\.agents\\skills\\supabase-postgres-best-practices\\references\\monitor-pg-stat-statements.md"
2026-08-31T07:10:57.440343Z  INFO tailwindcss_oxide::scanner: Reading "C:\\Users\\pongo\\Documents\\Default Project\\.opencode\\skills\\cpp-pro\\references\\build-tooling.md"
2026-08-31T07:10:57.440350Z  INFO tailwindcss_oxide::scanner: Reading "C:\\Users\\pongo\\Documents\\Default Project\\.opencode\\skills\\golang-pro\\SKILL.md"
2026-08-31T07:10:57.440356Z  INFO tailwindcss_oxide::scanner: Reading "C:\\Users\\pongo\\Documents\\Default Project\\.opencode\\skills\\impeccable\\scripts\\detector\\findings.mjs"
2026-08-31T07:10:57.440366Z  INFO tailwindcss_oxide::scanner: Reading "C:\\Users\\pongo\\Documents\\Default Project\\.opencode\\skills\\impeccable\\scripts\\command-metadata.json"
2026-08-31T07:10:57.440376Z  INFO tailwindcss_oxide::scanner: Reading "C:\\Users\\pongo\\Documents\\Default Project\\.opencode\\skills\\api-designer\\references\\rest-patterns.md"
2026-08-31T07:10:57.440382Z  INFO tailwindcss_oxide::scanner: Reading "C:\\Users\\pongo\\Documents\\Default Project\\.opencode\\skills\\microservices-architect\\references\\observability.md"
2026-08-31T07:10:57.440055Z  INFO tailwindcss_oxide::scanner: Reading "C:\\Users\\pongo\\Documents\\Default Project\\.opencode\\skills\\impeccable\\scripts\\live\\source-lock.mjs"
2026-08-31T07:10:57.440406Z  INFO tailwindcss_oxide::scanner: Reading "C:\\Users\\pongo\\Documents\\Default Project\\.opencode\\skills\\dotnet-core-expert\\references\\entity-framework.md"
2026-08-31T07:10:57.440409Z  INFO tailwindcss_oxide::scanner: Reading "C:\\Users\\pongo\\Documents\\Default Project\\.opencode\\skills\\graphql-architect\\references\\federation.md"
2026-08-31T07:10:57.440414Z  INFO tailwindcss_oxide::scanner: Reading "C:\\Users\\pongo\\Documents\\Default Project\\.agents\\skills\\supabase-postgres-best-practices\\references\\monitor-vacuum-analyze.md"
2026-08-31T07:10:57.440424Z  INFO tailwindcss_oxide::scanner: Reading "C:\\Users\\pongo\\Documents\\Default Project\\.opencode\\skills\\api-designer\\references\\versioning.md"
2026-08-31T07:10:57.440430Z  INFO tailwindcss_oxide::scanner: Reading "C:\\Users\\pongo\\Documents\\Default Project\\.opencode\\skills\\impeccable\\scripts\\concept-seed.mjs"
2026-08-31T07:10:57.440453Z  INFO tailwindcss_oxide::scanner: Reading "C:\\Users\\pongo\\Documents\\Default Project\\.opencode\\skills\\graphql-architect\\references\\resolvers.md"
2026-08-31T07:10:57.440454Z  INFO tailwindcss_oxide::scanner: Reading "C:\\Users\\pongo\\Documents\\Default Project\\.opencode\\skills\\kubernetes-specialist\\references\\configuration.md"
2026-08-31T07:10:57.440396Z  INFO tailwindcss_oxide::scanner: Reading "C:\\Users\\pongo\\Documents\\Default Project\\.opencode\\skills\\impeccable\\scripts\\detector\\node\\file-system.mjs"
2026-08-31T07:10:57.440217Z  INFO tailwindcss_oxide::scanner: Reading "C:\\Users\\pongo\\Documents\\Default Project\\.opencode\\skills\\atlassian-mcp\\SKILL.md"
2026-08-31T07:10:57.440483Z  INFO tailwindcss_oxide::scanner: Reading "C:\\Users\\pongo\\Documents\\Default Project\\.opencode\\skills\\dotnet-core-expert\\references\\minimal-apis.md"
2026-08-31T07:10:57.440353Z  INFO tailwindcss_oxide::scanner: Reading "C:\\Users\\pongo\\Documents\\Default Project\\.opencode\\skills\\java-architect\\references\\testing-patterns.md"
2026-08-31T07:10:57.440490Z  INFO tailwindcss_oxide::scanner: Reading "C:\\Users\\pongo\\Documents\\Default Project\\.opencode\\skills\\cpp-pro\\references\\concurrency.md"
2026-08-31T07:10:57.440512Z  INFO tailwindcss_oxide::scanner: Reading "C:\\Users\\pongo\\Documents\\Default Project\\.opencode\\skills\\impeccable\\scripts\\detector\\profile\\profiler.mjs"
2026-08-31T07:10:57.440513Z  INFO tailwindcss_oxide::scanner: Reading "C:\\Users\\pongo\\Documents\\Default Project\\.opencode\\skills\\graphql-architect\\references\\migration-from-rest.md"
2026-08-31T07:10:57.440519Z  INFO tailwindcss_oxide::scanner: Reading "C:\\Users\\pongo\\Documents\\Default Project\\.opencode\\skills\\impeccable\\scripts\\doctor.mjs"
2026-08-31T07:10:57.440536Z  INFO tailwindcss_oxide::scanner: Reading "C:\\Users\\pongo\\Documents\\Default Project\\.opencode\\skills\\dotnet-core-expert\\SKILL.md"
2026-08-31T07:10:57.440537Z  INFO tailwindcss_oxide::scanner: Reading "C:\\Users\\pongo\\Documents\\Default Project\\.opencode\\skills\\chaos-engineer\\references\\chaos-tools.md"
2026-08-31T07:10:57.440540Z  INFO tailwindcss_oxide::scanner: Reading "C:\\Users\\pongo\\Documents\\Default Project\\.opencode\\skills\\graphql-architect\\references\\schema-design.md"
2026-08-31T07:10:57.440557Z  INFO tailwindcss_oxide::scanner: Reading "C:\\Users\\pongo\\Documents\\Default Project\\.opencode\\skills\\java-architect\\SKILL.md"
2026-08-31T07:10:57.440563Z  INFO tailwindcss_oxide::scanner: Reading "C:\\Users\\pongo\\Documents\\Default Project\\.opencode\\skills\\impeccable\\scripts\\detector\\registry\\antipatterns.mjs"
2026-08-31T07:10:57.440586Z  INFO tailwindcss_oxide::scanner: Reading "C:\\Users\\pongo\\Documents\\Default Project\\.opencode\\skills\\embedded-systems\\references\\communication-protocols.md"
2026-08-31T07:10:57.440475Z  INFO tailwindcss_oxide::scanner: Reading "C:\\Users\\pongo\\Documents\\Default Project\\.opencode\\skills\\impeccable\\scripts\\context-signals.mjs"
2026-08-31T07:10:57.440475Z  INFO tailwindcss_oxide::scanner: Reading "C:\\Users\\pongo\\Documents\\Default Project\\.opencode\\skills\\api-designer\\SKILL.md"
2026-08-31T07:10:57.440605Z  INFO tailwindcss_oxide::scanner: Reading "C:\\Users\\pongo\\Documents\\Default Project\\.opencode\\skills\\chaos-engineer\\references\\experiment-design.md"
2026-08-31T07:10:57.440621Z  INFO tailwindcss_oxide::scanner: Reading "C:\\Users\\pongo\\Documents\\Default Project\\.opencode\\skills\\impeccable\\scripts\\embed-prompt.mjs"
2026-08-31T07:10:57.440638Z  INFO tailwindcss_oxide::scanner: Reading "C:\\Users\\pongo\\Documents\\Default Project\\.opencode\\skills\\kubernetes-specialist\\references\\cost-optimization.md"
2026-08-31T07:10:57.440667Z  INFO tailwindcss_oxide::scanner: Reading "C:\\Users\\pongo\\Documents\\Default Project\\.opencode\\skills\\embedded-systems\\references\\memory-optimization.md"
2026-08-31T07:10:57.440668Z  INFO tailwindcss_oxide::scanner: Reading "C:\\Users\\pongo\\Documents\\Default Project\\.opencode\\skills\\impeccable\\reference\\animate.md"
2026-08-31T07:10:57.440671Z  INFO tailwindcss_oxide::scanner: Reading "C:\\Users\\pongo\\Documents\\Default Project\\.opencode\\skills\\impeccable\\scripts\\context.mjs"
2026-08-31T07:10:57.440687Z  INFO tailwindcss_oxide::scanner: Reading "C:\\Users\\pongo\\Documents\\Default Project\\.opencode\\skills\\architecture-designer\\references\\adr-template.md"
2026-08-31T07:10:57.440694Z  INFO tailwindcss_oxide::scanner: Reading "C:\\Users\\pongo\\Documents\\Default Project\\.opencode\\skills\\kubernetes-specialist\\references\\custom-operators.md"
2026-08-31T07:10:57.440703Z  INFO tailwindcss_oxide::scanner: Reading "C:\\Users\\pongo\\Documents\\Default Project\\.opencode\\skills\\impeccable\\scripts\\detector\\rules\\checks.mjs"
2026-08-31T07:10:57.440706Z  INFO tailwindcss_oxide::scanner: Reading "C:\\Users\\pongo\\Documents\\Default Project\\.opencode\\skills\\chaos-engineer\\references\\game-days.md"
2026-08-31T07:10:57.440718Z  INFO tailwindcss_oxide::scanner: Reading "C:\\Users\\pongo\\Documents\\Default Project\\.opencode\\skills\\impeccable\\scripts\\critique-storage.mjs"
2026-08-31T07:10:57.440718Z  INFO tailwindcss_oxide::scanner: Reading "C:\\Users\\pongo\\Documents\\Default Project\\.opencode\\skills\\impeccable\\scripts\\lib\\surface-briefs.mjs"
2026-08-31T07:10:57.440722Z  INFO tailwindcss_oxide::scanner: Reading "C:\\Users\\pongo\\Documents\\Default Project\\.opencode\\skills\\impeccable\\scripts\\generate-image.mjs"
2026-08-31T07:10:57.440729Z  INFO tailwindcss_oxide::scanner: Reading "C:\\Users\\pongo\\Documents\\Default Project\\.opencode\\skills\\architecture-designer\\references\\architecture-patterns.md"
2026-08-31T07:10:57.440753Z  INFO tailwindcss_oxide::scanner: Reading "C:\\Users\\pongo\\Documents\\Default Project\\.opencode\\skills\\javascript-pro\\references\\async-patterns.md"
2026-08-31T07:10:57.440755Z  INFO tailwindcss_oxide::scanner: Reading "C:\\Users\\pongo\\Documents\\Default Project\\.opencode\\skills\\impeccable\\scripts\\detector\\shared\\color.mjs"
2026-08-31T07:10:57.440754Z  INFO tailwindcss_oxide::scanner: Reading "C:\\Users\\pongo\\Documents\\Default Project\\.opencode\\skills\\impeccable\\scripts\\detect-csp.mjs"
2026-08-31T07:10:57.440765Z  INFO tailwindcss_oxide::scanner: Reading "C:\\Users\\pongo\\Documents\\Default Project\\.opencode\\skills\\kubernetes-specialist\\references\\gitops.md"
2026-08-31T07:10:57.440758Z  INFO tailwindcss_oxide::scanner: Reading "C:\\Users\\pongo\\Documents\\Default Project\\.opencode\\skills\\chaos-engineer\\references\\infrastructure-chaos.md"
2026-08-31T07:10:57.440800Z  INFO tailwindcss_oxide::scanner: Reading "C:\\Users\\pongo\\Documents\\Default Project\\.opencode\\skills\\impeccable\\scripts\\detect.mjs"
2026-08-31T07:10:57.440805Z  INFO tailwindcss_oxide::scanner: Reading "C:\\Users\\pongo\\Documents\\Default Project\\.opencode\\skills\\impeccable\\reference\\degraded\\manual-edit-applier.md"
2026-08-31T07:10:57.440809Z  INFO tailwindcss_oxide::scanner: Reading "C:\\Users\\pongo\\Documents\\Default Project\\.opencode\\skills\\kubernetes-specialist\\references\\helm-charts.md"
2026-08-31T07:10:57.440807Z  INFO tailwindcss_oxide::scanner: Reading "C:\\Users\\pongo\\Documents\\Default Project\\.opencode\\skills\\impeccable\\scripts\\lib\\target-args.mjs"
2026-08-31T07:10:57.440825Z  INFO tailwindcss_oxide::scanner: Reading "C:\\Users\\pongo\\Documents\\Default Project\\.opencode\\skills\\graphql-architect\\references\\security.md"
2026-08-31T07:10:57.440836Z  INFO tailwindcss_oxide::scanner: Reading "C:\\Users\\pongo\\Documents\\Default Project\\.opencode\\skills\\impeccable\\scripts\\detector\\shared\\constants.mjs"
2026-08-31T07:10:57.440843Z  INFO tailwindcss_oxide::scanner: Reading "C:\\Users\\pongo\\Documents\\Default Project\\.opencode\\skills\\chaos-engineer\\references\\kubernetes-chaos.md"
2026-08-31T07:10:57.440843Z  INFO tailwindcss_oxide::scanner: Reading "C:\\Users\\pongo\\Documents\\Default Project\\.opencode\\skills\\impeccable\\scripts\\hook-admin.mjs"
2026-08-31T07:10:57.440861Z  INFO tailwindcss_oxide::scanner: Reading "C:\\Users\\pongo\\Documents\\Default Project\\.opencode\\skills\\impeccable\\reference\\delight.md"
2026-08-31T07:10:57.440811Z  INFO tailwindcss_oxide::scanner: Reading "C:\\Users\\pongo\\Documents\\Default Project\\.opencode\\skills\\embedded-systems\\references\\microcontroller-programming.md"
2026-08-31T07:10:57.440884Z  INFO tailwindcss_oxide::scanner: Reading "C:\\Users\\pongo\\Documents\\Default Project\\.opencode\\skills\\kubernetes-specialist\\references\\multi-cluster.md"
2026-08-31T07:10:57.440890Z  INFO tailwindcss_oxide::scanner: Reading "C:\\Users\\pongo\\Documents\\Default Project\\.opencode\\skills\\chaos-engineer\\SKILL.md"
2026-08-31T07:10:57.440894Z  INFO tailwindcss_oxide::scanner: Reading "C:\\Users\\pongo\\Documents\\Default Project\\.agents\\skills\\supabase-postgres-best-practices\\references\\security-rls-performance.md"
2026-08-31T07:10:57.440894Z  INFO tailwindcss_oxide::scanner: Reading "C:\\Users\\pongo\\Documents\\Default Project\\.opencode\\skills\\impeccable\\scripts\\lib\\target-slug.mjs"
2026-08-31T07:10:57.440122Z  INFO tailwindcss_oxide::scanner: Reading "C:\\Users\\pongo\\Documents\\Default Project\\.opencode\\skills\\impeccable\\scripts\\live-complete.mjs"
2026-08-31T07:10:57.440908Z  INFO tailwindcss_oxide::scanner: Reading "C:\\Users\\pongo\\Documents\\Default Project\\.opencode\\skills\\graphql-architect\\references\\subscriptions.md"
2026-08-31T07:10:57.440933Z  INFO tailwindcss_oxide::scanner: Reading "C:\\Users\\pongo\\Documents\\Default Project\\.opencode\\skills\\kubernetes-specialist\\references\\networking.md"
2026-08-31T07:10:57.440935Z  INFO tailwindcss_oxide::scanner: Reading "C:\\Users\\pongo\\Documents\\Default Project\\.agents\\skills\\supabase-postgres-best-practices\\references\\_contributing.md"
2026-08-31T07:10:57.440942Z  INFO tailwindcss_oxide::scanner: Reading "C:\\Users\\pongo\\Documents\\Default Project\\.opencode\\skills\\impeccable\\scripts\\hook.mjs"
2026-08-31T07:10:57.440946Z  INFO tailwindcss_oxide::scanner: Reading "C:\\Users\\pongo\\Documents\\Default Project\\.opencode\\skills\\cli-developer\\references\\design-patterns.md"
2026-08-31T07:10:57.440945Z  INFO tailwindcss_oxide::scanner: Reading "C:\\Users\\pongo\\Documents\\Default Project\\.opencode\\skills\\impeccable\\scripts\\hook-before-edit.mjs"
2026-08-31T07:10:57.440981Z  INFO tailwindcss_oxide::scanner: Reading "C:\\Users\\pongo\\Documents\\Default Project\\.opencode\\skills\\kubernetes-specialist\\references\\service-mesh.md"
2026-08-31T07:10:57.440982Z  INFO tailwindcss_oxide::scanner: Reading "C:\\Users\\pongo\\Documents\\Default Project\\.opencode\\skills\\impeccable\\scripts\\detector\\shared\\fonts.mjs"
2026-08-31T07:10:57.440900Z  INFO tailwindcss_oxide::scanner: Reading "C:\\Users\\pongo\\Documents\\Default Project\\.opencode\\skills\\impeccable\\reference\\distill.md"
2026-08-31T07:10:57.441012Z  INFO tailwindcss_oxide::scanner: Reading "C:\\Users\\pongo\\Documents\\Default Project\\.opencode\\skills\\cli-developer\\references\\go-cli.md"
2026-08-31T07:10:57.440979Z  INFO tailwindcss_oxide::scanner: Reading "C:\\Users\\pongo\\Documents\\Default Project\\.opencode\\skills\\impeccable\\scripts\\lib\\template-extensions.mjs"
2026-08-31T07:10:57.440624Z  INFO tailwindcss_oxide::scanner: Reading "C:\\Users\\pongo\\Documents\\Default Project\\.opencode\\skills\\cpp-pro\\references\\memory-performance.md"
2026-08-31T07:10:57.440815Z  INFO tailwindcss_oxide::scanner: Reading "C:\\Users\\pongo\\Documents\\Default Project\\.opencode\\skills\\javascript-pro\\references\\browser-apis.md"
2026-08-31T07:10:57.441077Z  INFO tailwindcss_oxide::scanner: Reading "C:\\Users\\pongo\\Documents\\Default Project\\.opencode\\skills\\impeccable\\scripts\\detector\\browser\\injected\\index.mjs"
2026-08-31T07:10:57.441121Z  INFO tailwindcss_oxide::scanner: Reading "C:\\Users\\pongo\\Documents\\Default Project\\.opencode\\skills\\embedded-systems\\references\\power-optimization.md"
2026-08-31T07:10:57.441124Z  INFO tailwindcss_oxide::scanner: Reading "C:\\Users\\pongo\\Documents\\Default Project\\.opencode\\skills\\cli-developer\\references\\node-cli.md"
2026-08-31T07:10:57.440985Z  INFO tailwindcss_oxide::scanner: Reading "C:\\Users\\pongo\\Documents\\Default Project\\.opencode\\skills\\impeccable\\scripts\\lib\\artifact-schema.mjs"
2026-08-31T07:10:57.441094Z  INFO tailwindcss_oxide::scanner: Reading "C:\\Users\\pongo\\Documents\\Default Project\\.opencode\\skills\\impeccable\\reference\\doctor.md"
2026-08-31T07:10:57.441174Z  INFO tailwindcss_oxide::scanner: Reading "C:\\Users\\pongo\\Documents\\Default Project\\.opencode\\skills\\feature-forge\\references\\acceptance-criteria.md"
2026-08-31T07:10:57.440985Z  INFO tailwindcss_oxide::scanner: Reading "C:\\Users\\pongo\\Documents\\Default Project\\.agents\\skills\\supabase-postgres-best-practices\\references\\_sections.md"
2026-08-31T07:10:57.441200Z  INFO tailwindcss_oxide::scanner: Reading "C:\\Users\\pongo\\Documents\\Default Project\\.opencode\\skills\\impeccable\\scripts\\hook-lib.mjs"
2026-08-31T07:10:57.441209Z  INFO tailwindcss_oxide::scanner: Reading "C:\\Users\\pongo\\Documents\\Default Project\\.opencode\\skills\\embedded-systems\\references\\rtos-patterns.md"
2026-08-31T07:10:57.441213Z  INFO tailwindcss_oxide::scanner: Reading "C:\\Users\\pongo\\Documents\\Default Project\\.opencode\\skills\\impeccable\\scripts\\detector\\cli\\main.mjs"
2026-08-31T07:10:57.441213Z  INFO tailwindcss_oxide::scanner: Reading "C:\\Users\\pongo\\Documents\\Default Project\\.opencode\\skills\\feature-forge\\references\\ears-syntax.md"
2026-08-31T07:10:57.441228Z  INFO tailwindcss_oxide::scanner: Reading "C:\\Users\\pongo\\Documents\\Default Project\\.agents\\skills\\supabase-postgres-best-practices\\references\\_template.md"
2026-08-31T07:10:57.441234Z  INFO tailwindcss_oxide::scanner: Reading "C:\\Users\\pongo\\Documents\\Default Project\\.opencode\\skills\\impeccable\\reference\\document.md"
2026-08-31T07:10:57.441260Z  INFO tailwindcss_oxide::scanner: Reading "C:\\Users\\pongo\\Documents\\Default Project\\.opencode\\skills\\feature-forge\\references\\interview-questions.md"
2026-08-31T07:10:57.441263Z  INFO tailwindcss_oxide::scanner: Reading "C:\\Users\\pongo\\Documents\\Default Project\\.opencode\\skills\\impeccable\\scripts\\lib\\composition-catalog.mjs"
2026-08-31T07:10:57.441269Z  INFO tailwindcss_oxide::scanner: Reading "C:\\Users\\pongo\\Documents\\Default Project\\.agents\\skills\\supabase-postgres-best-practices\\SKILL.md"
2026-08-31T07:10:57.441172Z  INFO tailwindcss_oxide::scanner: Reading "C:\\Users\\pongo\\Documents\\Default Project\\.agents\\skills\\supabase-postgres-best-practices\\references\\security-privileges.md"
2026-08-31T07:10:57.441296Z  INFO tailwindcss_oxide::scanner: Reading "C:\\Users\\pongo\\Documents\\Default Project\\.opencode\\skills\\impeccable\\scripts\\detector\\design-system.mjs"
2026-08-31T07:10:57.441300Z  INFO tailwindcss_oxide::scanner: Reading "C:\\Users\\pongo\\Documents\\Default Project\\.opencode\\skills\\kubernetes-specialist\\references\\troubleshooting.md"
2026-08-31T07:10:57.441294Z  INFO tailwindcss_oxide::scanner: Reading "C:\\Users\\pongo\\Documents\\Default Project\\.opencode\\skills\\impeccable\\reference\\audit.md"
2026-08-31T07:10:57.441328Z  INFO tailwindcss_oxide::scanner: Reading "C:\\Users\\pongo\\Documents\\Default Project\\.opencode\\skills\\impeccable\\scripts\\lib\\concept-catalog.mjs"
2026-08-31T07:10:57.441351Z  INFO tailwindcss_oxide::scanner: Reading "C:\\Users\\pongo\\Documents\\Default Project\\.opencode\\skills\\microservices-architect\\references\\patterns.md"
2026-08-31T07:10:57.441401Z  INFO tailwindcss_oxide::scanner: Reading "C:\\Users\\pongo\\Documents\\Default Project\\.opencode\\skills\\impeccable\\reference\\audit.native.md"
2026-08-31T07:10:57.441402Z  INFO tailwindcss_oxide::scanner: Reading "C:\\Users\\pongo\\Documents\\Default Project\\.opencode\\skills\\impeccable\\scripts\\lib\\design-parser.mjs"
2026-08-31T07:10:57.441411Z  INFO tailwindcss_oxide::scanner: Reading "C:\\Users\\pongo\\Documents\\Default Project\\.opencode\\skills\\microservices-architect\\SKILL.md"
2026-08-31T07:10:57.441422Z  INFO tailwindcss_oxide::scanner: Reading "C:\\Users\\pongo\\Documents\\Default Project\\.opencode\\skills\\kubernetes-specialist\\references\\workloads.md"
2026-08-31T07:10:57.441213Z  INFO tailwindcss_oxide::scanner: Reading "C:\\Users\\pongo\\Documents\\Default Project\\.opencode\\skills\\impeccable\\scripts\\live\\accept-css.mjs"
2026-08-31T07:10:57.441311Z  INFO tailwindcss_oxide::scanner: Reading "C:\\Users\\pongo\\Documents\\Default Project\\.opencode\\skills\\impeccable\\reference\\extract.md"
2026-08-31T07:10:57.441454Z  INFO tailwindcss_oxide::scanner: Reading "C:\\Users\\pongo\\Documents\\Default Project\\.opencode\\skills\\impeccable\\scripts\\lib\\impeccable-config.mjs"
2026-08-31T07:10:57.441463Z  INFO tailwindcss_oxide::scanner: Reading "C:\\Users\\pongo\\Documents\\Default Project\\.opencode\\skills\\impeccable\\reference\\bolder.md"
2026-08-31T07:10:57.441487Z  INFO tailwindcss_oxide::scanner: Reading "C:\\Users\\pongo\\Documents\\Default Project\\.opencode\\skills\\impeccable\\reference\\harden.md"
2026-08-31T07:10:57.441491Z  INFO tailwindcss_oxide::scanner: Reading "C:\\Users\\pongo\\Documents\\Default Project\\.opencode\\skills\\impeccable\\scripts\\lib\\impeccable-paths.mjs"
2026-08-31T07:10:57.441311Z  INFO tailwindcss_oxide::scanner: Reading "C:\\Users\\pongo\\Documents\\Default Project\\.agents\\skills\\task-observer\\references\\environments.md"
2026-08-31T07:10:57.441421Z  INFO tailwindcss_oxide::scanner: Reading "C:\\Users\\pongo\\Documents\\Default Project\\.agents\\skills\\supabase-postgres-best-practices\\references\\security-rls-basics.md"
2026-08-31T07:10:57.441533Z  INFO tailwindcss_oxide::scanner: Reading "C:\\Users\\pongo\\Documents\\Default Project\\.opencode\\skills\\impeccable\\reference\\adapt.md"
2026-08-31T07:10:57.441535Z  INFO tailwindcss_oxide::scanner: Reading "C:\\Users\\pongo\\Documents\\Default Project\\.opencode\\skills\\impeccable\\reference\\clarify.md"
2026-08-31T07:10:57.441229Z  INFO tailwindcss_oxide::scanner: Reading "C:\\Users\\pongo\\Documents\\Default Project\\.opencode\\skills\\cli-developer\\references\\python-cli.md"
2026-08-31T07:10:57.441551Z  INFO tailwindcss_oxide::scanner: Reading "C:\\Users\\pongo\\Documents\\Default Project\\.agents\\skills\\task-observer\\references\\skill-authoring.md"
2026-08-31T07:10:57.441557Z  INFO tailwindcss_oxide::scanner: Reading "C:\\Users\\pongo\\Documents\\Default Project\\.opencode\\skills\\graphql-architect\\SKILL.md"
2026-08-31T07:10:57.441076Z  INFO tailwindcss_oxide::scanner: Reading "C:\\Users\\pongo\\Documents\\Default Project\\.opencode\\skills\\kubernetes-specialist\\references\\storage.md"
2026-08-31T07:10:57.441542Z  INFO tailwindcss_oxide::scanner: Reading "C:\\Users\\pongo\\Documents\\Default Project\\.opencode\\skills\\kubernetes-specialist\\SKILL.md"
2026-08-31T07:10:57.441605Z  INFO tailwindcss_oxide::scanner: Reading "C:\\Users\\pongo\\Documents\\Default Project\\.agents\\skills\\task-observer\\references\\weekly-review.md"
2026-08-31T07:10:57.441611Z  INFO tailwindcss_oxide::scanner: Reading "C:\\Users\\pongo\\Documents\\Default Project\\.opencode\\skills\\impeccable\\reference\\colorize.md"
2026-08-31T07:10:57.441579Z  INFO tailwindcss_oxide::scanner: Reading "C:\\Users\\pongo\\Documents\\Default Project\\.opencode\\skills\\impeccable\\scripts\\live\\accept-verify.mjs"
2026-08-31T07:10:57.441299Z  INFO tailwindcss_oxide::scanner: Reading "C:\\Users\\pongo\\Documents\\Default Project\\.opencode\\skills\\feature-forge\\references\\pre-discovery-subagents.md"
2026-08-31T07:10:57.441640Z  INFO tailwindcss_oxide::scanner: Reading "C:\\Users\\pongo\\Documents\\Default Project\\.opencode\\skills\\cpp-pro\\references\\modern-cpp.md"
2026-08-31T07:10:57.441538Z  INFO tailwindcss_oxide::scanner: Reading "C:\\Users\\pongo\\Documents\\Default Project\\.opencode\\skills\\embedded-systems\\SKILL.md"
2026-08-31T07:10:57.441663Z  INFO tailwindcss_oxide::scanner: Reading "C:\\Users\\pongo\\Documents\\Default Project\\.agents\\skills\\task-observer\\SKILL.md"
2026-08-31T07:10:57.441669Z  INFO tailwindcss_oxide::scanner: Reading "C:\\Users\\pongo\\Documents\\Default Project\\.opencode\\skills\\impeccable\\reference\\craft-floor.md"
2026-08-31T07:10:57.441630Z  INFO tailwindcss_oxide::scanner: Reading "C:\\Users\\pongo\\Documents\\Default Project\\.opencode\\skills\\ml-pipeline\\references\\experiment-tracking.md"
2026-08-31T07:10:57.441703Z  INFO tailwindcss_oxide::scanner: Reading "C:\\Users\\pongo\\Documents\\Default Project\\.opencode\\skills\\shrinkage\\scripts\\plan.py"
2026-08-31T07:10:57.441719Z  INFO tailwindcss_oxide::scanner: Reading "C:\\Users\\pongo\\Documents\\Default Project\\.opencode\\skills\\impeccable\\reference\\craft.md"
2026-08-31T07:10:57.441725Z  INFO tailwindcss_oxide::scanner: Reading "C:\\Users\\pongo\\Documents\\Default Project\\.opencode\\skills\\cpp-pro\\references\\templates.md"
2026-08-31T07:10:57.441727Z  INFO tailwindcss_oxide::scanner: Reading "C:\\Users\\pongo\\Documents\\Default Project\\.opencode\\skills\\fastapi-expert\\references\\async-sqlalchemy.md"
2026-08-31T07:10:57.441578Z  INFO tailwindcss_oxide::scanner: Reading "C:\\Users\\pongo\\Documents\\Default Project\\.opencode\\skills\\impeccable\\reference\\adapt.native.md"
2026-08-31T07:10:57.441532Z  INFO tailwindcss_oxide::scanner: Reading "C:\\Users\\pongo\\Documents\\Default Project\\.opencode\\skills\\impeccable\\scripts\\detector\\detect-antipatterns-browser.js"
2026-08-31T07:10:57.441747Z  INFO tailwindcss_oxide::scanner: Reading "C:\\Users\\pongo\\Documents\\Default Project\\.opencode\\skills\\impeccable\\scripts\\live\\browser-script-parts.mjs"
2026-08-31T07:10:57.441768Z  INFO tailwindcss_oxide::scanner: Reading "C:\\Users\\pongo\\Documents\\Default Project\\.opencode\\skills\\feature-forge\\references\\specification-template.md"
2026-08-31T07:10:57.441639Z  INFO tailwindcss_oxide::scanner: Reading "C:\\Users\\pongo\\Documents\\Default Project\\.opencode\\skills\\impeccable\\reference\\hooks.md"
2026-08-31T07:10:57.441726Z  INFO tailwindcss_oxide::scanner: Reading "C:\\Users\\pongo\\Documents\\Default Project\\.opencode\\agents\\api-designer.md"
2026-08-31T07:10:57.441791Z  INFO tailwindcss_oxide::scanner: Reading "C:\\Users\\pongo\\Documents\\Default Project\\.opencode\\skills\\cpp-pro\\SKILL.md"
2026-08-31T07:10:57.441796Z  INFO tailwindcss_oxide::scanner: Reading "C:\\Users\\pongo\\Documents\\Default Project\\.opencode\\skills\\impeccable\\reference\\critique.md"
2026-08-31T07:10:57.441809Z  INFO tailwindcss_oxide::scanner: Reading "C:\\Users\\pongo\\Documents\\Default Project\\.opencode\\skills\\impeccable\\scripts\\live\\frameworks\\index.mjs"
2026-08-31T07:10:57.441682Z  INFO tailwindcss_oxide::scanner: Reading "C:\\Users\\pongo\\Documents\\Default Project\\.opencode\\skills\\laravel-specialist\\references\\eloquent.md"
2026-08-31T07:10:57.441839Z  INFO tailwindcss_oxide::scanner: Reading "C:\\Users\\pongo\\Documents\\Default Project\\.opencode\\agents\\backend-architect.md"
2026-08-31T07:10:57.441842Z  INFO tailwindcss_oxide::scanner: Reading "C:\\Users\\pongo\\Documents\\Default Project\\.opencode\\skills\\csharp-developer\\references\\aspnet-core.md"
2026-08-31T07:10:57.441855Z  INFO tailwindcss_oxide::scanner: Reading "C:\\Users\\pongo\\Documents\\Default Project\\.opencode\\skills\\feature-forge\\SKILL.md"
2026-08-31T07:10:57.441867Z  INFO tailwindcss_oxide::scanner: Reading "C:\\Users\\pongo\\Documents\\Default Project\\.opencode\\skills\\impeccable\\reference\\init.md"
2026-08-31T07:10:57.441866Z  INFO tailwindcss_oxide::scanner: Reading "C:\\Users\\pongo\\Documents\\Default Project\\.opencode\\skills\\impeccable\\scripts\\detector\\detect-antipatterns.mjs"
2026-08-31T07:10:57.441610Z  INFO tailwindcss_oxide::scanner: Reading "C:\\Users\\pongo\\Documents\\Default Project\\.opencode\\skills\\impeccable\\reference\\ios.md"
2026-08-31T07:10:57.441888Z  INFO tailwindcss_oxide::scanner: Reading "C:\\Users\\pongo\\Documents\\Default Project\\.opencode\\agents\\code-reviewer.md"
2026-08-31T07:10:57.441901Z  INFO tailwindcss_oxide::scanner: Reading "C:\\Users\\pongo\\Documents\\Default Project\\.opencode\\skills\\impeccable\\reference\\degraded\\asset-producer.md"
2026-08-31T07:10:57.441906Z  INFO tailwindcss_oxide::scanner: Reading "C:\\Users\\pongo\\Documents\\Default Project\\.opencode\\skills\\csharp-developer\\references\\blazor.md"
2026-08-31T07:10:57.441867Z  INFO tailwindcss_oxide::scanner: Reading "C:\\Users\\pongo\\Documents\\Default Project\\.opencode\\skills\\ml-pipeline\\references\\feature-engineering.md"
2026-08-31T07:10:57.441922Z  INFO tailwindcss_oxide::scanner: Reading "C:\\Users\\pongo\\Documents\\Default Project\\.opencode\\agents\\content-creator.md"
2026-08-31T07:10:57.441611Z  INFO tailwindcss_oxide::scanner: Reading "C:\\Users\\pongo\\Documents\\Default Project\\.opencode\\skills\\cli-developer\\references\\ux-patterns.md"
2026-08-31T07:10:57.441866Z  INFO tailwindcss_oxide::scanner: Reading "C:\\Users\\pongo\\Documents\\Default Project\\.opencode\\skills\\impeccable\\scripts\\live\\completion.mjs"
2026-08-31T07:10:57.441927Z  INFO tailwindcss_oxide::scanner: Reading "C:\\Users\\pongo\\Documents\\Default Project\\.opencode\\skills\\impeccable\\scripts\\live\\frameworks\\journal.mjs"
2026-08-31T07:10:57.441970Z  INFO tailwindcss_oxide::scanner: Reading "C:\\Users\\pongo\\Documents\\Default Project\\.opencode\\skills\\impeccable\\scripts\\detector\\engines\\browser\\detect-url.mjs"
2026-08-31T07:10:57.441975Z  INFO tailwindcss_oxide::scanner: Reading "C:\\Users\\pongo\\Documents\\Default Project\\.opencode\\skills\\impeccable\\reference\\degraded\\documenter.md"
2026-08-31T07:10:57.441985Z  INFO tailwindcss_oxide::scanner: Reading "C:\\Users\\pongo\\Documents\\Default Project\\.opencode\\skills\\csharp-developer\\references\\entity-framework.md"
2026-08-31T07:10:57.442017Z  INFO tailwindcss_oxide::scanner: Reading "C:\\Users\\pongo\\Documents\\Default Project\\.opencode\\skills\\impeccable\\reference\\layout.md"
2026-08-31T07:10:57.441972Z  INFO tailwindcss_oxide::scanner: Reading "C:\\Users\\pongo\\Documents\\Default Project\\.opencode\\skills\\impeccable\\scripts\\detector\\shared\\inline-ignores.mjs"
2026-08-31T07:10:57.441912Z  INFO tailwindcss_oxide::scanner: Reading "C:\\Users\\pongo\\Documents\\Default Project\\.opencode\\skills\\laravel-specialist\\references\\livewire.md"
2026-08-31T07:10:57.441945Z  INFO tailwindcss_oxide::scanner: Reading "C:\\Users\\pongo\\Documents\\Default Project\\.opencode\\skills\\laravel-specialist\\references\\queues.md"
2026-08-31T07:10:57.441779Z  INFO tailwindcss_oxide::scanner: Reading "C:\\Users\\pongo\\Documents\\Default Project\\.opencode\\skills\\fastapi-expert\\references\\authentication.md"
2026-08-31T07:10:57.442097Z  INFO tailwindcss_oxide::scanner: Reading "C:\\Users\\pongo\\Documents\\Default Project\\.opencode\\skills\\csharp-developer\\references\\modern-csharp.md"
2026-08-31T07:10:57.442099Z  INFO tailwindcss_oxide::scanner: Reading "C:\\Users\\pongo\\Documents\\Default Project\\.opencode\\skills\\impeccable\\scripts\\live\\frameworks\\nuxt.mjs"
2026-08-31T07:10:57.442101Z  INFO tailwindcss_oxide::scanner: Reading "C:\\Users\\pongo\\Documents\\Default Project\\.opencode\\skills\\ml-pipeline\\references\\model-validation.md"
2026-08-31T07:10:57.442113Z  INFO tailwindcss_oxide::scanner: Reading "C:\\Users\\pongo\\Documents\\Default Project\\.opencode\\skills\\impeccable\\scripts\\detector\\shared\\page.mjs"
2026-08-31T07:10:57.442117Z  INFO tailwindcss_oxide::scanner: Reading "C:\\Users\\pongo\\Documents\\Default Project\\.opencode\\skills\\fastapi-expert\\references\\endpoints-routing.md"
2026-08-31T07:10:57.442114Z  INFO tailwindcss_oxide::scanner: Reading "C:\\Users\\pongo\\Documents\\Default Project\\.opencode\\skills\\impeccable\\scripts\\live\\frameworks\\astro.mjs"
2026-08-31T07:10:57.442019Z  INFO tailwindcss_oxide::scanner: Reading "C:\\Users\\pongo\\Documents\\Default Project\\.opencode\\skills\\cli-developer\\SKILL.md"
2026-08-31T07:10:57.442008Z  INFO tailwindcss_oxide::scanner: Reading "C:\\Users\\pongo\\Documents\\Default Project\\.opencode\\skills\\impeccable\\scripts\\live\\frameworks\\nextjs.mjs"
2026-08-31T07:10:57.442152Z  INFO tailwindcss_oxide::scanner: Reading "C:\\Users\\pongo\\Documents\\Default Project\\.opencode\\skills\\impeccable\\scripts\\live\\frameworks\\script-src.mjs"
2026-08-31T07:10:57.442158Z  INFO tailwindcss_oxide::scanner: Reading "C:\\Users\\pongo\\Documents\\Default Project\\.opencode\\skills\\csharp-developer\\references\\performance.md"
2026-08-31T07:10:57.442163Z  INFO tailwindcss_oxide::scanner: Reading "C:\\Users\\pongo\\Documents\\Default Project\\.opencode\\skills\\impeccable\\scripts\\live\\frameworks\\detect-utils.mjs"
2026-08-31T07:10:57.442126Z  INFO tailwindcss_oxide::scanner: Reading "C:\\Users\\pongo\\Documents\\Default Project\\.opencode\\skills\\laravel-specialist\\references\\routing.md"
2026-08-31T07:10:57.441768Z  INFO tailwindcss_oxide::scanner: Reading "C:\\Users\\pongo\\Documents\\Default Project\\.opencode\\skills\\shrinkage\\scripts\\platformmap.py"
2026-08-31T07:10:57.442190Z  INFO tailwindcss_oxide::scanner: Reading "C:\\Users\\pongo\\Documents\\Default Project\\.opencode\\skills\\fastapi-expert\\references\\testing-async.md"
2026-08-31T07:10:57.442192Z  INFO tailwindcss_oxide::scanner: Reading "C:\\Users\\pongo\\Documents\\Default Project\\.opencode\\skills\\fastapi-expert\\references\\migration-from-django.md"
2026-08-31T07:10:57.442197Z  INFO tailwindcss_oxide::scanner: Reading "C:\\Users\\pongo\\Documents\\Default Project\\.opencode\\skills\\impeccable\\scripts\\live\\frameworks\\static-html.mjs"
2026-08-31T07:10:57.441996Z  INFO tailwindcss_oxide::scanner: Reading "C:\\Users\\pongo\\Documents\\Default Project\\.opencode\\skills\\debugging-wizard\\references\\quick-fixes.md"
2026-08-31T07:10:57.442170Z  INFO tailwindcss_oxide::scanner: Reading "C:\\Users\\pongo\\Documents\\Default Project\\.opencode\\skills\\react-expert\\references\\server-components.md"
2026-08-31T07:10:57.442033Z  INFO tailwindcss_oxide::scanner: Reading "C:\\Users\\pongo\\Documents\\Default Project\\.opencode\\skills\\impeccable\\reference\\degraded\\finish-reviewer.md"
2026-08-31T07:10:57.442233Z  INFO tailwindcss_oxide::scanner: Reading "C:\\Users\\pongo\\Documents\\Default Project\\.opencode\\skills\\shrinkage\\scripts\\probe.py"
2026-08-31T07:10:57.442274Z  INFO tailwindcss_oxide::scanner: Reading "C:\\Users\\pongo\\Documents\\Default Project\\.opencode\\skills\\impeccable\\scripts\\live\\frameworks\\sveltekit.mjs"
2026-08-31T07:10:57.441926Z  INFO tailwindcss_oxide::scanner: Reading "C:\\Users\\pongo\\Documents\\Default Project\\.opencode\\skills\\impeccable\\reference\\live-setup.md"
2026-08-31T07:10:57.442284Z  INFO tailwindcss_oxide::scanner: Reading "C:\\Users\\pongo\\Documents\\Default Project\\.opencode\\skills\\fastapi-expert\\references\\pydantic-v2.md"
2026-08-31T07:10:57.442285Z  INFO tailwindcss_oxide::scanner: Reading "C:\\Users\\pongo\\Documents\\Default Project\\.opencode\\skills\\debugging-wizard\\references\\strategies.md"
2026-08-31T07:10:57.442293Z  INFO tailwindcss_oxide::scanner: Reading "C:\\Users\\pongo\\Documents\\Default Project\\.opencode\\skills\\fastapi-expert\\SKILL.md"
2026-08-31T07:10:57.442295Z  INFO tailwindcss_oxide::scanner: Reading "C:\\Users\\pongo\\Documents\\Default Project\\.opencode\\skills\\cloud-architect\\references\\aws.md"
2026-08-31T07:10:57.442225Z  INFO tailwindcss_oxide::scanner: Reading "C:\\Users\\pongo\\Documents\\Default Project\\.opencode\\skills\\pandas-pro\\references\\merging-joining.md"
2026-08-31T07:10:57.442308Z  INFO tailwindcss_oxide::scanner: Reading "C:\\Users\\pongo\\Documents\\Default Project\\.opencode\\skills\\shrinkage\\agents\\shrink-auditor.md"
2026-08-31T07:10:57.442279Z  INFO tailwindcss_oxide::scanner: Reading "C:\\Users\\pongo\\Documents\\Default Project\\.opencode\\skills\\csharp-developer\\SKILL.md"
2026-08-31T07:10:57.442307Z  INFO tailwindcss_oxide::scanner: Reading "C:\\Users\\pongo\\Documents\\Default Project\\.opencode\\skills\\ml-pipeline\\references\\pipeline-orchestration.md"
2026-08-31T07:10:57.442342Z  INFO tailwindcss_oxide::scanner: Reading "C:\\Users\\pongo\\Documents\\Default Project\\.opencode\\skills\\debugging-wizard\\references\\systematic-debugging.md"
2026-08-31T07:10:57.441947Z  INFO tailwindcss_oxide::scanner: Reading "C:\\Users\\pongo\\Documents\\Default Project\\.opencode\\skills\\fine-tuning-expert\\references\\dataset-preparation.md"
2026-08-31T07:10:57.442346Z  INFO tailwindcss_oxide::scanner: Reading "C:\\Users\\pongo\\Documents\\Default Project\\.opencode\\skills\\impeccable\\scripts\\detector\\engines\\regex\\detect-text.mjs"
2026-08-31T07:10:57.442371Z  INFO tailwindcss_oxide::scanner: Reading "C:\\Users\\pongo\\Documents\\Default Project\\.opencode\\skills\\shrinkage\\agents\\shrink-surgeon.md"
2026-08-31T07:10:57.442373Z  INFO tailwindcss_oxide::scanner: Reading "C:\\Users\\pongo\\Documents\\Default Project\\.opencode\\skills\\prompt-engineer\\references\\structured-outputs.md"
2026-08-31T07:10:57.442377Z  INFO tailwindcss_oxide::scanner: Reading "C:\\Users\\pongo\\Documents\\Default Project\\.opencode\\skills\\flutter-expert\\references\\gorouter-navigation.md"
2026-08-31T07:10:57.442377Z  INFO tailwindcss_oxide::scanner: Reading "C:\\Users\\pongo\\Documents\\Default Project\\.opencode\\skills\\impeccable\\reference\\live.md"
2026-08-31T07:10:57.442401Z  INFO tailwindcss_oxide::scanner: Reading "C:\\Users\\pongo\\Documents\\Default Project\\.opencode\\skills\\shrinkage\\rules\\javascript.md"
2026-08-31T07:10:57.442437Z  INFO tailwindcss_oxide::scanner: Reading "C:\\Users\\pongo\\Documents\\Default Project\\.opencode\\skills\\flutter-expert\\references\\performance.md"
2026-08-31T07:10:57.442417Z  INFO tailwindcss_oxide::scanner: Reading "C:\\Users\\pongo\\Documents\\Default Project\\.opencode\\skills\\pandas-pro\\references\\performance-optimization.md"
2026-08-31T07:10:57.442462Z  INFO tailwindcss_oxide::scanner: Reading "C:\\Users\\pongo\\Documents\\Default Project\\.opencode\\skills\\debugging-wizard\\SKILL.md"
2026-08-31T07:10:57.442468Z  INFO tailwindcss_oxide::scanner: Reading "C:\\Users\\pongo\\Documents\\Default Project\\.opencode\\skills\\shrinkage\\scripts\\progress.py"
2026-08-31T07:10:57.442476Z  INFO tailwindcss_oxide::scanner: Reading "C:\\Users\\pongo\\Documents\\Default Project\\.opencode\\skills\\database-optimizer\\references\\index-strategies.md"
2026-08-31T07:10:57.442422Z  INFO tailwindcss_oxide::scanner: Reading "C:\\Users\\pongo\\Documents\\Default Project\\.opencode\\skills\\fullstack-guardian\\references\\api-design-standards.md"
2026-08-31T07:10:57.442484Z  INFO tailwindcss_oxide::scanner: Reading "C:\\Users\\pongo\\Documents\\Default Project\\.opencode\\skills\\shrinkage\\rules\\kotlin.md"
2026-08-31T07:10:57.442425Z  INFO tailwindcss_oxide::scanner: Reading "C:\\Users\\pongo\\Documents\\Default Project\\.opencode\\skills\\shrinkage\\agents\\shrink-verifier.md"
2026-08-31T07:10:57.442505Z  INFO tailwindcss_oxide::scanner: Reading "C:\\Users\\pongo\\Documents\\Default Project\\.opencode\\skills\\cloud-architect\\references\\azure.md"
2026-08-31T07:10:57.442532Z  INFO tailwindcss_oxide::scanner: Reading "C:\\Users\\pongo\\Documents\\Default Project\\.opencode\\skills\\fine-tuning-expert\\references\\deployment-optimization.md"
2026-08-31T07:10:57.442551Z  INFO tailwindcss_oxide::scanner: Reading "C:\\Users\\pongo\\Documents\\Default Project\\.opencode\\skills\\devops-engineer\\references\\deployment-strategies.md"
2026-08-31T07:10:57.442551Z  INFO tailwindcss_oxide::scanner: Reading "C:\\Users\\pongo\\Documents\\Default Project\\.opencode\\skills\\pandas-pro\\SKILL.md"
2026-08-31T07:10:57.442557Z  INFO tailwindcss_oxide::scanner: Reading "C:\\Users\\pongo\\Documents\\Default Project\\.opencode\\skills\\ml-pipeline\\references\\training-pipelines.md"
2026-08-31T07:10:57.442566Z  INFO tailwindcss_oxide::scanner: Reading "C:\\Users\\pongo\\Documents\\Default Project\\.opencode\\skills\\shrinkage\\rules\\php.md"
2026-08-31T07:10:57.442575Z  INFO tailwindcss_oxide::scanner: Reading "C:\\Users\\pongo\\Documents\\Default Project\\.opencode\\skills\\prompt-engineer\\references\\system-prompts.md"
2026-08-31T07:10:57.442498Z  INFO tailwindcss_oxide::scanner: Reading "C:\\Users\\pongo\\Documents\\Default Project\\.opencode\\skills\\flutter-expert\\references\\project-structure.md"
2026-08-31T07:10:57.442605Z  INFO tailwindcss_oxide::scanner: Reading "C:\\Users\\pongo\\Documents\\Default Project\\.opencode\\skills\\react-expert\\references\\state-management.md"
2026-08-31T07:10:57.442611Z  INFO tailwindcss_oxide::scanner: Reading "C:\\Users\\pongo\\Documents\\Default Project\\.opencode\\skills\\shrinkage\\scripts\\safe_commit.py"
2026-08-31T07:10:57.442615Z  INFO tailwindcss_oxide::scanner: Reading "C:\\Users\\pongo\\Documents\\Default Project\\.opencode\\skills\\impeccable\\scripts\\live\\event-validation.mjs"
2026-08-31T07:10:57.442623Z  INFO tailwindcss_oxide::scanner: Reading "C:\\Users\\pongo\\Documents\\Default Project\\.opencode\\skills\\fine-tuning-expert\\references\\evaluation-metrics.md"
2026-08-31T07:10:57.442635Z  INFO tailwindcss_oxide::scanner: Reading "C:\\Users\\pongo\\Documents\\Default Project\\.opencode\\skills\\php-pro\\references\\async-patterns.md"
2026-08-31T07:10:57.442664Z  INFO tailwindcss_oxide::scanner: Reading "C:\\Users\\pongo\\Documents\\Default Project\\.opencode\\skills\\shrinkage\\scripts\\selfupdate.py"
2026-08-31T07:10:57.442667Z  INFO tailwindcss_oxide::scanner: Reading "C:\\Users\\pongo\\Documents\\Default Project\\.opencode\\skills\\wordpress-pro\\references\\performance-security.md"
2026-08-31T07:10:57.442679Z  INFO tailwindcss_oxide::scanner: Reading "C:\\Users\\pongo\\Documents\\Default Project\\.opencode\\skills\\devops-engineer\\references\\docker-patterns.md"
2026-08-31T07:10:57.442680Z  INFO tailwindcss_oxide::scanner: Reading "C:\\Users\\pongo\\Documents\\Default Project\\.opencode\\skills\\fine-tuning-expert\\references\\hyperparameter-tuning.md"
2026-08-31T07:10:57.442680Z  INFO tailwindcss_oxide::scanner: Reading "C:\\Users\\pongo\\Documents\\Default Project\\.opencode\\skills\\cloud-architect\\references\\cost.md"
2026-08-31T07:10:57.442700Z  INFO tailwindcss_oxide::scanner: Reading "C:\\Users\\pongo\\Documents\\Default Project\\.opencode\\skills\\flutter-expert\\references\\riverpod-state.md"
2026-08-31T07:10:57.442703Z  INFO tailwindcss_oxide::scanner: Reading "C:\\Users\\pongo\\Documents\\Default Project\\.opencode\\skills\\prompt-engineer\\SKILL.md"
2026-08-31T07:10:57.442590Z  INFO tailwindcss_oxide::scanner: Reading "C:\\Users\\pongo\\Documents\\Default Project\\.opencode\\skills\\fullstack-guardian\\references\\architecture-decisions.md"
2026-08-31T07:10:57.442716Z  INFO tailwindcss_oxide::scanner: Reading "C:\\Users\\pongo\\Documents\\Default Project\\.opencode\\skills\\rust-engineer\\references\\ownership.md"
2026-08-31T07:10:57.442718Z  INFO tailwindcss_oxide::scanner: Reading "C:\\Users\\pongo\\Documents\\Default Project\\.opencode\\skills\\shrinkage\\scripts\\settings.py"
2026-08-31T07:10:57.442727Z  INFO tailwindcss_oxide::scanner: Reading "C:\\Users\\pongo\\Documents\\Default Project\\.opencode\\skills\\php-pro\\references\\laravel-patterns.md"
2026-08-31T07:10:57.442758Z  INFO tailwindcss_oxide::scanner: Reading "C:\\Users\\pongo\\Documents\\Default Project\\.opencode\\skills\\devops-engineer\\references\\github-actions.md"
2026-08-31T07:10:57.442761Z  INFO tailwindcss_oxide::scanner: Reading "C:\\Users\\pongo\\Documents\\Default Project\\.opencode\\skills\\python-pro\\references\\async-patterns.md"
2026-08-31T07:10:57.442769Z  INFO tailwindcss_oxide::scanner: Reading "C:\\Users\\pongo\\Documents\\Default Project\\.opencode\\skills\\shrinkage\\scripts\\statusline.py"
2026-08-31T07:10:57.442769Z  INFO tailwindcss_oxide::scanner: Reading "C:\\Users\\pongo\\Documents\\Default Project\\.opencode\\skills\\react-expert\\references\\testing-react.md"
2026-08-31T07:10:57.442783Z  INFO tailwindcss_oxide::scanner: Reading "C:\\Users\\pongo\\Documents\\Default Project\\.opencode\\skills\\rust-engineer\\references\\testing.md"
2026-08-31T07:10:57.442791Z  INFO tailwindcss_oxide::scanner: Reading "C:\\Users\\pongo\\Documents\\Default Project\\.opencode\\skills\\cloud-architect\\references\\gcp.md"
2026-08-31T07:10:57.442795Z  INFO tailwindcss_oxide::scanner: Reading "C:\\Users\\pongo\\Documents\\Default Project\\.opencode\\skills\\fullstack-guardian\\references\\backend-patterns.md"
2026-08-31T07:10:57.442802Z  INFO tailwindcss_oxide::scanner: Reading "C:\\Users\\pongo\\Documents\\Default Project\\.opencode\\skills\\fine-tuning-expert\\references\\lora-peft.md"
2026-08-31T07:10:57.442596Z  INFO tailwindcss_oxide::scanner: Reading "C:\\Users\\pongo\\Documents\\Default Project\\.opencode\\skills\\shrinkage\\ARCHITECTURE.md"
2026-08-31T07:10:57.442820Z  INFO tailwindcss_oxide::scanner: Reading "C:\\Users\\pongo\\Documents\\Default Project\\.opencode\\skills\\shrinkage\\scripts\\watchdog.py"
2026-08-31T07:10:57.442827Z  INFO tailwindcss_oxide::scanner: Reading "C:\\Users\\pongo\\Documents\\Default Project\\.opencode\\skills\\devops-engineer\\references\\incident-response.md"
2026-08-31T07:10:57.442836Z  INFO tailwindcss_oxide::scanner: Reading "C:\\Users\\pongo\\Documents\\Default Project\\.opencode\\skills\\python-pro\\references\\packaging.md"
2026-08-31T07:10:57.442838Z  INFO tailwindcss_oxide::scanner: Reading "C:\\Users\\pongo\\Documents\\Default Project\\.opencode\\skills\\wordpress-pro\\references\\plugin-architecture.md"
2026-08-31T07:10:57.442851Z  INFO tailwindcss_oxide::scanner: Reading "C:\\Users\\pongo\\Documents\\Default Project\\.opencode\\skills\\react-expert\\SKILL.md"
2026-08-31T07:10:57.442863Z  INFO tailwindcss_oxide::scanner: Reading "C:\\Users\\pongo\\Documents\\Default Project\\.opencode\\skills\\flutter-expert\\references\\widget-patterns.md"
2026-08-31T07:10:57.442867Z  INFO tailwindcss_oxide::scanner: Reading "C:\\Users\\pongo\\Documents\\Default Project\\.opencode\\skills\\rust-engineer\\references\\traits.md"
2026-08-31T07:10:57.442873Z  INFO tailwindcss_oxide::scanner: Reading "C:\\Users\\pongo\\Documents\\Default Project\\.opencode\\skills\\fine-tuning-expert\\SKILL.md"
2026-08-31T07:10:57.442879Z  INFO tailwindcss_oxide::scanner: Reading "C:\\Users\\pongo\\Documents\\Default Project\\.opencode\\skills\\fullstack-guardian\\references\\common-patterns.md"
2026-08-31T07:10:57.442884Z  INFO tailwindcss_oxide::scanner: Reading "C:\\Users\\pongo\\Documents\\Default Project\\.opencode\\skills\\shrinkage\\rules\\python.md"
2026-08-31T07:10:57.442889Z  INFO tailwindcss_oxide::scanner: Reading "C:\\Users\\pongo\\Documents\\Default Project\\.opencode\\skills\\devops-engineer\\references\\kubernetes.md"
2026-08-31T07:10:57.442896Z  INFO tailwindcss_oxide::scanner: Reading "C:\\Users\\pongo\\Documents\\Default Project\\.opencode\\skills\\shrinkage\\SKILL.md"
2026-08-31T07:10:57.442600Z  INFO tailwindcss_oxide::scanner: Reading "C:\\Users\\pongo\\Documents\\Default Project\\.opencode\\skills\\secure-code-guardian\\references\\security-headers.md"
2026-08-31T07:10:57.442589Z  INFO tailwindcss_oxide::scanner: Reading "C:\\Users\\pongo\\Documents\\Default Project\\.opencode\\skills\\database-optimizer\\references\\monitoring-analysis.md"
2026-08-31T07:10:57.442940Z  INFO tailwindcss_oxide::scanner: Reading "C:\\Users\\pongo\\Documents\\Default Project\\.opencode\\skills\\python-pro\\references\\standard-library.md"
2026-08-31T07:10:57.442806Z  INFO tailwindcss_oxide::scanner: Reading "C:\\Users\\pongo\\Documents\\Default Project\\.opencode\\skills\\php-pro\\references\\modern-php-features.md"
2026-08-31T07:10:57.442951Z  INFO tailwindcss_oxide::scanner: Reading "C:\\Users\\pongo\\Documents\\Default Project\\.opencode\\skills\\devops-engineer\\references\\platform-engineering.md"
2026-08-31T07:10:57.442888Z  INFO tailwindcss_oxide::scanner: Reading "C:\\Users\\pongo\\Documents\\Default Project\\.opencode\\skills\\shrinkage\\evals\\evals.json"
2026-08-31T07:10:57.442971Z  INFO tailwindcss_oxide::scanner: Reading "C:\\Users\\pongo\\Documents\\Default Project\\.opencode\\skills\\flutter-expert\\SKILL.md"
2026-08-31T07:10:57.442971Z  INFO tailwindcss_oxide::scanner: Reading "C:\\Users\\pongo\\Documents\\Default Project\\.opencode\\skills\\fullstack-guardian\\references\\deliverables-checklist.md"
2026-08-31T07:10:57.442982Z  INFO tailwindcss_oxide::scanner: Reading "C:\\Users\\pongo\\Documents\\Default Project\\.opencode\\skills\\database-optimizer\\references\\mysql-tuning.md"
2026-08-31T07:10:57.442983Z  INFO tailwindcss_oxide::scanner: Reading "C:\\Users\\pongo\\Documents\\Default Project\\.opencode\\skills\\shrinkage\\workflows\\audit.md"
2026-08-31T07:10:57.442999Z  INFO tailwindcss_oxide::scanner: Reading "C:\\Users\\pongo\\Documents\\Default Project\\.opencode\\skills\\python-pro\\references\\testing.md"
2026-08-31T07:10:57.442948Z  INFO tailwindcss_oxide::scanner: Reading "C:\\Users\\pongo\\Documents\\Default Project\\.opencode\\skills\\shrinkage\\rules\\rust.md"
2026-08-31T07:10:57.443010Z  INFO tailwindcss_oxide::scanner: Reading "C:\\Users\\pongo\\Documents\\Default Project\\.opencode\\skills\\react-native-expert\\references\\expo-router.md"
2026-08-31T07:10:57.442886Z  INFO tailwindcss_oxide::scanner: Reading "C:\\Users\\pongo\\Documents\\Default Project\\.opencode\\skills\\playwright-expert\\references\\page-object-model.md"
2026-08-31T07:10:57.443035Z  INFO tailwindcss_oxide::scanner: Reading "C:\\Users\\pongo\\Documents\\Default Project\\.opencode\\skills\\devops-engineer\\references\\release-automation.md"
2026-08-31T07:10:57.443037Z  INFO tailwindcss_oxide::scanner: Reading "C:\\Users\\pongo\\Documents\\Default Project\\.opencode\\skills\\php-pro\\references\\symfony-patterns.md"
2026-08-31T07:10:57.443040Z  INFO tailwindcss_oxide::scanner: Reading "C:\\Users\\pongo\\Documents\\Default Project\\.opencode\\skills\\shrinkage\\evals\\fixtures\\js-repo\\src\\notify\\notifier.js"
2026-08-31T07:10:57.443050Z  INFO tailwindcss_oxide::scanner: Reading "C:\\Users\\pongo\\Documents\\Default Project\\.opencode\\skills\\fullstack-guardian\\references\\design-template.md"
2026-08-31T07:10:57.442957Z  INFO tailwindcss_oxide::scanner: Reading "C:\\Users\\pongo\\Documents\\Default Project\\.opencode\\skills\\rust-engineer\\SKILL.md"
2026-08-31T07:10:57.443064Z  INFO tailwindcss_oxide::scanner: Reading "C:\\Users\\pongo\\Documents\\Default Project\\.opencode\\skills\\database-optimizer\\references\\postgresql-tuning.md"
2026-08-31T07:10:57.443065Z  INFO tailwindcss_oxide::scanner: Reading "C:\\Users\\pongo\\Documents\\Default Project\\.opencode\\skills\\shrinkage\\workflows\\gate.md"
2026-08-31T07:10:57.442972Z  INFO tailwindcss_oxide::scanner: Reading "C:\\Users\\pongo\\Documents\\Default Project\\.opencode\\skills\\secure-code-guardian\\references\\xss-csrf.md"
2026-08-31T07:10:57.443086Z  INFO tailwindcss_oxide::scanner: Reading "C:\\Users\\pongo\\Documents\\Default Project\\.opencode\\skills\\playwright-expert\\references\\selectors-locators.md"
2026-08-31T07:10:57.443094Z  INFO tailwindcss_oxide::scanner: Reading "C:\\Users\\pongo\\Documents\\Default Project\\.opencode\\skills\\shrinkage\\evals\\fixtures\\js-repo\\src\\notify\\transport.js"
2026-08-31T07:10:57.442945Z  INFO tailwindcss_oxide::scanner: Reading "C:\\Users\\pongo\\Documents\\Default Project\\.opencode\\skills\\flutter-expert\\references\\bloc-state.md"
2026-08-31T07:10:57.443008Z  INFO tailwindcss_oxide::scanner: Reading "C:\\Users\\pongo\\Documents\\Default Project\\.opencode\\skills\\wordpress-pro\\references\\theme-development.md"
2026-08-31T07:10:57.443114Z  INFO tailwindcss_oxide::scanner: Reading "C:\\Users\\pongo\\Documents\\Default Project\\.opencode\\skills\\devops-engineer\\references\\terraform-iac.md"
2026-08-31T07:10:57.443052Z  INFO tailwindcss_oxide::scanner: Reading "C:\\Users\\pongo\\Documents\\Default Project\\.opencode\\skills\\shrinkage\\rules\\twig.md"
2026-08-31T07:10:57.443129Z  INFO tailwindcss_oxide::scanner: Reading "C:\\Users\\pongo\\Documents\\Default Project\\.opencode\\skills\\php-pro\\references\\testing-quality.md"
2026-08-31T07:10:57.443130Z  INFO tailwindcss_oxide::scanner: Reading "C:\\Users\\pongo\\Documents\\Default Project\\.opencode\\skills\\database-optimizer\\references\\query-optimization.md"
2026-08-31T07:10:57.443142Z  INFO tailwindcss_oxide::scanner: Reading "C:\\Users\\pongo\\Documents\\Default Project\\.opencode\\skills\\playwright-expert\\SKILL.md"
2026-08-31T07:10:57.443143Z  INFO tailwindcss_oxide::scanner: Reading "C:\\Users\\pongo\\Documents\\Default Project\\.opencode\\skills\\shrinkage\\evals\\fixtures\\js-repo\\tests\\notifier.test.js"
2026-08-31T07:10:57.443162Z  INFO tailwindcss_oxide::scanner: Reading "C:\\Users\\pongo\\Documents\\Default Project\\.opencode\\skills\\secure-code-guardian\\SKILL.md"
2026-08-31T07:10:57.443176Z  INFO tailwindcss_oxide::scanner: Reading "C:\\Users\\pongo\\Documents\\Default Project\\.opencode\\skills\\devops-engineer\\SKILL.md"
2026-08-31T07:10:57.443176Z  INFO tailwindcss_oxide::scanner: Reading "C:\\Users\\pongo\\Documents\\Default Project\\.opencode\\skills\\shopify-expert\\references\\performance-optimization.md"
2026-08-31T07:10:57.443188Z  INFO tailwindcss_oxide::scanner: Reading "C:\\Users\\pongo\\Documents\\Default Project\\.opencode\\skills\\database-optimizer\\SKILL.md"
2026-08-31T07:10:57.443188Z  INFO tailwindcss_oxide::scanner: Reading "C:\\Users\\pongo\\Documents\\Default Project\\.opencode\\skills\\salesforce-developer\\references\\apex-development.md"
2026-08-31T07:10:57.443071Z  INFO tailwindcss_oxide::scanner: Reading "C:\\Users\\pongo\\Documents\\Default Project\\.opencode\\skills\\python-pro\\references\\type-system.md"
2026-08-31T07:10:57.443113Z  INFO tailwindcss_oxide::scanner: Reading "C:\\Users\\pongo\\Documents\\Default Project\\.opencode\\skills\\fullstack-guardian\\references\\error-handling.md"
2026-08-31T07:10:57.443214Z  INFO tailwindcss_oxide::scanner: Reading "C:\\Users\\pongo\\Documents\\Default Project\\.opencode\\skills\\wordpress-pro\\SKILL.md"
2026-08-31T07:10:57.443216Z  INFO tailwindcss_oxide::scanner: Reading "C:\\Users\\pongo\\Documents\\Default Project\\.opencode\\skills\\security-reviewer\\references\\infrastructure-security.md"
2026-08-31T07:10:57.443180Z  INFO tailwindcss_oxide::scanner: Reading "C:\\Users\\pongo\\Documents\\Default Project\\.opencode\\skills\\shrinkage\\rules\\_template.md"
2026-08-31T07:10:57.443192Z  INFO tailwindcss_oxide::scanner: Reading "C:\\Users\\pongo\\Documents\\Default Project\\.opencode\\skills\\shrinkage\\evals\\fixtures\\php-repo\\src\\Auth\\SessionManager.php"
2026-08-31T07:10:57.443176Z  INFO tailwindcss_oxide::scanner: Reading "C:\\Users\\pongo\\Documents\\Default Project\\.opencode\\skills\\react-native-expert\\references\\list-optimization.md"
2026-08-31T07:10:57.443260Z  INFO tailwindcss_oxide::scanner: Reading "C:\\Users\\pongo\\Documents\\Default Project\\AGENTS.md"
2026-08-31T07:10:57.443261Z  INFO tailwindcss_oxide::scanner: Reading "C:\\Users\\pongo\\Documents\\Default Project\\.opencode\\skills\\python-pro\\SKILL.md"
2026-08-31T07:10:57.443199Z  INFO tailwindcss_oxide::scanner: Reading "C:\\Users\\pongo\\Documents\\Default Project\\.opencode\\skills\\postgres-pro\\references\\extensions.md"
2026-08-31T07:10:57.443271Z  INFO tailwindcss_oxide::scanner: Reading "C:\\Users\\pongo\\Documents\\Default Project\\.opencode\\skills\\security-reviewer\\references\\penetration-testing.md"
2026-08-31T07:10:57.443272Z  INFO tailwindcss_oxide::scanner: Reading "C:\\Users\\pongo\\Documents\\Default Project\\.opencode\\skills\\react-native-expert\\references\\platform-handling.md"
2026-08-31T07:10:57.443279Z  INFO tailwindcss_oxide::scanner: Reading "C:\\Users\\pongo\\Documents\\Default Project\\.opencode\\skills\\shrinkage\\scripts\\badge.py"
2026-08-31T07:10:57.443288Z  INFO tailwindcss_oxide::scanner: Reading "C:\\Users\\pongo\\Documents\\Default Project\\.opencode\\skills\\shrinkage\\evals\\fixtures\\php-repo\\tests\\SessionManagerTest.php"
2026-08-31T07:10:57.443295Z  INFO tailwindcss_oxide::scanner: Reading "C:\\Users\\pongo\\Documents\\Default Project\\app\\api\\ai\\autorespond\\route.js"
2026-08-31T07:10:57.443296Z  INFO tailwindcss_oxide::scanner: Reading "C:\\Users\\pongo\\Documents\\Default Project\\.opencode\\skills\\shopify-expert\\references\\storefront-api.md"
2026-08-31T07:10:57.443200Z  INFO tailwindcss_oxide::scanner: Reading "C:\\Users\\pongo\\Documents\\Default Project\\.opencode\\skills\\shrinkage\\workflows\\map.md"
2026-08-31T07:10:57.443052Z  INFO tailwindcss_oxide::scanner: Reading "C:\\Users\\pongo\\Documents\\Default Project\\.opencode\\skills\\playwright-expert\\references\\api-mocking.md"
2026-08-31T07:10:57.443330Z  INFO tailwindcss_oxide::scanner: Reading "C:\\Users\\pongo\\Documents\\Default Project\\app\\api\\ai\\suggest\\route.js"
2026-08-31T07:10:57.443334Z  INFO tailwindcss_oxide::scanner: Reading "C:\\Users\\pongo\\Documents\\Default Project\\.opencode\\skills\\postgres-pro\\references\\jsonb.md"
2026-08-31T07:10:57.443339Z  INFO tailwindcss_oxide::scanner: Reading "C:\\Users\\pongo\\Documents\\Default Project\\.opencode\\skills\\rag-architect\\references\\chunking-strategies.md"
2026-08-31T07:10:57.443342Z  INFO tailwindcss_oxide::scanner: Reading "C:\\Users\\pongo\\Documents\\Default Project\\.opencode\\skills\\shrinkage\\evals\\fixtures\\python-repo\\src\\reports\\exporter.py"
2026-08-31T07:10:57.443351Z  INFO tailwindcss_oxide::scanner: Reading "C:\\Users\\pongo\\Documents\\Default Project\\.opencode\\skills\\shrinkage\\scripts\\codemap.py"
2026-08-31T07:10:57.443356Z  INFO tailwindcss_oxide::scanner: Reading "C:\\Users\\pongo\\Documents\\Default Project\\.opencode\\skills\\shrinkage\\workflows\\score.md"
2026-08-31T07:10:57.443364Z  INFO tailwindcss_oxide::scanner: Reading "C:\\Users\\pongo\\Documents\\Default Project\\app\\api\\cron\\influencer\\route.js"
2026-08-31T07:10:57.443373Z  INFO tailwindcss_oxide::scanner: Reading "C:\\Users\\pongo\\Documents\\Default Project\\.opencode\\skills\\playwright-expert\\references\\configuration.md"
2026-08-31T07:10:57.443381Z  INFO tailwindcss_oxide::scanner: Reading "C:\\Users\\pongo\\Documents\\Default Project\\.opencode\\skills\\security-reviewer\\references\\report-template.md"
2026-08-31T07:10:57.443400Z  INFO tailwindcss_oxide::scanner: Reading "C:\\Users\\pongo\\Documents\\Default Project\\app\\api\\influencer\\character\\route.js"
2026-08-31T07:10:57.443400Z  INFO tailwindcss_oxide::scanner: Reading "C:\\Users\\pongo\\Documents\\Default Project\\.opencode\\skills\\postgres-pro\\references\\maintenance.md"
2026-08-31T07:10:57.443388Z  INFO tailwindcss_oxide::scanner: Reading "C:\\Users\\pongo\\Documents\\Default Project\\.opencode\\skills\\shrinkage\\evals\\fixtures\\python-repo\\tests\\test_exporter.py"
2026-08-31T07:10:57.443229Z  INFO tailwindcss_oxide::scanner: Reading "C:\\Users\\pongo\\Documents\\Default Project\\.opencode\\skills\\security-reviewer\\references\\sast-tools.md"
2026-08-31T07:10:57.443418Z  INFO tailwindcss_oxide::scanner: Reading "C:\\Users\\pongo\\Documents\\Default Project\\.opencode\\skills\\playwright-expert\\references\\debugging-flaky.md"
2026-08-31T07:10:57.443389Z  INFO tailwindcss_oxide::scanner: Reading "C:\\Users\\pongo\\Documents\\Default Project\\components\\layout\\Navbar.jsx"
2026-08-31T07:10:57.443434Z  INFO tailwindcss_oxide::scanner: Reading "C:\\Users\\pongo\\Documents\\Default Project\\app\\api\\influencer\\generate\\route.js"
2026-08-31T07:10:57.443399Z  INFO tailwindcss_oxide::scanner: Reading "C:\\Users\\pongo\\Documents\\Default Project\\.opencode\\skills\\shrinkage\\scripts\\coverage_check.py"
2026-08-31T07:10:57.443217Z  INFO tailwindcss_oxide::scanner: Reading "C:\\Users\\pongo\\Documents\\Default Project\\.opencode\\skills\\php-pro\\SKILL.md"
2026-08-31T07:10:57.443237Z  INFO tailwindcss_oxide::scanner: Reading "C:\\Users\\pongo\\Documents\\Default Project\\.opencode\\skills\\debugging-wizard\\references\\common-patterns.md"
2026-08-31T07:10:57.443477Z  INFO tailwindcss_oxide::scanner: Reading "C:\\Users\\pongo\\Documents\\Default Project\\.opencode\\skills\\security-reviewer\\references\\secret-scanning.md"
2026-08-31T07:10:57.443485Z  INFO tailwindcss_oxide::scanner: Reading "C:\\Users\\pongo\\Documents\\Default Project\\.opencode\\skills\\postgres-pro\\references\\performance.md"
2026-08-31T07:10:57.442908Z  INFO tailwindcss_oxide::scanner: Reading "C:\\Users\\pongo\\Documents\\Default Project\\.opencode\\skills\\ml-pipeline\\SKILL.md"
2026-08-31T07:10:57.443498Z  INFO tailwindcss_oxide::scanner: Reading "C:\\Users\\pongo\\Documents\\Default Project\\app\\barista\\[id]\\page.jsx"
2026-08-31T07:10:57.443499Z  INFO tailwindcss_oxide::scanner: Reading "C:\\Users\\pongo\\Documents\\Default Project\\.opencode\\skills\\security-reviewer\\SKILL.md"
2026-08-31T07:10:57.443401Z  INFO tailwindcss_oxide::scanner: Reading "C:\\Users\\pongo\\Documents\\Default Project\\.opencode\\skills\\shopify-expert\\SKILL.md"
2026-08-31T07:10:57.443406Z  INFO tailwindcss_oxide::scanner: Reading "C:\\Users\\pongo\\Documents\\Default Project\\.opencode\\skills\\shrinkage\\workflows\\shave.md"
2026-08-31T07:10:57.443531Z  INFO tailwindcss_oxide::scanner: Reading "C:\\Users\\pongo\\Documents\\Default Project\\.opencode\\skills\\postgres-pro\\references\\replication.md"
2026-08-31T07:10:57.443428Z  INFO tailwindcss_oxide::scanner: Reading "C:\\Users\\pongo\\Documents\\Default Project\\.opencode\\skills\\rag-architect\\references\\embedding-models.md"
2026-08-31T07:10:57.443451Z  INFO tailwindcss_oxide::scanner: Reading "C:\\Users\\pongo\\Documents\\Default Project\\.opencode\\skills\\shrinkage\\references\\ci-integration.md"
2026-08-31T07:10:57.443560Z  INFO tailwindcss_oxide::scanner: Reading "C:\\Users\\pongo\\Documents\\Default Project\\.opencode\\skills\\monitoring-expert\\references\\alerting-rules.md"
2026-08-31T07:10:57.443501Z  INFO tailwindcss_oxide::scanner: Reading "C:\\Users\\pongo\\Documents\\Default Project\\.opencode\\skills\\shrinkage\\scripts\\diffstat.py"
2026-08-31T07:10:57.443503Z  INFO tailwindcss_oxide::scanner: Reading "C:\\Users\\pongo\\Documents\\Default Project\\.opencode\\skills\\salesforce-developer\\references\\deployment-devops.md"
2026-08-31T07:10:57.443592Z  INFO tailwindcss_oxide::scanner: Reading "C:\\Users\\pongo\\Documents\\Default Project\\components\\owner\\ApplicantsBoard.jsx"
2026-08-31T07:10:57.443608Z  INFO tailwindcss_oxide::scanner: Reading "C:\\Users\\pongo\\Documents\\Default Project\\.opencode\\skills\\shrinkage\\scripts\\dirty_apply.py"
2026-08-31T07:10:57.443419Z  INFO tailwindcss_oxide::scanner: Reading "C:\\Users\\pongo\\Documents\\Default Project\\.opencode\\skills\\react-native-expert\\references\\project-structure.md"
2026-08-31T07:10:57.443631Z  INFO tailwindcss_oxide::scanner: Reading "C:\\Users\\pongo\\Documents\\Default Project\\.opencode\\skills\\shopify-expert\\references\\app-development.md"
2026-08-31T07:10:57.443642Z  INFO tailwindcss_oxide::scanner: Reading "C:\\Users\\pongo\\Documents\\Default Project\\.opencode\\skills\\postgres-pro\\SKILL.md"
2026-08-31T07:10:57.443645Z  INFO tailwindcss_oxide::scanner: Reading "C:\\Users\\pongo\\Documents\\Default Project\\app\\dashboard\\barista\\applications\\page.jsx"
2026-08-31T07:10:57.443658Z  INFO tailwindcss_oxide::scanner: Reading "C:\\Users\\pongo\\Documents\\Default Project\\.opencode\\skills\\prompt-engineer\\references\\context-management.md"
2026-08-31T07:10:57.443524Z  INFO tailwindcss_oxide::scanner: Reading "C:\\Users\\pongo\\Documents\\Default Project\\.opencode\\skills\\debugging-wizard\\references\\debugging-tools.md"
2026-08-31T07:10:57.443682Z  INFO tailwindcss_oxide::scanner: Reading "C:\\Users\\pongo\\Documents\\Default Project\\.opencode\\skills\\react-native-expert\\references\\storage-hooks.md"
2026-08-31T07:10:57.443694Z  INFO tailwindcss_oxide::scanner: Reading "C:\\Users\\pongo\\Documents\\Default Project\\app\\dashboard\\barista\\layout.jsx"
2026-08-31T07:10:57.443695Z  INFO tailwindcss_oxide::scanner: Reading "C:\\Users\\pongo\\Documents\\Default Project\\.opencode\\skills\\shrinkage\\scripts\\extract_method.py"
2026-08-31T07:10:57.443697Z  INFO tailwindcss_oxide::scanner: Reading "C:\\Users\\pongo\\Documents\\Default Project\\.opencode\\skills\\shrinkage\\rules\\csharp.md"
2026-08-31T07:10:57.443705Z  INFO tailwindcss_oxide::scanner: Reading "C:\\Users\\pongo\\Documents\\Default Project\\.opencode\\skills\\prompt-engineer\\references\\prompt-optimization.md"
2026-08-31T07:10:57.443706Z  INFO tailwindcss_oxide::scanner: Reading "C:\\Users\\pongo\\Documents\\Default Project\\.opencode\\skills\\rag-architect\\references\\rag-evaluation.md"
2026-08-31T07:10:57.443597Z  INFO tailwindcss_oxide::scanner: Reading "C:\\Users\\pongo\\Documents\\Default Project\\.opencode\\skills\\shrinkage\\references\\consolidation-catalog.md"
2026-08-31T07:10:57.443727Z  INFO tailwindcss_oxide::scanner: Reading "C:\\Users\\pongo\\Documents\\Default Project\\app\\dashboard\\barista\\page.jsx"
2026-08-31T07:10:57.443516Z  INFO tailwindcss_oxide::scanner: Reading "C:\\Users\\pongo\\Documents\\Default Project\\.opencode\\skills\\salesforce-developer\\references\\integration-patterns.md"
2026-08-31T07:10:57.443744Z  INFO tailwindcss_oxide::scanner: Reading "C:\\Users\\pongo\\Documents\\Default Project\\.opencode\\skills\\react-native-expert\\SKILL.md"
2026-08-31T07:10:57.443748Z  INFO tailwindcss_oxide::scanner: Reading "C:\\Users\\pongo\\Documents\\Default Project\\.opencode\\skills\\shrinkage\\rules\\frameworks\\android.md"
2026-08-31T07:10:57.443762Z  INFO tailwindcss_oxide::scanner: Reading "C:\\Users\\pongo\\Documents\\Default Project\\app\\dashboard\\barista\\profile\\page.jsx"
2026-08-31T07:10:57.443770Z  INFO tailwindcss_oxide::scanner: Reading "C:\\Users\\pongo\\Documents\\Default Project\\.opencode\\skills\\prompt-engineer\\references\\prompt-patterns.md"
2026-08-31T07:10:57.443638Z  INFO tailwindcss_oxide::scanner: Reading "C:\\Users\\pongo\\Documents\\Default Project\\.opencode\\skills\\spark-engineer\\references\\partitioning-caching.md"
2026-08-31T07:10:57.443633Z  INFO tailwindcss_oxide::scanner: Reading "C:\\Users\\pongo\\Documents\\Default Project\\.opencode\\skills\\monitoring-expert\\references\\application-profiling.md"
2026-08-31T07:10:57.443789Z  INFO tailwindcss_oxide::scanner: Reading "C:\\Users\\pongo\\Documents\\Default Project\\.opencode\\skills\\shrinkage\\adapters\\copilot\\copilot-instructions.md"
2026-08-31T07:10:57.443720Z  INFO tailwindcss_oxide::scanner: Reading "C:\\Users\\pongo\\Documents\\Default Project\\components\\owner\\BusinessForm.jsx"
2026-08-31T07:10:57.443819Z  INFO tailwindcss_oxide::scanner: Reading "C:\\Users\\pongo\\Documents\\Default Project\\.opencode\\skills\\rust-engineer\\references\\async.md"
2026-08-31T07:10:57.443835Z  INFO tailwindcss_oxide::scanner: Reading "C:\\Users\\pongo\\Documents\\Default Project\\.opencode\\skills\\monitoring-expert\\references\\capacity-planning.md"
2026-08-31T07:10:57.443836Z  INFO tailwindcss_oxide::scanner: Reading "C:\\Users\\pongo\\Documents\\Default Project\\.opencode\\skills\\shrinkage\\references\\context-management.md"
2026-08-31T07:10:57.443844Z  INFO tailwindcss_oxide::scanner: Reading "C:\\Users\\pongo\\Documents\\Default Project\\.opencode\\skills\\shopify-expert\\references\\checkout-customization.md"
2026-08-31T07:10:57.443721Z  INFO tailwindcss_oxide::scanner: Reading "C:\\Users\\pongo\\Documents\\Default Project\\lib\\influencer\\trending.js"
2026-08-31T07:10:57.443795Z  INFO tailwindcss_oxide::scanner: Reading "C:\\Users\\pongo\\Documents\\Default Project\\.opencode\\skills\\rag-architect\\references\\retrieval-optimization.md"
2026-08-31T07:10:57.443843Z  INFO tailwindcss_oxide::scanner: Reading "C:\\Users\\pongo\\Documents\\Default Project\\.opencode\\skills\\spark-engineer\\references\\performance-tuning.md"
2026-08-31T07:10:57.443872Z  INFO tailwindcss_oxide::scanner: Reading "C:\\Users\\pongo\\Documents\\Default Project\\.opencode\\skills\\salesforce-developer\\references\\lightning-web-components.md"
2026-08-31T07:10:57.443885Z  INFO tailwindcss_oxide::scanner: Reading "C:\\Users\\pongo\\Documents\\Default Project\\.opencode\\skills\\monitoring-expert\\references\\dashboards.md"
2026-08-31T07:10:57.443887Z  INFO tailwindcss_oxide::scanner: Reading "C:\\Users\\pongo\\Documents\\Default Project\\.opencode\\skills\\rust-engineer\\references\\error-handling.md"
2026-08-31T07:10:57.443893Z  INFO tailwindcss_oxide::scanner: Reading "C:\\Users\\pongo\\Documents\\Default Project\\lib\\influencer\\video.js"
2026-08-31T07:10:57.443904Z  INFO tailwindcss_oxide::scanner: Reading "C:\\Users\\pongo\\Documents\\Default Project\\.opencode\\skills\\shrinkage\\adapters\\copilot\\prompts\\srk-audit.prompt.md"
2026-08-31T07:10:57.443921Z  INFO tailwindcss_oxide::scanner: Reading "C:\\Users\\pongo\\Documents\\Default Project\\.opencode\\skills\\monitoring-expert\\references\\opentelemetry.md"
2026-08-31T07:10:57.443921Z  INFO tailwindcss_oxide::scanner: Reading "C:\\Users\\pongo\\Documents\\Default Project\\.opencode\\skills\\shrinkage\\references\\extend-vs-add.md"
2026-08-31T07:10:57.443926Z  INFO tailwindcss_oxide::scanner: Reading "C:\\Users\\pongo\\Documents\\Default Project\\lib\\supabase\\client.js"
2026-08-31T07:10:57.443935Z  INFO tailwindcss_oxide::scanner: Reading "C:\\Users\\pongo\\Documents\\Default Project\\.opencode\\skills\\rag-architect\\references\\vector-databases.md"
2026-08-31T07:10:57.443941Z  INFO tailwindcss_oxide::scanner: Reading "C:\\Users\\pongo\\Documents\\Default Project\\.opencode\\skills\\shrinkage\\references\\ledger.md"
2026-08-31T07:10:57.443963Z  INFO tailwindcss_oxide::scanner: Reading "C:\\Users\\pongo\\Documents\\Default Project\\lib\\supabase\\server.js"
2026-08-31T07:10:57.443980Z  INFO tailwindcss_oxide::scanner: Reading "C:\\Users\\pongo\\Documents\\Default Project\\.opencode\\skills\\spark-engineer\\references\\rdd-operations.md"
2026-08-31T07:10:57.443982Z  INFO tailwindcss_oxide::scanner: Reading "C:\\Users\\pongo\\Documents\\Default Project\\.opencode\\skills\\rag-architect\\SKILL.md"
2026-08-31T07:10:57.443985Z  INFO tailwindcss_oxide::scanner: Reading "C:\\Users\\pongo\\Documents\\Default Project\\.opencode\\skills\\shrinkage\\adapters\\copilot\\prompts\\srk-config.prompt.md"
2026-08-31T07:10:57.443782Z  INFO tailwindcss_oxide::scanner: Reading "C:\\Users\\pongo\\Documents\\Default Project\\.opencode\\skills\\prompt-engineer\\references\\evaluation-frameworks.md"
2026-08-31T07:10:57.443797Z  INFO tailwindcss_oxide::scanner: Reading "C:\\Users\\pongo\\Documents\\Default Project\\app\\dashboard\\influencer\\page.jsx"
2026-08-31T07:10:57.444014Z  INFO tailwindcss_oxide::scanner: Reading "C:\\Users\\pongo\\Documents\\Default Project\\lib\\time.js"
2026-08-31T07:10:57.443527Z  INFO tailwindcss_oxide::scanner: Reading "C:\\Users\\pongo\\Documents\\Default Project\\.opencode\\skills\\security-reviewer\\references\\vulnerability-patterns.md"
2026-08-31T07:10:57.444021Z  INFO tailwindcss_oxide::scanner: Reading "C:\\Users\\pongo\\Documents\\Default Project\\.opencode\\skills\\terraform-engineer\\references\\module-patterns.md"
2026-08-31T07:10:57.443732Z  INFO tailwindcss_oxide::scanner: Reading "C:\\Users\\pongo\\Documents\\Default Project\\.opencode\\skills\\shrinkage\\scripts\\gatelog.py"
2026-08-31T07:10:57.443840Z  INFO tailwindcss_oxide::scanner: Reading "C:\\Users\\pongo\\Documents\\Default Project\\.opencode\\skills\\shrinkage\\adapters\\copilot\\prompts\\srk-gate.prompt.md"
2026-08-31T07:10:57.444029Z  INFO tailwindcss_oxide::scanner: Reading "C:\\Users\\pongo\\Documents\\Default Project\\.opencode\\skills\\shopify-expert\\references\\liquid-templating.md"
2026-08-31T07:10:57.444038Z  INFO tailwindcss_oxide::scanner: Reading "C:\\Users\\pongo\\Documents\\Default Project\\app\\dashboard\\owner\\jobs\\new\\page.jsx"
2026-08-31T07:10:57.443844Z  INFO tailwindcss_oxide::scanner: Reading "C:\\Users\\pongo\\Documents\\Default Project\\components\\search\\BaristaDirectory.jsx"
2026-08-31T07:10:57.444074Z  INFO tailwindcss_oxide::scanner: Reading "C:\\Users\\pongo\\Documents\\Default Project\\.opencode\\skills\\shrinkage\\adapters\\copilot\\prompts\\srk-score.prompt.md"
2026-08-31T07:10:57.444076Z  INFO tailwindcss_oxide::scanner: Reading "C:\\Users\\pongo\\Documents\\Default Project\\.opencode\\skills\\shrinkage\\references\\safety-model.md"
2026-08-31T07:10:57.443980Z  INFO tailwindcss_oxide::scanner: Reading "C:\\Users\\pongo\\Documents\\Default Project\\.opencode\\skills\\monitoring-expert\\references\\performance-testing.md"
2026-08-31T07:10:57.444051Z  INFO tailwindcss_oxide::scanner: Reading "C:\\Users\\pongo\\Documents\\Default Project\\lib\\validation.js"
2026-08-31T07:10:57.444083Z  INFO tailwindcss_oxide::scanner: Reading "C:\\Users\\pongo\\Documents\\Default Project\\.opencode\\skills\\shrinkage\\adapters\\copilot\\prompts\\srk-map.prompt.md"
2026-08-31T07:10:57.443797Z  INFO tailwindcss_oxide::scanner: Reading "C:\\Users\\pongo\\Documents\\Default Project\\.opencode\\skills\\shrinkage\\rules\\frameworks\\drupal.md"
2026-08-31T07:10:57.444119Z  INFO tailwindcss_oxide::scanner: Reading "C:\\Users\\pongo\\Documents\\Default Project\\components\\ui\\Avatar.jsx"
2026-08-31T07:10:57.444132Z  INFO tailwindcss_oxide::scanner: Reading "C:\\Users\\pongo\\Documents\\Default Project\\middleware.js"
2026-08-31T07:10:57.444135Z  INFO tailwindcss_oxide::scanner: Reading "C:\\Users\\pongo\\Documents\\Default Project\\.opencode\\skills\\shrinkage\\adapters\\copilot\\prompts\\srk-query.prompt.md"
2026-08-31T07:10:57.444141Z  INFO tailwindcss_oxide::scanner: Reading "C:\\Users\\pongo\\Documents\\Default Project\\.opencode\\skills\\terraform-engineer\\references\\providers.md"
2026-08-31T07:10:57.444148Z  INFO tailwindcss_oxide::scanner: Reading "C:\\Users\\pongo\\Documents\\Default Project\\app\\jobs\\[id]\\page.jsx"
2026-08-31T07:10:57.444154Z  INFO tailwindcss_oxide::scanner: Reading "C:\\Users\\pongo\\Documents\\Default Project\\components\\ui\\Badge.jsx"
2026-08-31T07:10:57.444159Z  INFO tailwindcss_oxide::scanner: Reading "C:\\Users\\pongo\\Documents\\Default Project\\.opencode\\skills\\monitoring-expert\\references\\prometheus-metrics.md"
2026-08-31T07:10:57.444164Z  INFO tailwindcss_oxide::scanner: Reading "C:\\Users\\pongo\\Documents\\Default Project\\.opencode\\skills\\shrinkage\\adapters\\copilot\\prompts\\srk-shave.prompt.md"
2026-08-31T07:10:57.444184Z  INFO tailwindcss_oxide::scanner: Reading "C:\\Users\\pongo\\Documents\\Default Project\\n8n-workflow.json"
2026-08-31T07:10:57.444190Z  INFO tailwindcss_oxide::scanner: Reading "C:\\Users\\pongo\\Documents\\Default Project\\components\\ui\\Button.jsx"
2026-08-31T07:10:57.444194Z  INFO tailwindcss_oxide::scanner: Reading "C:\\Users\\pongo\\Documents\\Default Project\\.opencode\\skills\\rails-expert\\references\\rspec-testing.md"
2026-08-31T07:10:57.444196Z  INFO tailwindcss_oxide::scanner: Reading "C:\\Users\\pongo\\Documents\\Default Project\\app\\layout.jsx"
2026-08-31T07:10:57.444199Z  INFO tailwindcss_oxide::scanner: Reading "C:\\Users\\pongo\\Documents\\Default Project\\.opencode\\skills\\monitoring-expert\\references\\structured-logging.md"
2026-08-31T07:10:57.444202Z  INFO tailwindcss_oxide::scanner: Reading "C:\\Users\\pongo\\Documents\\Default Project\\CLAUDE.md"
2026-08-31T07:10:57.444208Z  INFO tailwindcss_oxide::scanner: Reading "C:\\Users\\pongo\\Documents\\Default Project\\.opencode\\skills\\shrinkage\\adapters\\copilot\\prompts\\srk-trend.prompt.md"
2026-08-31T07:10:57.444215Z  INFO tailwindcss_oxide::scanner: Reading "C:\\Users\\pongo\\Documents\\Default Project\\.opencode\\skills\\spec-miner\\SKILL.md"
2026-08-31T07:10:57.444225Z  INFO tailwindcss_oxide::scanner: Reading "C:\\Users\\pongo\\Documents\\Default Project\\components\\ui\\EmptyState.jsx"
2026-08-31T07:10:57.444232Z  INFO tailwindcss_oxide::scanner: Reading "C:\\Users\\pongo\\Documents\\Default Project\\netlify.toml"
2026-08-31T07:10:57.444235Z  INFO tailwindcss_oxide::scanner: Reading "C:\\Users\\pongo\\Documents\\Default Project\\app\\login\\page.jsx"
2026-08-31T07:10:57.444243Z  INFO tailwindcss_oxide::scanner: Reading "C:\\Users\\pongo\\Documents\\Default Project\\.opencode\\skills\\rails-expert\\SKILL.md"
2026-08-31T07:10:57.444245Z  INFO tailwindcss_oxide::scanner: Reading "C:\\Users\\pongo\\Documents\\Default Project\\components\\barista\\ApplicationsList.jsx"
2026-08-31T07:10:57.444250Z  INFO tailwindcss_oxide::scanner: Reading "C:\\Users\\pongo\\Documents\\Default Project\\.opencode\\skills\\monitoring-expert\\SKILL.md"
2026-08-31T07:10:57.444255Z  INFO tailwindcss_oxide::scanner: Reading "C:\\Users\\pongo\\Documents\\Default Project\\.opencode\\skills\\terraform-engineer\\references\\state-management.md"
2026-08-31T07:10:57.444260Z  INFO tailwindcss_oxide::scanner: Reading "C:\\Users\\pongo\\Documents\\Default Project\\components\\ui\\Field.jsx"
2026-08-31T07:10:57.444266Z  INFO tailwindcss_oxide::scanner: Reading "C:\\Users\\pongo\\Documents\\Default Project\\next.config.mjs"
2026-08-31T07:10:57.444271Z  INFO tailwindcss_oxide::scanner: Reading "C:\\Users\\pongo\\Documents\\Default Project\\app\\messages\\page.jsx"
2026-08-31T07:10:57.443971Z  INFO tailwindcss_oxide::scanner: Reading "C:\\Users\\pongo\\Documents\\Default Project\\.opencode\\skills\\salesforce-developer\\references\\soql-sosl.md"
2026-08-31T07:10:57.444299Z  INFO tailwindcss_oxide::scanner: Reading "C:\\Users\\pongo\\Documents\\Default Project\\.opencode\\skills\\shrinkage\\adapters\\copilot\\README.md"
2026-08-31T07:10:57.444311Z  INFO tailwindcss_oxide::scanner: Reading "C:\\Users\\pongo\\Documents\\Default Project\\package.json"
2026-08-31T07:10:57.444081Z  INFO tailwindcss_oxide::scanner: Reading "C:\\Users\\pongo\\Documents\\Default Project\\.opencode\\skills\\shrinkage\\scripts\\ledger.py"
2026-08-31T07:10:57.444035Z  INFO tailwindcss_oxide::scanner: Reading "C:\\Users\\pongo\\Documents\\Default Project\\.opencode\\skills\\spark-engineer\\references\\spark-sql-dataframes.md"
2026-08-31T07:10:57.444100Z  INFO tailwindcss_oxide::scanner: Reading "C:\\Users\\pongo\\Documents\\Default Project\\app\\dashboard\\owner\\jobs\\[id]\\applicants\\page.jsx"
2026-08-31T07:10:57.444323Z  INFO tailwindcss_oxide::scanner: Reading "C:\\Users\\pongo\\Documents\\Default Project\\.opencode\\skills\\spring-boot-engineer\\references\\cloud.md"
2026-08-31T07:10:57.444345Z  INFO tailwindcss_oxide::scanner: Reading "C:\\Users\\pongo\\Documents\\Default Project\\plan.md"
2026-08-31T07:10:57.444366Z  INFO tailwindcss_oxide::scanner: Reading "C:\\Users\\pongo\\Documents\\Default Project\\.opencode\\skills\\shrinkage\\scripts\\lsp_refs.py"
2026-08-31T07:10:57.444292Z  INFO tailwindcss_oxide::scanner: Reading "C:\\Users\\pongo\\Documents\\Default Project\\.opencode\\skills\\razor\\unused\\SKILL.md"
2026-08-31T07:10:57.444387Z  INFO tailwindcss_oxide::scanner: Reading "C:\\Users\\pongo\\Documents\\Default Project\\.opencode\\skills\\shrinkage\\scripts\\parsers\\kotlin.py"
2026-08-31T07:10:57.444303Z  INFO tailwindcss_oxide::scanner: Reading "C:\\Users\\pongo\\Documents\\Default Project\\.opencode\\skills\\nestjs-expert\\references\\authentication.md"
2026-08-31T07:10:57.444423Z  INFO tailwindcss_oxide::scanner: Reading "C:\\Users\\pongo\\Documents\\Default Project\\.opencode\\skills\\shrinkage\\scripts\\parsers\\php.py"
2026-08-31T07:10:57.444423Z  INFO tailwindcss_oxide::scanner: Reading "C:\\Users\\pongo\\Documents\\Default Project\\.opencode\\skills\\react-expert\\references\\hooks-patterns.md"
2026-08-31T07:10:57.444307Z  INFO tailwindcss_oxide::scanner: Reading "C:\\Users\\pongo\\Documents\\Default Project\\app\\messages\\[id]\\page.jsx"
2026-08-31T07:10:57.444304Z  INFO tailwindcss_oxide::scanner: Reading "C:\\Users\\pongo\\Documents\\Default Project\\components\\ui\\Sheet.jsx"
2026-08-31T07:10:57.444453Z  INFO tailwindcss_oxide::scanner: Reading "C:\\Users\\pongo\\Documents\\Default Project\\.opencode\\skills\\shrinkage\\scripts\\parsers\\python_lang.py"
2026-08-31T07:10:57.444303Z  INFO tailwindcss_oxide::scanner: Reading "C:\\Users\\pongo\\Documents\\Default Project\\components\\barista\\ProfileEditor.jsx"
2026-08-31T07:10:57.444084Z  INFO tailwindcss_oxide::scanner: Reading "C:\\Users\\pongo\\Documents\\Default Project\\.opencode\\skills\\shrinkage\\rules\\frameworks\\laravel.md"
2026-08-31T07:10:57.443977Z  INFO tailwindcss_oxide::scanner: Reading "C:\\Users\\pongo\\Documents\\Default Project\\.opencode\\skills\\shrinkage\\references\\map-format.md"
2026-08-31T07:10:57.444487Z  INFO tailwindcss_oxide::scanner: Reading "C:\\Users\\pongo\\Documents\\Default Project\\.opencode\\skills\\shrinkage\\scripts\\parsers\\rust.py"
2026-08-31T07:10:57.444491Z  INFO tailwindcss_oxide::scanner: Reading "C:\\Users\\pongo\\Documents\\Default Project\\.opencode\\skills\\react-expert\\references\\migration-class-to-modern.md"
2026-08-31T07:10:57.444495Z  INFO tailwindcss_oxide::scanner: Reading "C:\\Users\\pongo\\Documents\\Default Project\\components\\ui\\Skeleton.jsx"
2026-08-31T07:10:57.444509Z  INFO tailwindcss_oxide::scanner: Reading "C:\\Users\\pongo\\Documents\\Default Project\\components\\cards\\BaristaCard.jsx"
2026-08-31T07:10:57.444523Z  INFO tailwindcss_oxide::scanner: Reading "C:\\Users\\pongo\\Documents\\Default Project\\app\\dashboard\\owner\\profile\\page.jsx"
2026-08-31T07:10:57.444525Z  INFO tailwindcss_oxide::scanner: Reading "C:\\Users\\pongo\\Documents\\Default Project\\.opencode\\skills\\shrinkage\\scripts\\parsers\\ts_engine.py"
2026-08-31T07:10:57.444529Z  INFO tailwindcss_oxide::scanner: Reading "C:\\Users\\pongo\\Documents\\Default Project\\.opencode\\skills\\shrinkage\\rules\\frameworks\\magento2.md"
2026-08-31T07:10:57.444531Z  INFO tailwindcss_oxide::scanner: Reading "C:\\Users\\pongo\\Documents\\Default Project\\components\\ui\\toast.jsx"
2026-08-31T07:10:57.444545Z  INFO tailwindcss_oxide::scanner: Reading "C:\\Users\\pongo\\Documents\\Default Project\\components\\cards\\JobCard.jsx"
2026-08-31T07:10:57.444543Z  INFO tailwindcss_oxide::scanner: Reading "C:\\Users\\pongo\\Documents\\Default Project\\.opencode\\skills\\nestjs-expert\\references\\controllers-routing.md"
2026-08-31T07:10:57.444026Z  INFO tailwindcss_oxide::scanner: Reading "C:\\Users\\pongo\\Documents\\Default Project\\.opencode\\skills\\rails-expert\\references\\active-record.md"
2026-08-31T07:10:57.444572Z  INFO tailwindcss_oxide::scanner: Reading "C:\\Users\\pongo\\Documents\\Default Project\\.opencode\\skills\\shrinkage\\rules\\go.md"
2026-08-31T07:10:57.444581Z  INFO tailwindcss_oxide::scanner: Reading "C:\\Users\\pongo\\Documents\\Default Project\\components\\chat\\ChatWindow.jsx"
2026-08-31T07:10:57.444571Z  INFO tailwindcss_oxide::scanner: Reading "C:\\Users\\pongo\\Documents\\Default Project\\components\\ui\\Toggle.jsx"
2026-08-31T07:10:57.444591Z  INFO tailwindcss_oxide::scanner: Reading "C:\\Users\\pongo\\Documents\\Default Project\\.opencode\\skills\\react-expert\\references\\performance.md"
2026-08-31T07:10:57.444560Z  INFO tailwindcss_oxide::scanner: Reading "C:\\Users\\pongo\\Documents\\Default Project\\app\\find-baristas\\page.jsx"
2026-08-31T07:10:57.444406Z  INFO tailwindcss_oxide::scanner: Reading "C:\\Users\\pongo\\Documents\\Default Project\\.opencode\\skills\\salesforce-developer\\SKILL.md"
2026-08-31T07:10:57.444378Z  INFO tailwindcss_oxide::scanner: Reading "C:\\Users\\pongo\\Documents\\Default Project\\app\\dashboard\\owner\\jobs\\[id]\\edit\\page.jsx"
2026-08-31T07:10:57.444609Z  INFO tailwindcss_oxide::scanner: Reading "C:\\Users\\pongo\\Documents\\Default Project\\.opencode\\skills\\shrinkage\\rules\\java.md"
2026-08-31T07:10:57.444657Z  INFO tailwindcss_oxide::scanner: Reading "C:\\Users\\pongo\\Documents\\Default Project\\components\\chat\\StartChatButton.jsx"
2026-08-31T07:10:57.444659Z  INFO tailwindcss_oxide::scanner: Reading "C:\\Users\\pongo\\Documents\\Default Project\\DESIGN.md"
2026-08-31T07:10:57.444396Z  INFO tailwindcss_oxide::scanner: Reading "C:\\Users\\pongo\\Documents\\Default Project\\.opencode\\skills\\terraform-engineer\\references\\testing.md"
2026-08-31T07:10:57.444678Z  INFO tailwindcss_oxide::scanner: Reading "C:\\Users\\pongo\\Documents\\Default Project\\app\\forgot-password\\page.jsx"
2026-08-31T07:10:57.444694Z  INFO tailwindcss_oxide::scanner: Reading "C:\\Users\\pongo\\Documents\\Default Project\\components\\jobs\\ApplyButton.jsx"
2026-08-31T07:10:57.444702Z  INFO tailwindcss_oxide::scanner: Reading "C:\\Users\\pongo\\Documents\\Default Project\\app\\dashboard\\owner\\layout.jsx"
2026-08-31T07:10:57.444719Z  INFO tailwindcss_oxide::scanner: Reading "C:\\Users\\pongo\\Documents\\Default Project\\app\\jobs\\page.jsx"
2026-08-31T07:10:57.444718Z  INFO tailwindcss_oxide::scanner: Reading "C:\\Users\\pongo\\Documents\\Default Project\\.opencode\\skills\\nestjs-expert\\references\\dtos-validation.md"
2026-08-31T07:10:57.444733Z  INFO tailwindcss_oxide::scanner: Reading "C:\\Users\\pongo\\Documents\\Default Project\\.opencode\\skills\\terraform-engineer\\SKILL.md"
2026-08-31T07:10:57.444612Z  INFO tailwindcss_oxide::scanner: Reading "C:\\Users\\pongo\\Documents\\Default Project\\.opencode\\skills\\rails-expert\\references\\api-development.md"
2026-08-31T07:10:57.444747Z  INFO tailwindcss_oxide::scanner: Reading "C:\\Users\\pongo\\Documents\\Default Project\\.opencode\\skills\\react-expert\\references\\react-19-features.md"
2026-08-31T07:10:57.444415Z  INFO tailwindcss_oxide::scanner: Reading "C:\\Users\\pongo\\Documents\\Default Project\\.opencode\\skills\\shrinkage\\scripts\\parsers\\go_lang.py"
2026-08-31T07:10:57.444392Z  INFO tailwindcss_oxide::scanner: Reading "C:\\Users\\pongo\\Documents\\Default Project\\postcss.config.mjs"
2026-08-31T07:10:57.444561Z  INFO tailwindcss_oxide::scanner: Reading "C:\\Users\\pongo\\Documents\\Default Project\\.opencode\\skills\\shrinkage\\scripts\\parsers\\twig.py"
2026-08-31T07:10:57.444401Z  INFO tailwindcss_oxide::scanner: Reading "C:\\Users\\pongo\\Documents\\Default Project\\.opencode\\skills\\spark-engineer\\references\\streaming-patterns.md"
2026-08-31T07:10:57.444407Z  INFO tailwindcss_oxide::scanner: Reading "C:\\Users\\pongo\\Documents\\Default Project\\.opencode\\skills\\spring-boot-engineer\\references\\data.md"
2026-08-31T07:10:57.444719Z  INFO tailwindcss_oxide::scanner: Reading "C:\\Users\\pongo\\Documents\\Default Project\\lib\\constants.js"
2026-08-31T07:10:57.444722Z  INFO tailwindcss_oxide::scanner: Reading "C:\\Users\\pongo\\Documents\\Default Project\\.opencode\\skills\\secure-code-guardian\\references\\authentication.md"
2026-08-31T07:10:57.444475Z  INFO tailwindcss_oxide::scanner: Reading "C:\\Users\\pongo\\Documents\\Default Project\\app\\onboarding\\barista\\page.jsx"
2026-08-31T07:10:57.444728Z  INFO tailwindcss_oxide::scanner: Reading "C:\\Users\\pongo\\Documents\\Default Project\\components\\jobs\\JobFeed.jsx"
2026-08-31T07:10:57.444756Z  INFO tailwindcss_oxide::scanner: Reading "C:\\Users\\pongo\\Documents\\Default Project\\app\\dashboard\\owner\\page.jsx"
2026-08-31T07:10:57.444882Z  INFO tailwindcss_oxide::scanner: Reading "C:\\Users\\pongo\\Documents\\Default Project\\.opencode\\skills\\nestjs-expert\\references\\migration-from-express.md"
2026-08-31T07:10:57.444826Z  INFO tailwindcss_oxide::scanner: Reading "C:\\Users\\pongo\\Documents\\Default Project\\.opencode\\skills\\nextjs-developer\\references\\deployment.md"
2026-08-31T07:10:57.444782Z  INFO tailwindcss_oxide::scanner: Reading "C:\\Users\\pongo\\Documents\\Default Project\\.opencode\\skills\\test-master\\references\\automation-frameworks.md"
2026-08-31T07:10:57.444905Z  INFO tailwindcss_oxide::scanner: Reading "C:\\Users\\pongo\\Documents\\Default Project\\public\\window.svg"
2026-08-31T07:10:57.444823Z  INFO tailwindcss_oxide::scanner: Reading "C:\\Users\\pongo\\Documents\\Default Project\\.opencode\\skills\\shrinkage\\scripts\\parsers\\javascript.py"
2026-08-31T07:10:57.444875Z  INFO tailwindcss_oxide::scanner: Reading "C:\\Users\\pongo\\Documents\\Default Project\\.opencode\\skills\\shrinkage\\scripts\\parsers\\__init__.py"
2026-08-31T07:10:57.444922Z  INFO tailwindcss_oxide::scanner: Reading "C:\\Users\\pongo\\Documents\\Default Project\\components\\jobs\\JobManageCard.jsx"
2026-08-31T07:10:57.444813Z  INFO tailwindcss_oxide::scanner: Reading "C:\\Users\\pongo\\Documents\\Default Project\\.opencode\\skills\\rails-expert\\references\\background-jobs.md"
2026-08-31T07:10:57.444760Z  INFO tailwindcss_oxide::scanner: Reading "C:\\Users\\pongo\\Documents\\Default Project\\.opencode\\skills\\secure-code-guardian\\references\\input-validation.md"
2026-08-31T07:10:57.444945Z  INFO tailwindcss_oxide::scanner: Reading "C:\\Users\\pongo\\Documents\\Default Project\\.opencode\\skills\\spring-boot-engineer\\references\\security.md"
2026-08-31T07:10:57.444957Z  INFO tailwindcss_oxide::scanner: Reading "C:\\Users\\pongo\\Documents\\Default Project\\README.md"
2026-08-31T07:10:57.444902Z  INFO tailwindcss_oxide::scanner: Reading "C:\\Users\\pongo\\Documents\\Default Project\\app\\onboarding\\owner\\page.jsx"
2026-08-31T07:10:57.444981Z  INFO tailwindcss_oxide::scanner: Reading "C:\\Users\\pongo\\Documents\\Default Project\\.opencode\\skills\\rails-expert\\references\\hotwire-turbo.md"
2026-08-31T07:10:57.444982Z  INFO tailwindcss_oxide::scanner: Reading "C:\\Users\\pongo\\Documents\\Default Project\\.opencode\\skills\\shrinkage\\scripts\\parsers\\java_like.py"
2026-08-31T07:10:57.444984Z  INFO tailwindcss_oxide::scanner: Reading "C:\\Users\\pongo\\Documents\\Default Project\\.opencode\\skills\\spec-miner\\references\\analysis-checklist.md"
2026-08-31T07:10:57.444919Z  INFO tailwindcss_oxide::scanner: Reading "C:\\Users\\pongo\\Documents\\Default Project\\lib\\influencer\\faceswap.js"
2026-08-31T07:10:57.444879Z  INFO tailwindcss_oxide::scanner: Reading "C:\\Users\\pongo\\Documents\\Default Project\\lib\\image.js"
2026-08-31T07:10:57.445008Z  INFO tailwindcss_oxide::scanner: Reading "C:\\Users\\pongo\\Documents\\Default Project\\SETUP.md"
2026-08-31T07:10:57.445023Z  INFO tailwindcss_oxide::scanner: Reading "C:\\Users\\pongo\\Documents\\Default Project\\components\\jobs\\JobPostForm.jsx"
2026-08-31T07:10:57.445027Z  INFO tailwindcss_oxide::scanner: Reading "C:\\Users\\pongo\\Documents\\Default Project\\app\\page.jsx"
2026-08-31T07:10:57.445032Z  INFO tailwindcss_oxide::scanner: Reading "C:\\Users\\pongo\\Documents\\Default Project\\docs\\barista-architecture.html"
2026-08-31T07:10:57.445035Z  INFO tailwindcss_oxide::scanner: Reading "C:\\Users\\pongo\\Documents\\Default Project\\fix_fetch.py"
2026-08-31T07:10:57.445043Z  INFO tailwindcss_oxide::scanner: Reading "C:\\Users\\pongo\\Documents\\Default Project\\lib\\influencer\\danceMotion.js"
2026-08-31T07:10:57.445045Z  INFO tailwindcss_oxide::scanner: Reading "C:\\Users\\pongo\\Documents\\Default Project\\lib\\influencer\\geminiImage.js"
2026-08-31T07:10:57.445053Z  INFO tailwindcss_oxide::scanner: Reading "C:\\Users\\pongo\\Documents\\Default Project\\.opencode\\skills\\secure-code-guardian\\references\\owasp-prevention.md"
2026-08-31T07:10:57.445062Z  INFO tailwindcss_oxide::scanner: Reading "C:\\Users\\pongo\\Documents\\Default Project\\skills-lock.json"
2026-08-31T07:10:57.445064Z  INFO tailwindcss_oxide::scanner: Reading "C:\\Users\\pongo\\Documents\\Default Project\\.opencode\\skills\\spring-boot-engineer\\references\\testing.md"
2026-08-31T07:10:57.445073Z  INFO tailwindcss_oxide::scanner: Reading "C:\\Users\\pongo\\Documents\\Default Project\\components\\layout\\BottomNav.jsx"
2026-08-31T07:10:57.444925Z  INFO tailwindcss_oxide::scanner: Reading "C:\\Users\\pongo\\Documents\\Default Project\\.opencode\\skills\\spark-engineer\\SKILL.md"
2026-08-31T07:10:57.445053Z  INFO tailwindcss_oxide::scanner: Reading "C:\\Users\\pongo\\Documents\\Default Project\\.opencode\\skills\\spec-miner\\references\\analysis-process.md"
2026-08-31T07:10:57.445111Z  INFO tailwindcss_oxide::scanner: Reading "C:\\Users\\pongo\\Documents\\Default Project\\supabase\\.temp\\cli-latest"
2026-08-31T07:10:57.445115Z  INFO tailwindcss_oxide::scanner: Reading "C:\\Users\\pongo\\Documents\\Default Project\\components\\layout\\Footer.jsx"
2026-08-31T07:10:57.445119Z  INFO tailwindcss_oxide::scanner: Reading "C:\\Users\\pongo\\Documents\\Default Project\\app\\signup\\page.jsx"
2026-08-31T07:10:57.445120Z  INFO tailwindcss_oxide::scanner: Reading "C:\\Users\\pongo\\Documents\\Default Project\\.opencode\\skills\\spec-miner\\references\\ears-format.md"
2026-08-31T07:10:57.445126Z  INFO tailwindcss_oxide::scanner: Reading "C:\\Users\\pongo\\Documents\\Default Project\\.opencode\\skills\\nestjs-expert\\references\\services-di.md"
2026-08-31T07:10:57.444985Z  INFO tailwindcss_oxide::scanner: Reading "C:\\Users\\pongo\\Documents\\Default Project\\.opencode\\skills\\nextjs-developer\\references\\server-actions.md"
2026-08-31T07:10:57.445150Z  INFO tailwindcss_oxide::scanner: Reading "C:\\Users\\pongo\\Documents\\Default Project\\.opencode\\skills\\spring-boot-engineer\\SKILL.md"
2026-08-31T07:10:57.444988Z  INFO tailwindcss_oxide::scanner: Reading "C:\\Users\\pongo\\Documents\\Default Project\\.opencode\\skills\\test-master\\references\\e2e-testing.md"
2026-08-31T07:10:57.445160Z  INFO tailwindcss_oxide::scanner: Reading "C:\\Users\\pongo\\Documents\\Default Project\\supabase\\schema.sql"
2026-08-31T07:10:57.445081Z  INFO tailwindcss_oxide::scanner: Reading "C:\\Users\\pongo\\Documents\\Default Project\\app\\page_dark.jsx"
2026-08-31T07:10:57.445084Z  INFO tailwindcss_oxide::scanner: Reading "C:\\Users\\pongo\\Documents\\Default Project\\.opencode\\skills\\sre-engineer\\references\\automation-toil.md"
2026-08-31T07:10:57.445167Z  INFO tailwindcss_oxide::scanner: Reading "C:\\Users\\pongo\\Documents\\Default Project\\app\\update-password\\page.jsx"
2026-08-31T07:10:57.445154Z  INFO tailwindcss_oxide::scanner: Reading "C:\\Users\\pongo\\Documents\\Default Project\\lib\\influencer\\pollinations.js"
2026-08-31T07:10:57.445184Z  INFO tailwindcss_oxide::scanner: Reading "C:\\Users\\pongo\\Documents\\Default Project\\supabase\\seed.sql"
2026-08-31T07:10:57.445212Z  INFO tailwindcss_oxide::scanner: Reading "C:\\Users\\pongo\\Documents\\Default Project\\.opencode\\skills\\spring-boot-engineer\\references\\web.md"
2026-08-31T07:10:57.445199Z  INFO tailwindcss_oxide::scanner: Reading "C:\\Users\\pongo\\Documents\\Default Project\\.opencode\\skills\\spec-miner\\references\\specification-template.md"
2026-08-31T07:10:57.445128Z  INFO tailwindcss_oxide::scanner: Reading "C:\\Users\\pongo\\Documents\\Default Project\\eslint.config.mjs"
2026-08-31T07:10:57.445238Z  INFO tailwindcss_oxide::scanner: Reading "C:\\Users\\pongo\\Documents\\Default Project\\.opencode\\skills\\pandas-pro\\references\\data-cleaning.md"
2026-08-31T07:10:57.445226Z  INFO tailwindcss_oxide::scanner: Reading "C:\\Users\\pongo\\Documents\\Default Project\\.opencode\\skills\\test-master\\references\\integration-testing.md"
2026-08-31T07:10:57.445223Z  INFO tailwindcss_oxide::scanner: Reading "C:\\Users\\pongo\\Documents\\Default Project\\public\\archify\\barista.html"
2026-08-31T07:10:57.445312Z  INFO tailwindcss_oxide::scanner: Reading "C:\\Users\\pongo\\Documents\\Default Project\\.opencode\\skills\\pandas-pro\\references\\dataframe-operations.md"
2026-08-31T07:10:57.445312Z  INFO tailwindcss_oxide::scanner: Reading "C:\\Users\\pongo\\Documents\\Default Project\\lib\\influencer\\publish.js"
2026-08-31T07:10:57.445223Z  INFO tailwindcss_oxide::scanner: Reading "C:\\Users\\pongo\\Documents\\Default Project\\.opencode\\skills\\sql-pro\\references\\database-design.md"
2026-08-31T07:10:57.445143Z  INFO tailwindcss_oxide::scanner: Reading "C:\\Users\\pongo\\Documents\\Default Project\\jsconfig.json"
2026-08-31T07:10:57.445362Z  INFO tailwindcss_oxide::scanner: Reading "C:\\Users\\pongo\\Documents\\Default Project\\.opencode\\skills\\sql-pro\\references\\window-functions.md"
2026-08-31T07:10:57.445377Z  INFO tailwindcss_oxide::scanner: Reading "C:\\Users\\pongo\\Documents\\Default Project\\.opencode\\skills\\pandas-pro\\references\\aggregation-groupby.md"
2026-08-31T07:10:57.445386Z  INFO tailwindcss_oxide::scanner: Reading "C:\\Users\\pongo\\Documents\\Default Project\\.opencode\\skills\\typescript-pro\\references\\patterns.md"
2026-08-31T07:10:57.445398Z  INFO tailwindcss_oxide::scanner: Reading "C:\\Users\\pongo\\Documents\\Default Project\\.opencode\\skills\\sql-pro\\references\\dialect-differences.md"
2026-08-31T07:10:57.445409Z  INFO tailwindcss_oxide::scanner: Reading "C:\\Users\\pongo\\Documents\\Default Project\\.opencode\\skills\\sql-pro\\SKILL.md"
2026-08-31T07:10:57.445404Z  INFO tailwindcss_oxide::scanner: Reading "C:\\Users\\pongo\\Documents\\Default Project\\public\\next.svg"
2026-08-31T07:10:57.445211Z  INFO tailwindcss_oxide::scanner: Reading "C:\\Users\\pongo\\Documents\\Default Project\\.opencode\\skills\\nextjs-developer\\SKILL.md"
2026-08-31T07:10:57.445263Z  INFO tailwindcss_oxide::scanner: Reading "C:\\Users\\pongo\\Documents\\Default Project\\.opencode\\skills\\sre-engineer\\references\\error-budget-policy.md"
2026-08-31T07:10:57.445456Z  INFO tailwindcss_oxide::scanner: Reading "C:\\Users\\pongo\\Documents\\Default Project\\.opencode\\skills\\sql-pro\\references\\query-patterns.md"
2026-08-31T07:10:57.445271Z  INFO tailwindcss_oxide::scanner: Reading "C:\\Users\\pongo\\Documents\\Default Project\\barista-connect.architecture.json"
2026-08-31T07:10:57.445466Z  INFO tailwindcss_oxide::scanner: Reading "C:\\Users\\pongo\\Documents\\Default Project\\.opencode\\skills\\typescript-pro\\references\\type-guards.md"
2026-08-31T07:10:57.445283Z  INFO tailwindcss_oxide::scanner: Reading "C:\\Users\\pongo\\Documents\\Default Project\\lib\\ai.js"
2026-08-31T07:10:57.445289Z  INFO tailwindcss_oxide::scanner: Reading "C:\\Users\\pongo\\Documents\\Default Project\\public\\globe.svg"
2026-08-31T07:10:57.445496Z  INFO tailwindcss_oxide::scanner: Reading "C:\\Users\\pongo\\Documents\\Default Project\\.opencode\\skills\\test-master\\references\\test-reports.md"
2026-08-31T07:10:57.445508Z  INFO tailwindcss_oxide::scanner: Reading "C:\\Users\\pongo\\Documents\\Default Project\\public\\file.svg"
2026-08-31T07:10:57.445520Z  INFO tailwindcss_oxide::scanner: Reading "C:\\Users\\pongo\\Documents\\Default Project\\.opencode\\skills\\sre-engineer\\references\\slo-sli-management.md"
2026-08-31T07:10:57.445525Z  INFO tailwindcss_oxide::scanner: Reading "C:\\Users\\pongo\\Documents\\Default Project\\.opencode\\skills\\swift-expert\\references\\swiftui-patterns.md"
2026-08-31T07:10:57.445539Z  INFO tailwindcss_oxide::scanner: Reading "C:\\Users\\pongo\\Documents\\Default Project\\.opencode\\skills\\sre-engineer\\SKILL.md"
2026-08-31T07:10:57.445540Z  INFO tailwindcss_oxide::scanner: Reading "C:\\Users\\pongo\\Documents\\Default Project\\.opencode\\skills\\test-master\\references\\testing-anti-patterns.md"
2026-08-31T07:10:57.445288Z  INFO tailwindcss_oxide::scanner: Reading "C:\\Users\\pongo\\Documents\\Default Project\\.opencode\\skills\\nestjs-expert\\references\\testing-patterns.md"
2026-08-31T07:10:57.445557Z  INFO tailwindcss_oxide::scanner: Reading "C:\\Users\\pongo\\Documents\\Default Project\\.opencode\\skills\\typescript-pro\\references\\utility-types.md"
2026-08-31T07:10:57.445565Z  INFO tailwindcss_oxide::scanner: Reading "C:\\Users\\pongo\\Documents\\Default Project\\.opencode\\skills\\swift-expert\\SKILL.md"
2026-08-31T07:10:57.445313Z  INFO tailwindcss_oxide::scanner: Reading "C:\\Users\\pongo\\Documents\\Default Project\\.opencode\\skills\\sql-pro\\references\\optimization.md"
2026-08-31T07:10:57.445585Z  INFO tailwindcss_oxide::scanner: Reading "C:\\Users\\pongo\\Documents\\Default Project\\.opencode\\skills\\terraform-engineer\\references\\best-practices.md"
2026-08-31T07:10:57.445592Z  INFO tailwindcss_oxide::scanner: Reading "C:\\Users\\pongo\\Documents\\Default Project\\.opencode\\skills\\swift-expert\\references\\testing-patterns.md"
2026-08-31T07:10:57.445594Z  INFO tailwindcss_oxide::scanner: Reading "C:\\Users\\pongo\\Documents\\Default Project\\.opencode\\skills\\test-master\\references\\unit-testing.md"
2026-08-31T07:10:57.445239Z  INFO tailwindcss_oxide::scanner: Reading "C:\\Users\\pongo\\Documents\\Default Project\\.opencode\\skills\\nextjs-developer\\references\\server-components.md"
2026-08-31T07:10:57.445608Z  INFO tailwindcss_oxide::scanner: Reading "C:\\Users\\pongo\\Documents\\Default Project\\.opencode\\skills\\nestjs-expert\\SKILL.md"
2026-08-31T07:10:57.445611Z  INFO tailwindcss_oxide::scanner: Reading "C:\\Users\\pongo\\Documents\\Default Project\\.opencode\\skills\\test-master\\references\\qa-methodology.md"
2026-08-31T07:10:57.445348Z  INFO tailwindcss_oxide::scanner: Reading "C:\\Users\\pongo\\Documents\\Default Project\\.opencode\\skills\\test-master\\references\\performance-testing.md"
2026-08-31T07:10:57.445625Z  INFO tailwindcss_oxide::scanner: Reading "C:\\Users\\pongo\\Documents\\Default Project\\.opencode\\skills\\test-master\\references\\security-testing.md"
2026-08-31T07:10:57.445446Z  INFO tailwindcss_oxide::scanner: Reading "C:\\Users\\pongo\\Documents\\Default Project\\public\\vercel.svg"
2026-08-31T07:10:57.445635Z  INFO tailwindcss_oxide::scanner: Reading "C:\\Users\\pongo\\Documents\\Default Project\\.opencode\\skills\\typescript-pro\\SKILL.md"
2026-08-31T07:10:57.445458Z  INFO tailwindcss_oxide::scanner: Reading "C:\\Users\\pongo\\Documents\\Default Project\\archify-demo\\archify-demo.html"
2026-08-31T07:10:57.445459Z  INFO tailwindcss_oxide::scanner: Reading "C:\\Users\\pongo\\Documents\\Default Project\\.opencode\\skills\\sre-engineer\\references\\monitoring-alerting.md"
2026-08-31T07:10:57.445661Z  INFO tailwindcss_oxide::scanner: Reading "C:\\Users\\pongo\\Documents\\Default Project\\.opencode\\skills\\nextjs-developer\\references\\app-router.md"
2026-08-31T07:10:57.445677Z  INFO tailwindcss_oxide::scanner: Reading "C:\\Users\\pongo\\Documents\\Default Project\\.opencode\\skills\\vue-expert\\references\\build-tooling.md"
2026-08-31T07:10:57.445680Z  INFO tailwindcss_oxide::scanner: Reading "C:\\Users\\pongo\\Documents\\Default Project\\.opencode\\skills\\vue-expert\\references\\components.md"
2026-08-31T07:10:57.445690Z  INFO tailwindcss_oxide::scanner: Reading "C:\\Users\\pongo\\Documents\\Default Project\\.opencode\\skills\\test-master\\references\\tdd-iron-laws.md"
2026-08-31T07:10:57.445460Z  INFO tailwindcss_oxide::scanner: Reading "C:\\Users\\pongo\\Documents\\Default Project\\.opencode\\skills\\swift-expert\\references\\async-concurrency.md"
2026-08-31T07:10:57.445547Z  INFO tailwindcss_oxide::scanner: Reading "C:\\Users\\pongo\\Documents\\Default Project\\.opencode\\skills\\sre-engineer\\references\\incident-chaos.md"
2026-08-31T07:10:57.445712Z  INFO tailwindcss_oxide::scanner: Reading "C:\\Users\\pongo\\Documents\\Default Project\\.opencode\\skills\\websocket-engineer\\references\\patterns.md"
2026-08-31T07:10:57.445716Z  INFO tailwindcss_oxide::scanner: Reading "C:\\Users\\pongo\\Documents\\Default Project\\.opencode\\skills\\nextjs-developer\\references\\data-fetching.md"
2026-08-31T07:10:57.445723Z  INFO tailwindcss_oxide::scanner: Reading "C:\\Users\\pongo\\Documents\\Default Project\\.opencode\\skills\\the-fool\\references\\dialectic-synthesis.md"
2026-08-31T07:10:57.445674Z  INFO tailwindcss_oxide::scanner: Reading "C:\\Users\\pongo\\Documents\\Default Project\\.opencode\\skills\\vue-expert-js\\references\\composables-patterns.md"
2026-08-31T07:10:57.445690Z  INFO tailwindcss_oxide::scanner: Reading "C:\\Users\\pongo\\Documents\\Default Project\\.opencode\\skills\\swift-expert\\references\\memory-performance.md"
2026-08-31T07:10:57.445752Z  INFO tailwindcss_oxide::scanner: Reading "C:\\Users\\pongo\\Documents\\Default Project\\.opencode\\skills\\vue-expert-js\\SKILL.md"
2026-08-31T07:10:57.445699Z  INFO tailwindcss_oxide::scanner: Reading "C:\\Users\\pongo\\Documents\\Default Project\\.opencode\\skills\\the-fool\\references\\mode-selection-guide.md"
2026-08-31T07:10:57.445769Z  INFO tailwindcss_oxide::scanner: Reading "C:\\Users\\pongo\\Documents\\Default Project\\.opencode\\skills\\swift-expert\\references\\protocol-oriented.md"
2026-08-31T07:10:57.445771Z  INFO tailwindcss_oxide::scanner: Reading "C:\\Users\\pongo\\Documents\\Default Project\\.opencode\\skills\\the-fool\\references\\evidence-audit.md"
2026-08-31T07:10:57.445704Z  INFO tailwindcss_oxide::scanner: Reading "C:\\Users\\pongo\\Documents\\Default Project\\.opencode\\skills\\vue-expert-js\\references\\testing-patterns.md"
2026-08-31T07:10:57.445649Z  INFO tailwindcss_oxide::scanner: Reading "C:\\Users\\pongo\\Documents\\Default Project\\.opencode\\skills\\test-master\\SKILL.md"
2026-08-31T07:10:57.445780Z  INFO tailwindcss_oxide::scanner: Reading "C:\\Users\\pongo\\Documents\\Default Project\\public\\archify\\index.html"
2026-08-31T07:10:57.445787Z  INFO tailwindcss_oxide::scanner: Reading "C:\\Users\\pongo\\Documents\\Default Project\\.opencode\\skills\\vue-expert\\SKILL.md"
2026-08-31T07:10:57.445756Z  INFO tailwindcss_oxide::scanner: Reading "C:\\Users\\pongo\\Documents\\Default Project\\.opencode\\skills\\vue-expert\\references\\composition-api.md"
2026-08-31T07:10:57.445816Z  INFO tailwindcss_oxide::scanner: Reading "C:\\Users\\pongo\\Documents\\Default Project\\.opencode\\skills\\websocket-engineer\\references\\protocol.md"
2026-08-31T07:10:57.445818Z  INFO tailwindcss_oxide::scanner: Reading "C:\\Users\\pongo\\Documents\\Default Project\\.opencode\\skills\\the-fool\\references\\pre-mortem-analysis.md"
2026-08-31T07:10:57.445703Z  INFO tailwindcss_oxide::scanner: Reading "C:\\Users\\pongo\\Documents\\Default Project\\.opencode\\skills\\vue-expert\\references\\state-management.md"
2026-08-31T07:10:57.445841Z  INFO tailwindcss_oxide::scanner: Reading "C:\\Users\\pongo\\Documents\\Default Project\\.opencode\\skills\\websocket-engineer\\references\\scaling.md"
2026-08-31T07:10:57.445844Z  INFO tailwindcss_oxide::scanner: Reading "C:\\Users\\pongo\\Documents\\Default Project\\.opencode\\skills\\the-fool\\references\\red-team-adversarial.md"
2026-08-31T07:10:57.445789Z  INFO tailwindcss_oxide::scanner: Reading "C:\\Users\\pongo\\Documents\\Default Project\\.opencode\\skills\\websocket-engineer\\references\\security.md"
2026-08-31T07:10:57.445814Z  INFO tailwindcss_oxide::scanner: Reading "C:\\Users\\pongo\\Documents\\Default Project\\.opencode\\skills\\websocket-engineer\\references\\alternatives.md"
2026-08-31T07:10:57.445822Z  INFO tailwindcss_oxide::scanner: Reading "C:\\Users\\pongo\\Documents\\Default Project\\.opencode\\skills\\vue-expert-js\\references\\jsdoc-typing.md"
2026-08-31T07:10:57.445883Z  INFO tailwindcss_oxide::scanner: Reading "C:\\Users\\pongo\\Documents\\Default Project\\.opencode\\skills\\vue-expert\\references\\typescript.md"
2026-08-31T07:10:57.445899Z  INFO tailwindcss_oxide::scanner: Reading "C:\\Users\\pongo\\Documents\\Default Project\\.opencode\\skills\\typescript-pro\\references\\configuration.md"
2026-08-31T07:10:57.445906Z  INFO tailwindcss_oxide::scanner: Reading "C:\\Users\\pongo\\Documents\\Default Project\\.opencode\\skills\\vue-expert-js\\references\\component-architecture.md"
2026-08-31T07:10:57.445912Z  INFO tailwindcss_oxide::scanner: Reading "C:\\Users\\pongo\\Documents\\Default Project\\.opencode\\skills\\wordpress-pro\\references\\gutenberg-blocks.md"
2026-08-31T07:10:57.445778Z  INFO tailwindcss_oxide::scanner: Reading "C:\\Users\\pongo\\Documents\\Default Project\\.opencode\\skills\\the-fool\\references\\socratic-questioning.md"
2026-08-31T07:10:57.445926Z  INFO tailwindcss_oxide::scanner: Reading "C:\\Users\\pongo\\Documents\\Default Project\\.opencode\\skills\\vue-expert-js\\references\\state-management.md"
2026-08-31T07:10:57.445863Z  INFO tailwindcss_oxide::scanner: Reading "C:\\Users\\pongo\\Documents\\Default Project\\.opencode\\skills\\vue-expert\\references\\mobile-hybrid.md"
2026-08-31T07:10:57.445918Z  INFO tailwindcss_oxide::scanner: Reading "C:\\Users\\pongo\\Documents\\Default Project\\.opencode\\skills\\websocket-engineer\\SKILL.md"
2026-08-31T07:10:57.445912Z  INFO tailwindcss_oxide::scanner: Reading "C:\\Users\\pongo\\Documents\\Default Project\\.opencode\\skills\\typescript-pro\\references\\advanced-types.md"
2026-08-31T07:10:57.445949Z  INFO tailwindcss_oxide::scanner: Reading "C:\\Users\\pongo\\Documents\\Default Project\\.opencode\\skills\\wordpress-pro\\references\\hooks-filters.md"
2026-08-31T07:10:57.445978Z  INFO tailwindcss_oxide::scanner: Reading "C:\\Users\\pongo\\Documents\\Default Project\\.opencode\\skills\\vue-expert\\references\\nuxt.md"
2026-08-31T07:10:57.445970Z  INFO tailwindcss_oxide::scanner: Reading "C:\\Users\\pongo\\Documents\\Default Project\\.opencode\\skills\\the-fool\\SKILL.md"
2026-08-31T07:10:57.446306Z  INFO discover_sources: tailwindcss_oxide::scanner: exit
2026-08-31T07:10:57.446319Z  INFO extract_candidates: tailwindcss_oxide::scanner: enter
2026-08-31T07:10:57.446323Z  INFO extract_candidates:parse_all_blobs: tailwindcss_oxide::scanner: enter
2026-08-31T07:10:57.446328Z  INFO extract_candidates:parse_all_blobs:extract: tailwindcss_oxide::scanner: enter
2026-08-31T07:10:57.487080Z  INFO extract_candidates:parse_all_blobs:extract: tailwindcss_oxide::scanner: exit
2026-08-31T07:10:57.488825Z  INFO extract_candidates:parse_all_blobs: tailwindcss_oxide::scanner: exit
2026-08-31T07:10:57.488849Z  INFO extract_candidates:read_all_files: tailwindcss_oxide::scanner: enter
2026-08-31T07:10:57.488853Z  INFO extract_candidates:read_all_files: tailwindcss_oxide::scanner: Reading 1 file(s)
2026-08-31T07:10:57.488982Z  INFO extract_candidates:read_all_files: tailwindcss_oxide::scanner: Reading "C:\\Users\\pongo\\Documents\\Default Project\\app\\globals.css"
2026-08-31T07:10:57.488992Z  INFO extract_candidates:read_all_files: tailwindcss_oxide::scanner: exit
2026-08-31T07:10:57.488996Z  INFO extract_candidates:extract_css_variables: tailwindcss_oxide::scanner: enter
2026-08-31T07:10:57.489003Z  INFO extract_candidates:extract_css_variables:extract: tailwindcss_oxide::scanner: enter
2026-08-31T07:10:57.489248Z  INFO extract_candidates:extract_css_variables:extract: tailwindcss_oxide::scanner: exit
2026-08-31T07:10:57.489274Z  INFO extract_candidates:extract_css_variables: tailwindcss_oxide::scanner: exit
2026-08-31T07:10:57.493637Z  INFO extract_candidates: tailwindcss_oxide::scanner: exit
2026-08-31T07:10:57.503044Z  INFO get_files: tailwindcss_oxide::scanner: enter
2026-08-31T07:10:57.503073Z  INFO get_files:discover_sources: tailwindcss_oxide::scanner: enter
2026-08-31T07:10:57.503078Z  INFO get_files:discover_sources: tailwindcss_oxide::scanner: exit
2026-08-31T07:10:57.503480Z  INFO get_files: tailwindcss_oxide::scanner: exit
2026-08-31T07:10:57.507665Z  INFO get_globs: tailwindcss_oxide::scanner: enter
2026-08-31T07:10:57.507697Z  INFO get_globs:discover_sources: tailwindcss_oxide::scanner: enter
2026-08-31T07:10:57.507702Z  INFO get_globs:discover_sources: tailwindcss_oxide::scanner: exit
2026-08-31T07:10:57.544903Z  INFO get_globs: tailwindcss_oxide::scanner: exit
