2026-08-31T07:16:28.049942Z  INFO tailwindcss_oxide::scanner: Provided sources:
2026-08-31T07:16:28.050077Z  INFO tailwindcss_oxide::scanner: Source: PublicSourceEntry { base: "C:\\Users\\pongo\\Documents\\Default Project", pattern: "**/*", negated: false }
2026-08-31T07:16:28.051086Z  INFO tailwindcss_oxide::scanner: Optimized sources:
2026-08-31T07:16:28.051111Z  INFO tailwindcss_oxide::scanner: Source: Auto { base: "C:\\Users\\pongo\\Documents\\Default Project" }
2026-08-31T07:16:28.052608Z  INFO discover_sources: tailwindcss_oxide::scanner: enter
2026-08-31T07:16:28.052649Z  INFO discover_sources:walk_synchronous: tailwindcss_oxide::scanner: enter
2026-08-31T07:16:28.128768Z  INFO discover_sources:walk_synchronous: tailwindcss_oxide::scanner: exit
2026-08-31T07:16:28.130275Z  INFO tailwindcss_oxide::scanner: Reading "C:\\Users\\pongo\\Documents\\Default Project\\-w"
2026-08-31T07:16:28.130341Z  INFO tailwindcss_oxide::scanner: Reading "C:\\Users\\pongo\\Documents\\Default Project\\.21st\\design.json"
2026-08-31T07:16:28.130382Z  INFO tailwindcss_oxide::scanner: Reading "C:\\Users\\pongo\\Documents\\Default Project\\.21st\\DESIGN.md"
2026-08-31T07:16:28.130420Z  INFO tailwindcss_oxide::scanner: Reading "C:\\Users\\pongo\\Documents\\Default Project\\.agents\\skills\\supabase\\assets\\feedback-issue-template.md"
2026-08-31T07:16:28.130455Z  INFO tailwindcss_oxide::scanner: Reading "C:\\Users\\pongo\\Documents\\Default Project\\.agents\\skills\\supabase\\CHANGELOG.md"
2026-08-31T07:16:28.130498Z  INFO tailwindcss_oxide::scanner: Reading "C:\\Users\\pongo\\Documents\\Default Project\\.agents\\skills\\supabase\\references\\skill-feedback.md"
2026-08-31T07:16:28.130546Z  INFO tailwindcss_oxide::scanner: Reading "C:\\Users\\pongo\\Documents\\Default Project\\.agents\\skills\\supabase\\SKILL.md"
2026-08-31T07:16:28.130607Z  INFO tailwindcss_oxide::scanner: Reading "C:\\Users\\pongo\\Documents\\Default Project\\.agents\\skills\\supabase-postgres-best-practices\\CHANGELOG.md"
2026-08-31T07:16:28.130636Z  INFO tailwindcss_oxide::scanner: Reading "C:\\Users\\pongo\\Documents\\Default Project\\.opencode\\skills\\laravel-specialist\\references\\testing.md"
2026-08-31T07:16:28.130651Z  INFO tailwindcss_oxide::scanner: Reading "C:\\Users\\pongo\\Documents\\Default Project\\.agents\\skills\\supabase-postgres-best-practices\\references\\advanced-full-text-search.md"
2026-08-31T07:16:28.130688Z  INFO tailwindcss_oxide::scanner: Reading "C:\\Users\\pongo\\Documents\\Default Project\\.agents\\skills\\supabase-postgres-best-practices\\references\\advanced-jsonb-indexing.md"
2026-08-31T07:16:28.130714Z  INFO tailwindcss_oxide::scanner: Reading "C:\\Users\\pongo\\Documents\\Default Project\\.opencode\\skills\\fullstack-guardian\\references\\frontend-patterns.md"
2026-08-31T07:16:28.130732Z  INFO tailwindcss_oxide::scanner: Reading "C:\\Users\\pongo\\Documents\\Default Project\\.agents\\skills\\supabase-postgres-best-practices\\references\\conn-idle-timeout.md"
2026-08-31T07:16:28.130762Z  INFO tailwindcss_oxide::scanner: Reading "C:\\Users\\pongo\\Documents\\Default Project\\.opencode\\skills\\laravel-specialist\\SKILL.md"
2026-08-31T07:16:28.130769Z  INFO tailwindcss_oxide::scanner: Reading "C:\\Users\\pongo\\Documents\\Default Project\\.agents\\skills\\supabase-postgres-best-practices\\references\\conn-limits.md"
2026-08-31T07:16:28.130810Z  INFO tailwindcss_oxide::scanner: Reading "C:\\Users\\pongo\\Documents\\Default Project\\.agents\\skills\\supabase-postgres-best-practices\\references\\conn-pooling.md"
2026-08-31T07:16:28.130811Z  INFO tailwindcss_oxide::scanner: Reading "C:\\Users\\pongo\\Documents\\Default Project\\.opencode\\skills\\fullstack-guardian\\references\\integration-patterns.md"
2026-08-31T07:16:28.130833Z  INFO tailwindcss_oxide::scanner: Reading "C:\\Users\\pongo\\Documents\\Default Project\\.opencode\\skills\\legacy-modernizer\\references\\legacy-testing.md"
2026-08-31T07:16:28.130831Z  INFO tailwindcss_oxide::scanner: Reading "C:\\Users\\pongo\\Documents\\Default Project\\.opencode\\skills\\impeccable\\scripts\\lib\\is-generated.mjs"
2026-08-31T07:16:28.130883Z  INFO tailwindcss_oxide::scanner: Reading "C:\\Users\\pongo\\Documents\\Default Project\\.opencode\\skills\\fullstack-guardian\\references\\security-checklist.md"
2026-08-31T07:16:28.130849Z  INFO tailwindcss_oxide::scanner: Reading "C:\\Users\\pongo\\Documents\\Default Project\\.agents\\skills\\supabase-postgres-best-practices\\references\\conn-prepared-statements.md"
2026-08-31T07:16:28.130893Z  INFO tailwindcss_oxide::scanner: Reading "C:\\Users\\pongo\\Documents\\Default Project\\.opencode\\skills\\legacy-modernizer\\references\\migration-strategies.md"
2026-08-31T07:16:28.130931Z  INFO tailwindcss_oxide::scanner: Reading "C:\\Users\\pongo\\Documents\\Default Project\\.opencode\\skills\\fullstack-guardian\\SKILL.md"
2026-08-31T07:16:28.130935Z  INFO tailwindcss_oxide::scanner: Reading "C:\\Users\\pongo\\Documents\\Default Project\\.agents\\skills\\supabase-postgres-best-practices\\references\\data-batch-inserts.md"
2026-08-31T07:16:28.130936Z  INFO tailwindcss_oxide::scanner: Reading "C:\\Users\\pongo\\Documents\\Default Project\\.opencode\\skills\\impeccable\\scripts\\lib\\open-system-browser.mjs"
2026-08-31T07:16:28.130958Z  INFO tailwindcss_oxide::scanner: Reading "C:\\Users\\pongo\\Documents\\Default Project\\.opencode\\skills\\legacy-modernizer\\references\\refactoring-patterns.md"
2026-08-31T07:16:28.130983Z  INFO tailwindcss_oxide::scanner: Reading "C:\\Users\\pongo\\Documents\\Default Project\\.opencode\\skills\\impeccable\\scripts\\lib\\provider.mjs"
2026-08-31T07:16:28.130993Z  INFO tailwindcss_oxide::scanner: Reading "C:\\Users\\pongo\\Documents\\Default Project\\.agents\\skills\\supabase-postgres-best-practices\\references\\data-n-plus-one.md"
2026-08-31T07:16:28.131009Z  INFO tailwindcss_oxide::scanner: Reading "C:\\Users\\pongo\\Documents\\Default Project\\.opencode\\skills\\legacy-modernizer\\references\\strangler-fig-pattern.md"
2026-08-31T07:16:28.131010Z  INFO tailwindcss_oxide::scanner: Reading "C:\\Users\\pongo\\Documents\\Default Project\\.opencode\\skills\\game-developer\\references\\ecs-patterns.md"
2026-08-31T07:16:28.131041Z  INFO tailwindcss_oxide::scanner: Reading "C:\\Users\\pongo\\Documents\\Default Project\\.opencode\\skills\\impeccable\\scripts\\lib\\roll-selection.mjs"
2026-08-31T07:16:28.131053Z  INFO tailwindcss_oxide::scanner: Reading "C:\\Users\\pongo\\Documents\\Default Project\\.agents\\skills\\supabase-postgres-best-practices\\references\\data-pagination.md"
2026-08-31T07:16:28.131096Z  INFO tailwindcss_oxide::scanner: Reading "C:\\Users\\pongo\\Documents\\Default Project\\.opencode\\skills\\impeccable\\scripts\\lib\\staleness-deep.mjs"
2026-08-31T07:16:28.131100Z  INFO tailwindcss_oxide::scanner: Reading "C:\\Users\\pongo\\Documents\\Default Project\\.agents\\skills\\supabase-postgres-best-practices\\references\\data-upsert.md"
2026-08-31T07:16:28.131106Z  INFO tailwindcss_oxide::scanner: Reading "C:\\Users\\pongo\\Documents\\Default Project\\.opencode\\skills\\game-developer\\references\\multiplayer-networking.md"
2026-08-31T07:16:28.131133Z  INFO tailwindcss_oxide::scanner: Reading "C:\\Users\\pongo\\Documents\\Default Project\\.opencode\\skills\\impeccable\\scripts\\lib\\staleness-notice.mjs"
2026-08-31T07:16:28.131141Z  INFO tailwindcss_oxide::scanner: Reading "C:\\Users\\pongo\\Documents\\Default Project\\.agents\\skills\\supabase-postgres-best-practices\\references\\lock-advisory.md"
2026-08-31T07:16:28.131181Z  INFO tailwindcss_oxide::scanner: Reading "C:\\Users\\pongo\\Documents\\Default Project\\.agents\\skills\\supabase-postgres-best-practices\\references\\lock-deadlock-prevention.md"
2026-08-31T07:16:28.131188Z  INFO tailwindcss_oxide::scanner: Reading "C:\\Users\\pongo\\Documents\\Default Project\\.opencode\\skills\\impeccable\\scripts\\lib\\staleness.mjs"
2026-08-31T07:16:28.131202Z  INFO tailwindcss_oxide::scanner: Reading "C:\\Users\\pongo\\Documents\\Default Project\\.opencode\\skills\\impeccable\\reference\\new-work.md"
2026-08-31T07:16:28.131207Z  INFO tailwindcss_oxide::scanner: Reading "C:\\Users\\pongo\\Documents\\Default Project\\.opencode\\skills\\game-developer\\references\\performance-optimization.md"
2026-08-31T07:16:28.131219Z  INFO tailwindcss_oxide::scanner: Reading "C:\\Users\\pongo\\Documents\\Default Project\\.agents\\skills\\supabase-postgres-best-practices\\references\\lock-short-transactions.md"
2026-08-31T07:16:28.131254Z  INFO tailwindcss_oxide::scanner: Reading "C:\\Users\\pongo\\Documents\\Default Project\\.opencode\\skills\\legacy-modernizer\\references\\system-assessment.md"
2026-08-31T07:16:28.131318Z  INFO tailwindcss_oxide::scanner: Reading "C:\\Users\\pongo\\Documents\\Default Project\\.opencode\\skills\\impeccable\\reference\\onboard.md"
2026-08-31T07:16:28.131228Z  INFO tailwindcss_oxide::scanner: Reading "C:\\Users\\pongo\\Documents\\Default Project\\.opencode\\skills\\impeccable\\scripts\\lib\\surface-briefs.mjs"
2026-08-31T07:16:28.131324Z  INFO tailwindcss_oxide::scanner: Reading "C:\\Users\\pongo\\Documents\\Default Project\\.agents\\skills\\supabase-postgres-best-practices\\references\\lock-skip-locked.md"
2026-08-31T07:16:28.131318Z  INFO tailwindcss_oxide::scanner: Reading "C:\\Users\\pongo\\Documents\\Default Project\\.opencode\\skills\\impeccable\\scripts\\detector\\engines\\static-html\\css-cascade.mjs"
2026-08-31T07:16:28.131399Z  INFO tailwindcss_oxide::scanner: Reading "C:\\Users\\pongo\\Documents\\Default Project\\.opencode\\skills\\impeccable\\scripts\\lib\\target-args.mjs"
2026-08-31T07:16:28.131424Z  INFO tailwindcss_oxide::scanner: Reading "C:\\Users\\pongo\\Documents\\Default Project\\.opencode\\skills\\impeccable\\scripts\\detector\\engines\\static-html\\detect-html.mjs"
2026-08-31T07:16:28.131323Z  INFO tailwindcss_oxide::scanner: Reading "C:\\Users\\pongo\\Documents\\Default Project\\.opencode\\skills\\impeccable\\reference\\android.md"
2026-08-31T07:16:28.131350Z  INFO tailwindcss_oxide::scanner: Reading "C:\\Users\\pongo\\Documents\\Default Project\\.opencode\\skills\\game-developer\\references\\unity-patterns.md"
2026-08-31T07:16:28.131465Z  INFO tailwindcss_oxide::scanner: Reading "C:\\Users\\pongo\\Documents\\Default Project\\.opencode\\skills\\impeccable\\scripts\\detector\\engines\\visual\\screenshot-contrast.mjs"
2026-08-31T07:16:28.131368Z  INFO tailwindcss_oxide::scanner: Reading "C:\\Users\\pongo\\Documents\\Default Project\\.opencode\\skills\\impeccable\\reference\\operate.md"
2026-08-31T07:16:28.131489Z  INFO tailwindcss_oxide::scanner: Reading "C:\\Users\\pongo\\Documents\\Default Project\\.opencode\\skills\\impeccable\\reference\\quieter.md"
2026-08-31T07:16:28.131503Z  INFO tailwindcss_oxide::scanner: Reading "C:\\Users\\pongo\\Documents\\Default Project\\.opencode\\skills\\impeccable\\scripts\\detector\\findings.mjs"
2026-08-31T07:16:28.131422Z  INFO tailwindcss_oxide::scanner: Reading "C:\\Users\\pongo\\Documents\\Default Project\\.opencode\\skills\\impeccable\\scripts\\concept-seed.mjs"
2026-08-31T07:16:28.131540Z  INFO tailwindcss_oxide::scanner: Reading "C:\\Users\\pongo\\Documents\\Default Project\\.opencode\\skills\\impeccable\\reference\\routing.md"
2026-08-31T07:16:28.131540Z  INFO tailwindcss_oxide::scanner: Reading "C:\\Users\\pongo\\Documents\\Default Project\\.opencode\\skills\\game-developer\\references\\unreal-cpp.md"
2026-08-31T07:16:28.131545Z  INFO tailwindcss_oxide::scanner: Reading "C:\\Users\\pongo\\Documents\\Default Project\\.opencode\\skills\\impeccable\\scripts\\detector\\node\\file-system.mjs"
2026-08-31T07:16:28.131550Z  INFO tailwindcss_oxide::scanner: Reading "C:\\Users\\pongo\\Documents\\Default Project\\.opencode\\skills\\impeccable\\reference\\animate.md"
2026-08-31T07:16:28.131437Z  INFO tailwindcss_oxide::scanner: Reading "C:\\Users\\pongo\\Documents\\Default Project\\.agents\\skills\\supabase-postgres-best-practices\\references\\monitor-explain-analyze.md"
2026-08-31T07:16:28.131578Z  INFO tailwindcss_oxide::scanner: Reading "C:\\Users\\pongo\\Documents\\Default Project\\.opencode\\skills\\cloud-architect\\references\\multi-cloud.md"
2026-08-31T07:16:28.131586Z  INFO tailwindcss_oxide::scanner: Reading "C:\\Users\\pongo\\Documents\\Default Project\\.opencode\\skills\\impeccable\\scripts\\detector\\profile\\profiler.mjs"
2026-08-31T07:16:28.131477Z  INFO tailwindcss_oxide::scanner: Reading "C:\\Users\\pongo\\Documents\\Default Project\\.opencode\\skills\\legacy-modernizer\\SKILL.md"
2026-08-31T07:16:28.131620Z  INFO tailwindcss_oxide::scanner: Reading "C:\\Users\\pongo\\Documents\\Default Project\\.opencode\\skills\\game-developer\\SKILL.md"
2026-08-31T07:16:28.131593Z  INFO tailwindcss_oxide::scanner: Reading "C:\\Users\\pongo\\Documents\\Default Project\\.opencode\\skills\\impeccable\\reference\\optimize.md"
2026-08-31T07:16:28.131609Z  INFO tailwindcss_oxide::scanner: Reading "C:\\Users\\pongo\\Documents\\Default Project\\.opencode\\skills\\impeccable\\reference\\audit.md"
2026-08-31T07:16:28.131581Z  INFO tailwindcss_oxide::scanner: Reading "C:\\Users\\pongo\\Documents\\Default Project\\.opencode\\skills\\impeccable\\reference\\shape.md"
2026-08-31T07:16:28.131672Z  INFO tailwindcss_oxide::scanner: Reading "C:\\Users\\pongo\\Documents\\Default Project\\.opencode\\skills\\impeccable\\scripts\\context-signals.mjs"
2026-08-31T07:16:28.131439Z  INFO tailwindcss_oxide::scanner: Reading "C:\\Users\\pongo\\Documents\\Default Project\\.opencode\\skills\\impeccable\\scripts\\lib\\target-slug.mjs"
2026-08-31T07:16:28.131652Z  INFO tailwindcss_oxide::scanner: Reading "C:\\Users\\pongo\\Documents\\Default Project\\.opencode\\skills\\impeccable\\scripts\\detector\\registry\\antipatterns.mjs"
2026-08-31T07:16:28.131686Z  INFO tailwindcss_oxide::scanner: Reading "C:\\Users\\pongo\\Documents\\Default Project\\.opencode\\skills\\impeccable\\reference\\overdrive.md"
2026-08-31T07:16:28.131681Z  INFO tailwindcss_oxide::scanner: Reading "C:\\Users\\pongo\\Documents\\Default Project\\.opencode\\skills\\mcp-developer\\references\\protocol.md"
2026-08-31T07:16:28.131740Z  INFO tailwindcss_oxide::scanner: Reading "C:\\Users\\pongo\\Documents\\Default Project\\.opencode\\skills\\impeccable\\scripts\\lib\\template-extensions.mjs"
2026-08-31T07:16:28.131741Z  INFO tailwindcss_oxide::scanner: Reading "C:\\Users\\pongo\\Documents\\Default Project\\.opencode\\skills\\impeccable\\reference\\audit.native.md"
2026-08-31T07:16:28.131740Z  INFO tailwindcss_oxide::scanner: Reading "C:\\Users\\pongo\\Documents\\Default Project\\.agents\\skills\\supabase-postgres-best-practices\\references\\monitor-pg-stat-statements.md"
2026-08-31T07:16:28.131737Z  INFO tailwindcss_oxide::scanner: Reading "C:\\Users\\pongo\\Documents\\Default Project\\.opencode\\skills\\impeccable\\reference\\typeset.md"
2026-08-31T07:16:28.131774Z  INFO tailwindcss_oxide::scanner: Reading "C:\\Users\\pongo\\Documents\\Default Project\\.opencode\\skills\\impeccable\\scripts\\context.mjs"
2026-08-31T07:16:28.131728Z  INFO tailwindcss_oxide::scanner: Reading "C:\\Users\\pongo\\Documents\\Default Project\\.opencode\\skills\\golang-pro\\references\\interfaces.md"
2026-08-31T07:16:28.131797Z  INFO tailwindcss_oxide::scanner: Reading "C:\\Users\\pongo\\Documents\\Default Project\\.opencode\\skills\\impeccable\\scripts\\live\\accept-css.mjs"
2026-08-31T07:16:28.131798Z  INFO tailwindcss_oxide::scanner: Reading "C:\\Users\\pongo\\Documents\\Default Project\\.opencode\\skills\\impeccable\\reference\\polish.md"
2026-08-31T07:16:28.131802Z  INFO tailwindcss_oxide::scanner: Reading "C:\\Users\\pongo\\Documents\\Default Project\\.opencode\\skills\\impeccable\\reference\\bolder.md"
2026-08-31T07:16:28.131836Z  INFO tailwindcss_oxide::scanner: Reading "C:\\Users\\pongo\\Documents\\Default Project\\.opencode\\skills\\impeccable\\scripts\\live-copy-edit-agent.mjs"
2026-08-31T07:16:28.131840Z  INFO tailwindcss_oxide::scanner: Reading "C:\\Users\\pongo\\Documents\\Default Project\\.opencode\\skills\\impeccable\\scripts\\live\\accept-verify.mjs"
2026-08-31T07:16:28.131848Z  INFO tailwindcss_oxide::scanner: Reading "C:\\Users\\pongo\\Documents\\Default Project\\.opencode\\skills\\impeccable\\scripts\\detector\\rules\\checks.mjs"
2026-08-31T07:16:28.131678Z  INFO tailwindcss_oxide::scanner: Reading "C:\\Users\\pongo\\Documents\\Default Project\\.opencode\\skills\\cloud-architect\\SKILL.md"
2026-08-31T07:16:28.131687Z  INFO tailwindcss_oxide::scanner: Reading "C:\\Users\\pongo\\Documents\\Default Project\\.opencode\\skills\\golang-pro\\references\\concurrency.md"
2026-08-31T07:16:28.131866Z  INFO tailwindcss_oxide::scanner: Reading "C:\\Users\\pongo\\Documents\\Default Project\\.opencode\\skills\\impeccable\\reference\\visualize.md"
2026-08-31T07:16:28.131871Z  INFO tailwindcss_oxide::scanner: Reading "C:\\Users\\pongo\\Documents\\Default Project\\.opencode\\skills\\impeccable\\scripts\\critique-storage.mjs"
2026-08-31T07:16:28.131880Z  INFO tailwindcss_oxide::scanner: Reading "C:\\Users\\pongo\\Documents\\Default Project\\.opencode\\skills\\impeccable\\scripts\\live-discard-manual-edits.mjs"
2026-08-31T07:16:28.131887Z  INFO tailwindcss_oxide::scanner: Reading "C:\\Users\\pongo\\Documents\\Default Project\\.opencode\\skills\\impeccable\\scripts\\live\\browser-script-parts.mjs"
2026-08-31T07:16:28.131887Z  INFO tailwindcss_oxide::scanner: Reading "C:\\Users\\pongo\\Documents\\Default Project\\.agents\\skills\\supabase-postgres-best-practices\\references\\monitor-vacuum-analyze.md"
2026-08-31T07:16:28.131996Z  INFO tailwindcss_oxide::scanner: Reading "C:\\Users\\pongo\\Documents\\Default Project\\.opencode\\skills\\impeccable\\scripts\\detector\\shared\\color.mjs"
2026-08-31T07:16:28.132007Z  INFO tailwindcss_oxide::scanner: Reading "C:\\Users\\pongo\\Documents\\Default Project\\.opencode\\skills\\impeccable\\scripts\\command-metadata.json"
2026-08-31T07:16:28.132014Z  INFO tailwindcss_oxide::scanner: Reading "C:\\Users\\pongo\\Documents\\Default Project\\.opencode\\skills\\impeccable\\reference\\clarify.md"
2026-08-31T07:16:28.132028Z  INFO tailwindcss_oxide::scanner: Reading "C:\\Users\\pongo\\Documents\\Default Project\\.opencode\\skills\\golang-pro\\references\\generics.md"
2026-08-31T07:16:28.131937Z  INFO tailwindcss_oxide::scanner: Reading "C:\\Users\\pongo\\Documents\\Default Project\\.opencode\\skills\\mcp-developer\\references\\python-sdk.md"
2026-08-31T07:16:28.132042Z  INFO tailwindcss_oxide::scanner: Reading "C:\\Users\\pongo\\Documents\\Default Project\\.opencode\\skills\\golang-pro\\references\\project-structure.md"
2026-08-31T07:16:28.132065Z  INFO tailwindcss_oxide::scanner: Reading "C:\\Users\\pongo\\Documents\\Default Project\\.opencode\\skills\\impeccable\\reference\\colorize.md"
2026-08-31T07:16:28.132068Z  INFO tailwindcss_oxide::scanner: Reading "C:\\Users\\pongo\\Documents\\Default Project\\.agents\\skills\\supabase-postgres-best-practices\\references\\query-composite-indexes.md"
2026-08-31T07:16:28.131970Z  INFO tailwindcss_oxide::scanner: Reading "C:\\Users\\pongo\\Documents\\Default Project\\.opencode\\skills\\impeccable\\scripts\\detector\\browser\\injected\\index.mjs"
2026-08-31T07:16:28.132068Z  INFO tailwindcss_oxide::scanner: Reading "C:\\Users\\pongo\\Documents\\Default Project\\.opencode\\skills\\django-expert\\references\\authentication.md"
2026-08-31T07:16:28.132085Z  INFO tailwindcss_oxide::scanner: Reading "C:\\Users\\pongo\\Documents\\Default Project\\.opencode\\skills\\code-documenter\\references\\api-docs-fastapi-django.md"
2026-08-31T07:16:28.132041Z  INFO tailwindcss_oxide::scanner: Reading "C:\\Users\\pongo\\Documents\\Default Project\\.opencode\\skills\\impeccable\\scripts\\detector\\shared\\constants.mjs"
2026-08-31T07:16:28.132133Z  INFO tailwindcss_oxide::scanner: Reading "C:\\Users\\pongo\\Documents\\Default Project\\.opencode\\skills\\django-expert\\references\\drf-serializers.md"
2026-08-31T07:16:28.132136Z  INFO tailwindcss_oxide::scanner: Reading "C:\\Users\\pongo\\Documents\\Default Project\\.opencode\\skills\\impeccable\\scripts\\detector\\cli\\main.mjs"
2026-08-31T07:16:28.132140Z  INFO tailwindcss_oxide::scanner: Reading "C:\\Users\\pongo\\Documents\\Default Project\\.opencode\\agents\\data-analyst.md"
2026-08-31T07:16:28.132149Z  INFO tailwindcss_oxide::scanner: Reading "C:\\Users\\pongo\\Documents\\Default Project\\.opencode\\skills\\code-documenter\\references\\api-docs-nestjs-express.md"
2026-08-31T07:16:28.132151Z  INFO tailwindcss_oxide::scanner: Reading "C:\\Users\\pongo\\Documents\\Default Project\\.opencode\\skills\\javascript-pro\\references\\modern-syntax.md"
2026-08-31T07:16:28.132179Z  INFO tailwindcss_oxide::scanner: Reading "C:\\Users\\pongo\\Documents\\Default Project\\.opencode\\skills\\impeccable\\reference\\craft-floor.md"
2026-08-31T07:16:28.132185Z  INFO tailwindcss_oxide::scanner: Reading "C:\\Users\\pongo\\Documents\\Default Project\\.opencode\\skills\\django-expert\\references\\models-orm.md"
2026-08-31T07:16:28.132198Z  INFO tailwindcss_oxide::scanner: Reading "C:\\Users\\pongo\\Documents\\Default Project\\.opencode\\agents\\database-optimizer.md"
2026-08-31T07:16:28.132217Z  INFO tailwindcss_oxide::scanner: Reading "C:\\Users\\pongo\\Documents\\Default Project\\.opencode\\skills\\impeccable\\scripts\\detector\\design-system.mjs"
2026-08-31T07:16:28.132233Z  INFO tailwindcss_oxide::scanner: Reading "C:\\Users\\pongo\\Documents\\Default Project\\.opencode\\skills\\impeccable\\reference\\craft.md"
2026-08-31T07:16:28.132235Z  INFO tailwindcss_oxide::scanner: Reading "C:\\Users\\pongo\\Documents\\Default Project\\.opencode\\skills\\javascript-pro\\references\\modules.md"
2026-08-31T07:16:28.132240Z  INFO tailwindcss_oxide::scanner: Reading "C:\\Users\\pongo\\Documents\\Default Project\\.opencode\\agents\\debugging-wizard.md"
2026-08-31T07:16:28.132250Z  INFO tailwindcss_oxide::scanner: Reading "C:\\Users\\pongo\\Documents\\Default Project\\.opencode\\skills\\impeccable\\scripts\\detect-csp.mjs"
2026-08-31T07:16:28.132121Z  INFO tailwindcss_oxide::scanner: Reading "C:\\Users\\pongo\\Documents\\Default Project\\.opencode\\skills\\impeccable\\scripts\\live\\completion.mjs"
2026-08-31T07:16:28.132255Z  INFO tailwindcss_oxide::scanner: Reading "C:\\Users\\pongo\\Documents\\Default Project\\.opencode\\skills\\code-documenter\\references\\coverage-reports.md"
2026-08-31T07:16:28.132287Z  INFO tailwindcss_oxide::scanner: Reading "C:\\Users\\pongo\\Documents\\Default Project\\.opencode\\agents\\devops-automator.md"
2026-08-31T07:16:28.132292Z  INFO tailwindcss_oxide::scanner: Reading "C:\\Users\\pongo\\Documents\\Default Project\\.opencode\\skills\\impeccable\\scripts\\detect.mjs"
2026-08-31T07:16:28.132255Z  INFO tailwindcss_oxide::scanner: Reading "C:\\Users\\pongo\\Documents\\Default Project\\.opencode\\skills\\impeccable\\scripts\\detector\\shared\\fonts.mjs"
2026-08-31T07:16:28.132324Z  INFO tailwindcss_oxide::scanner: Reading "C:\\Users\\pongo\\Documents\\Default Project\\.opencode\\skills\\impeccable\\reference\\critique.md"
2026-08-31T07:16:28.132256Z  INFO tailwindcss_oxide::scanner: Reading "C:\\Users\\pongo\\Documents\\Default Project\\.opencode\\skills\\mcp-developer\\references\\resources.md"
2026-08-31T07:16:28.132275Z  INFO tailwindcss_oxide::scanner: Reading "C:\\Users\\pongo\\Documents\\Default Project\\.opencode\\skills\\golang-pro\\references\\testing.md"
2026-08-31T07:16:28.132356Z  INFO tailwindcss_oxide::scanner: Reading "C:\\Users\\pongo\\Documents\\Default Project\\.opencode\\agents\\frontend-developer.md"
2026-08-31T07:16:28.132299Z  INFO tailwindcss_oxide::scanner: Reading "C:\\Users\\pongo\\Documents\\Default Project\\.opencode\\skills\\impeccable\\scripts\\live\\event-validation.mjs"
2026-08-31T07:16:28.132342Z  INFO tailwindcss_oxide::scanner: Reading "C:\\Users\\pongo\\Documents\\Default Project\\.opencode\\skills\\code-documenter\\references\\documentation-systems.md"
2026-08-31T07:16:28.132349Z  INFO tailwindcss_oxide::scanner: Reading "C:\\Users\\pongo\\Documents\\Default Project\\.opencode\\skills\\django-expert\\references\\testing-django.md"
2026-08-31T07:16:28.132410Z  INFO tailwindcss_oxide::scanner: Reading "C:\\Users\\pongo\\Documents\\Default Project\\.opencode\\skills\\impeccable\\scripts\\detector\\detect-antipatterns-browser.js"
2026-08-31T07:16:28.132412Z  INFO tailwindcss_oxide::scanner: Reading "C:\\Users\\pongo\\Documents\\Default Project\\.opencode\\skills\\impeccable\\scripts\\live\\frameworks\\astro.mjs"
2026-08-31T07:16:28.132435Z  INFO tailwindcss_oxide::scanner: Reading "C:\\Users\\pongo\\Documents\\Default Project\\.opencode\\skills\\impeccable\\reference\\degraded\\asset-producer.md"
2026-08-31T07:16:28.132442Z  INFO tailwindcss_oxide::scanner: Reading "C:\\Users\\pongo\\Documents\\Default Project\\.opencode\\skills\\django-expert\\references\\viewsets-views.md"
2026-08-31T07:16:28.132443Z  INFO tailwindcss_oxide::scanner: Reading "C:\\Users\\pongo\\Documents\\Default Project\\.opencode\\skills\\impeccable\\scripts\\detector\\shared\\inline-ignores.mjs"
2026-08-31T07:16:28.132455Z  INFO tailwindcss_oxide::scanner: Reading "C:\\Users\\pongo\\Documents\\Default Project\\.opencode\\skills\\impeccable\\scripts\\detector\\detect-antipatterns.mjs"
2026-08-31T07:16:28.132458Z  INFO tailwindcss_oxide::scanner: Reading "C:\\Users\\pongo\\Documents\\Default Project\\.opencode\\skills\\impeccable\\scripts\\live\\frameworks\\detect-utils.mjs"
2026-08-31T07:16:28.132462Z  INFO tailwindcss_oxide::scanner: Reading "C:\\Users\\pongo\\Documents\\Default Project\\.opencode\\skills\\code-documenter\\references\\interactive-api-docs.md"
2026-08-31T07:16:28.132474Z  INFO tailwindcss_oxide::scanner: Reading "C:\\Users\\pongo\\Documents\\Default Project\\.opencode\\skills\\kubernetes-specialist\\references\\gitops.md"
2026-08-31T07:16:28.132487Z  INFO tailwindcss_oxide::scanner: Reading "C:\\Users\\pongo\\Documents\\Default Project\\.opencode\\skills\\impeccable\\reference\\degraded\\documenter.md"
2026-08-31T07:16:28.132491Z  INFO tailwindcss_oxide::scanner: Reading "C:\\Users\\pongo\\Documents\\Default Project\\.opencode\\skills\\django-expert\\SKILL.md"
2026-08-31T07:16:28.132500Z  INFO tailwindcss_oxide::scanner: Reading "C:\\Users\\pongo\\Documents\\Default Project\\.opencode\\skills\\impeccable\\scripts\\live\\frameworks\\index.mjs"
2026-08-31T07:16:28.132507Z  INFO tailwindcss_oxide::scanner: Reading "C:\\Users\\pongo\\Documents\\Default Project\\.opencode\\skills\\impeccable\\scripts\\detector\\engines\\browser\\detect-url.mjs"
2026-08-31T07:16:28.132352Z  INFO tailwindcss_oxide::scanner: Reading "C:\\Users\\pongo\\Documents\\Default Project\\.opencode\\skills\\impeccable\\scripts\\doctor.mjs"
2026-08-31T07:16:28.132528Z  INFO tailwindcss_oxide::scanner: Reading "C:\\Users\\pongo\\Documents\\Default Project\\.opencode\\skills\\code-documenter\\references\\python-docstrings.md"
2026-08-31T07:16:28.132537Z  INFO tailwindcss_oxide::scanner: Reading "C:\\Users\\pongo\\Documents\\Default Project\\.opencode\\skills\\impeccable\\reference\\degraded\\finish-reviewer.md"
2026-08-31T07:16:28.132541Z  INFO tailwindcss_oxide::scanner: Reading "C:\\Users\\pongo\\Documents\\Default Project\\.opencode\\skills\\impeccable\\scripts\\live\\frameworks\\journal.mjs"
2026-08-31T07:16:28.132540Z  INFO tailwindcss_oxide::scanner: Reading "C:\\Users\\pongo\\Documents\\Default Project\\.opencode\\skills\\impeccable\\scripts\\detector\\shared\\page.mjs"
2026-08-31T07:16:28.132580Z  INFO tailwindcss_oxide::scanner: Reading "C:\\Users\\pongo\\Documents\\Default Project\\.opencode\\skills\\dotnet-core-expert\\references\\authentication.md"
2026-08-31T07:16:28.132585Z  INFO tailwindcss_oxide::scanner: Reading "C:\\Users\\pongo\\Documents\\Default Project\\.opencode\\skills\\impeccable\\scripts\\live\\frameworks\\nextjs.mjs"
2026-08-31T07:16:28.132594Z  INFO tailwindcss_oxide::scanner: Reading "C:\\Users\\pongo\\Documents\\Default Project\\.opencode\\skills\\code-documenter\\references\\typescript-jsdoc.md"
2026-08-31T07:16:28.132607Z  INFO tailwindcss_oxide::scanner: Reading "C:\\Users\\pongo\\Documents\\Default Project\\.opencode\\skills\\impeccable\\scripts\\live-inject.mjs"
2026-08-31T07:16:28.132607Z  INFO tailwindcss_oxide::scanner: Reading "C:\\Users\\pongo\\Documents\\Default Project\\.opencode\\agents\\product-manager.md"
2026-08-31T07:16:28.132564Z  INFO tailwindcss_oxide::scanner: Reading "C:\\Users\\pongo\\Documents\\Default Project\\.opencode\\skills\\impeccable\\scripts\\embed-prompt.mjs"
2026-08-31T07:16:28.132566Z  INFO tailwindcss_oxide::scanner: Reading "C:\\Users\\pongo\\Documents\\Default Project\\.opencode\\skills\\mcp-developer\\references\\tools.md"
2026-08-31T07:16:28.132647Z  INFO tailwindcss_oxide::scanner: Reading "C:\\Users\\pongo\\Documents\\Default Project\\.opencode\\skills\\impeccable\\scripts\\live-insert.mjs"
2026-08-31T07:16:28.132575Z  INFO tailwindcss_oxide::scanner: Reading "C:\\Users\\pongo\\Documents\\Default Project\\.opencode\\skills\\impeccable\\scripts\\detector\\engines\\regex\\detect-text.mjs"
2026-08-31T07:16:28.132666Z  INFO tailwindcss_oxide::scanner: Reading "C:\\Users\\pongo\\Documents\\Default Project\\.opencode\\skills\\impeccable\\scripts\\generate-image.mjs"
2026-08-31T07:16:28.132677Z  INFO tailwindcss_oxide::scanner: Reading "C:\\Users\\pongo\\Documents\\Default Project\\.opencode\\skills\\dotnet-core-expert\\references\\clean-architecture.md"
2026-08-31T07:16:28.132695Z  INFO tailwindcss_oxide::scanner: Reading "C:\\Users\\pongo\\Documents\\Default Project\\.opencode\\skills\\impeccable\\scripts\\live-manual-edit-evidence.mjs"
2026-08-31T07:16:28.132706Z  INFO tailwindcss_oxide::scanner: Reading "C:\\Users\\pongo\\Documents\\Default Project\\.agents\\skills\\supabase-postgres-best-practices\\references\\query-covering-indexes.md"
2026-08-31T07:16:28.132721Z  INFO tailwindcss_oxide::scanner: Reading "C:\\Users\\pongo\\Documents\\Default Project\\.opencode\\skills\\impeccable\\scripts\\live\\frameworks\\nuxt.mjs"
2026-08-31T07:16:28.132739Z  INFO tailwindcss_oxide::scanner: Reading "C:\\Users\\pongo\\Documents\\Default Project\\.opencode\\skills\\impeccable\\scripts\\hook-admin.mjs"
2026-08-31T07:16:28.132742Z  INFO tailwindcss_oxide::scanner: Reading "C:\\Users\\pongo\\Documents\\Default Project\\.opencode\\skills\\impeccable\\scripts\\live-poll.mjs"
2026-08-31T07:16:28.132744Z  INFO tailwindcss_oxide::scanner: Reading "C:\\Users\\pongo\\Documents\\Default Project\\.opencode\\skills\\impeccable\\reference\\degraded\\manual-edit-applier.md"
2026-08-31T07:16:28.132762Z  INFO tailwindcss_oxide::scanner: Reading "C:\\Users\\pongo\\Documents\\Default Project\\.agents\\skills\\supabase-postgres-best-practices\\references\\query-index-types.md"
2026-08-31T07:16:28.132766Z  INFO tailwindcss_oxide::scanner: Reading "C:\\Users\\pongo\\Documents\\Default Project\\.opencode\\skills\\impeccable\\scripts\\live\\frameworks\\script-src.mjs"
2026-08-31T07:16:28.132782Z  INFO tailwindcss_oxide::scanner: Reading "C:\\Users\\pongo\\Documents\\Default Project\\.opencode\\skills\\impeccable\\scripts\\hook.mjs"
2026-08-31T07:16:28.132794Z  INFO tailwindcss_oxide::scanner: Reading "C:\\Users\\pongo\\Documents\\Default Project\\.opencode\\skills\\impeccable\\reference\\delight.md"
2026-08-31T07:16:28.132800Z  INFO tailwindcss_oxide::scanner: Reading "C:\\Users\\pongo\\Documents\\Default Project\\.opencode\\skills\\impeccable\\scripts\\hook-before-edit.mjs"
2026-08-31T07:16:28.132809Z  INFO tailwindcss_oxide::scanner: Reading "C:\\Users\\pongo\\Documents\\Default Project\\.opencode\\skills\\impeccable\\scripts\\live\\frameworks\\static-html.mjs"
2026-08-31T07:16:28.132818Z  INFO tailwindcss_oxide::scanner: Reading "C:\\Users\\pongo\\Documents\\Default Project\\.opencode\\skills\\csharp-developer\\references\\blazor.md"
2026-08-31T07:16:28.132820Z  INFO tailwindcss_oxide::scanner: Reading "C:\\Users\\pongo\\Documents\\Default Project\\.agents\\skills\\supabase-postgres-best-practices\\references\\query-missing-indexes.md"
2026-08-31T07:16:28.132833Z  INFO tailwindcss_oxide::scanner: Reading "C:\\Users\\pongo\\Documents\\Default Project\\.opencode\\agents\\reddit-specialist.md"
2026-08-31T07:16:28.132799Z  INFO tailwindcss_oxide::scanner: Reading "C:\\Users\\pongo\\Documents\\Default Project\\.opencode\\skills\\code-documenter\\references\\user-guides-tutorials.md"
2026-08-31T07:16:28.132844Z  INFO tailwindcss_oxide::scanner: Reading "C:\\Users\\pongo\\Documents\\Default Project\\.opencode\\skills\\impeccable\\reference\\distill.md"
2026-08-31T07:16:28.132849Z  INFO tailwindcss_oxide::scanner: Reading "C:\\Users\\pongo\\Documents\\Default Project\\.opencode\\skills\\feature-forge\\references\\acceptance-criteria.md"
2026-08-31T07:16:28.132891Z  INFO tailwindcss_oxide::scanner: Reading "C:\\Users\\pongo\\Documents\\Default Project\\.opencode\\agents\\security-reviewer.md"
2026-08-31T07:16:28.132901Z  INFO tailwindcss_oxide::scanner: Reading "C:\\Users\\pongo\\Documents\\Default Project\\.opencode\\skills\\impeccable\\reference\\doctor.md"
2026-08-31T07:16:28.132923Z  INFO tailwindcss_oxide::scanner: Reading "C:\\Users\\pongo\\Documents\\Default Project\\.opencode\\skills\\kubernetes-specialist\\references\\helm-charts.md"
2026-08-31T07:16:28.132922Z  INFO tailwindcss_oxide::scanner: Reading "C:\\Users\\pongo\\Documents\\Default Project\\.opencode\\skills\\golang-pro\\SKILL.md"
2026-08-31T07:16:28.132836Z  INFO tailwindcss_oxide::scanner: Reading "C:\\Users\\pongo\\Documents\\Default Project\\.opencode\\skills\\impeccable\\scripts\\live-resume.mjs"
2026-08-31T07:16:28.132956Z  INFO tailwindcss_oxide::scanner: Reading "C:\\Users\\pongo\\Documents\\Default Project\\.opencode\\skills\\impeccable\\reference\\document.md"
2026-08-31T07:16:28.132960Z  INFO tailwindcss_oxide::scanner: Reading "C:\\Users\\pongo\\Documents\\Default Project\\.opencode\\skills\\impeccable\\scripts\\live\\frameworks\\sveltekit.mjs"
2026-08-31T07:16:28.132802Z  INFO tailwindcss_oxide::scanner: Reading "C:\\Users\\pongo\\Documents\\Default Project\\.opencode\\skills\\dotnet-core-expert\\references\\cloud-native.md"
2026-08-31T07:16:28.132928Z  INFO tailwindcss_oxide::scanner: Reading "C:\\Users\\pongo\\Documents\\Default Project\\.opencode\\skills\\csharp-developer\\references\\entity-framework.md"
2026-08-31T07:16:28.132926Z  INFO tailwindcss_oxide::scanner: Reading "C:\\Users\\pongo\\Documents\\Default Project\\.opencode\\skills\\impeccable\\scripts\\hook-lib.mjs"
2026-08-31T07:16:28.133011Z  INFO tailwindcss_oxide::scanner: Reading "C:\\Users\\pongo\\Documents\\Default Project\\.opencode\\skills\\kubernetes-specialist\\references\\multi-cluster.md"
2026-08-31T07:16:28.133034Z  INFO tailwindcss_oxide::scanner: Reading "C:\\Users\\pongo\\Documents\\Default Project\\.opencode\\skills\\code-documenter\\SKILL.md"
2026-08-31T07:16:28.133036Z  INFO tailwindcss_oxide::scanner: Reading "C:\\Users\\pongo\\Documents\\Default Project\\.opencode\\skills\\impeccable\\scripts\\live-server.mjs"
2026-08-31T07:16:28.133037Z  INFO tailwindcss_oxide::scanner: Reading "C:\\Users\\pongo\\Documents\\Default Project\\.opencode\\skills\\impeccable\\reference\\extract.md"
2026-08-31T07:16:28.133045Z  INFO tailwindcss_oxide::scanner: Reading "C:\\Users\\pongo\\Documents\\Default Project\\.opencode\\skills\\shrinkage\\scripts\\plan.py"
2026-08-31T07:16:28.133065Z  INFO tailwindcss_oxide::scanner: Reading "C:\\Users\\pongo\\Documents\\Default Project\\.opencode\\skills\\kubernetes-specialist\\references\\networking.md"
2026-08-31T07:16:28.133061Z  INFO tailwindcss_oxide::scanner: Reading "C:\\Users\\pongo\\Documents\\Default Project\\.agents\\skills\\supabase-postgres-best-practices\\references\\query-partial-indexes.md"
2026-08-31T07:16:28.133081Z  INFO tailwindcss_oxide::scanner: Reading "C:\\Users\\pongo\\Documents\\Default Project\\.opencode\\skills\\code-reviewer\\references\\common-issues.md"
2026-08-31T07:16:28.133084Z  INFO tailwindcss_oxide::scanner: Reading "C:\\Users\\pongo\\Documents\\Default Project\\.opencode\\skills\\impeccable\\reference\\harden.md"
2026-08-31T07:16:28.132931Z  INFO tailwindcss_oxide::scanner: Reading "C:\\Users\\pongo\\Documents\\Default Project\\.opencode\\skills\\impeccable\\scripts\\lib\\artifact-schema.mjs"
2026-08-31T07:16:28.133107Z  INFO tailwindcss_oxide::scanner: Reading "C:\\Users\\pongo\\Documents\\Default Project\\.opencode\\skills\\kubernetes-specialist\\references\\service-mesh.md"
2026-08-31T07:16:28.133067Z  INFO tailwindcss_oxide::scanner: Reading "C:\\Users\\pongo\\Documents\\Default Project\\.opencode\\skills\\csharp-developer\\references\\modern-csharp.md"
2026-08-31T07:16:28.133135Z  INFO tailwindcss_oxide::scanner: Reading "C:\\Users\\pongo\\Documents\\Default Project\\.opencode\\skills\\javascript-pro\\references\\node-essentials.md"
2026-08-31T07:16:28.133157Z  INFO tailwindcss_oxide::scanner: Reading "C:\\Users\\pongo\\Documents\\Default Project\\.opencode\\skills\\impeccable\\reference\\ios.md"
2026-08-31T07:16:28.133164Z  INFO tailwindcss_oxide::scanner: Reading "C:\\Users\\pongo\\Documents\\Default Project\\.opencode\\skills\\kubernetes-specialist\\references\\storage.md"
2026-08-31T07:16:28.133164Z  INFO tailwindcss_oxide::scanner: Reading "C:\\Users\\pongo\\Documents\\Default Project\\.opencode\\skills\\graphql-architect\\references\\federation.md"
2026-08-31T07:16:28.133087Z  INFO tailwindcss_oxide::scanner: Reading "C:\\Users\\pongo\\Documents\\Default Project\\.opencode\\skills\\shrinkage\\scripts\\platformmap.py"
2026-08-31T07:16:28.132928Z  INFO tailwindcss_oxide::scanner: Reading "C:\\Users\\pongo\\Documents\\Default Project\\.opencode\\skills\\feature-forge\\references\\ears-syntax.md"
2026-08-31T07:16:28.133192Z  INFO tailwindcss_oxide::scanner: Reading "C:\\Users\\pongo\\Documents\\Default Project\\.opencode\\skills\\csharp-developer\\references\\performance.md"
2026-08-31T07:16:28.133203Z  INFO tailwindcss_oxide::scanner: Reading "C:\\Users\\pongo\\Documents\\Default Project\\.opencode\\skills\\impeccable\\scripts\\live\\frameworks\\tag-strategy.mjs"
2026-08-31T07:16:28.133225Z  INFO tailwindcss_oxide::scanner: Reading "C:\\Users\\pongo\\Documents\\Default Project\\.opencode\\skills\\shrinkage\\scripts\\probe.py"
2026-08-31T07:16:28.133233Z  INFO tailwindcss_oxide::scanner: Reading "C:\\Users\\pongo\\Documents\\Default Project\\.opencode\\skills\\feature-forge\\references\\interview-questions.md"
2026-08-31T07:16:28.133234Z  INFO tailwindcss_oxide::scanner: Reading "C:\\Users\\pongo\\Documents\\Default Project\\.opencode\\skills\\javascript-pro\\SKILL.md"
2026-08-31T07:16:28.133243Z  INFO tailwindcss_oxide::scanner: Reading "C:\\Users\\pongo\\Documents\\Default Project\\.opencode\\skills\\impeccable\\scripts\\live\\frameworks\\tanstack-start.mjs"
2026-08-31T07:16:28.133245Z  INFO tailwindcss_oxide::scanner: Reading "C:\\Users\\pongo\\Documents\\Default Project\\.opencode\\skills\\kubernetes-specialist\\references\\troubleshooting.md"
2026-08-31T07:16:28.132936Z  INFO tailwindcss_oxide::scanner: Reading "C:\\Users\\pongo\\Documents\\Default Project\\.opencode\\agents\\tech-writer.md"
2026-08-31T07:16:28.133271Z  INFO tailwindcss_oxide::scanner: Reading "C:\\Users\\pongo\\Documents\\Default Project\\.opencode\\skills\\dotnet-core-expert\\references\\entity-framework.md"
2026-08-31T07:16:28.133279Z  INFO tailwindcss_oxide::scanner: Reading "C:\\Users\\pongo\\Documents\\Default Project\\.opencode\\skills\\shrinkage\\scripts\\progress.py"
2026-08-31T07:16:28.133287Z  INFO tailwindcss_oxide::scanner: Reading "C:\\Users\\pongo\\Documents\\Default Project\\.opencode\\skills\\impeccable\\reference\\layout.md"
2026-08-31T07:16:28.132929Z  INFO tailwindcss_oxide::scanner: Reading "C:\\Users\\pongo\\Documents\\Default Project\\.opencode\\skills\\mcp-developer\\references\\typescript-sdk.md"
2026-08-31T07:16:28.133135Z  INFO tailwindcss_oxide::scanner: Reading "C:\\Users\\pongo\\Documents\\Default Project\\.opencode\\skills\\code-reviewer\\references\\feedback-examples.md"
2026-08-31T07:16:28.133312Z  INFO tailwindcss_oxide::scanner: Reading "C:\\Users\\pongo\\Documents\\Default Project\\.opencode\\skills\\kubernetes-specialist\\references\\workloads.md"
2026-08-31T07:16:28.133082Z  INFO tailwindcss_oxide::scanner: Reading "C:\\Users\\pongo\\Documents\\Default Project\\.opencode\\skills\\impeccable\\scripts\\live-status.mjs"
2026-08-31T07:16:28.133282Z  INFO tailwindcss_oxide::scanner: Reading "C:\\Users\\pongo\\Documents\\Default Project\\.opencode\\skills\\impeccable\\scripts\\live\\frameworks\\vite-generic.mjs"
2026-08-31T07:16:28.133334Z  INFO tailwindcss_oxide::scanner: Reading "C:\\Users\\pongo\\Documents\\Default Project\\.opencode\\skills\\shrinkage\\scripts\\safe_commit.py"
2026-08-31T07:16:28.133345Z  INFO tailwindcss_oxide::scanner: Reading "C:\\Users\\pongo\\Documents\\Default Project\\.opencode\\skills\\code-reviewer\\references\\receiving-feedback.md"
2026-08-31T07:16:28.133296Z  INFO tailwindcss_oxide::scanner: Reading "C:\\Users\\pongo\\Documents\\Default Project\\.opencode\\agents\\test-engineer.md"
2026-08-31T07:16:28.133387Z  INFO tailwindcss_oxide::scanner: Reading "C:\\Users\\pongo\\Documents\\Default Project\\.opencode\\skills\\csharp-developer\\SKILL.md"
2026-08-31T07:16:28.133309Z  INFO tailwindcss_oxide::scanner: Reading "C:\\Users\\pongo\\Documents\\Default Project\\.opencode\\skills\\impeccable\\reference\\hooks.md"
2026-08-31T07:16:28.133392Z  INFO tailwindcss_oxide::scanner: Reading "C:\\Users\\pongo\\Documents\\Default Project\\.opencode\\skills\\graphql-architect\\references\\migration-from-rest.md"
2026-08-31T07:16:28.133176Z  INFO tailwindcss_oxide::scanner: Reading "C:\\Users\\pongo\\Documents\\Default Project\\.agents\\skills\\supabase-postgres-best-practices\\references\\schema-constraints.md"
2026-08-31T07:16:28.133330Z  INFO tailwindcss_oxide::scanner: Reading "C:\\Users\\pongo\\Documents\\Default Project\\.opencode\\skills\\feature-forge\\references\\pre-discovery-subagents.md"
2026-08-31T07:16:28.133436Z  INFO tailwindcss_oxide::scanner: Reading "C:\\Users\\pongo\\Documents\\Default Project\\.opencode\\skills\\database-optimizer\\references\\index-strategies.md"
2026-08-31T07:16:28.133435Z  INFO tailwindcss_oxide::scanner: Reading "C:\\Users\\pongo\\Documents\\Default Project\\.opencode\\skills\\mcp-developer\\SKILL.md"
2026-08-31T07:16:28.133357Z  INFO tailwindcss_oxide::scanner: Reading "C:\\Users\\pongo\\Documents\\Default Project\\.opencode\\skills\\impeccable\\reference\\live-setup.md"
2026-08-31T07:16:28.133479Z  INFO tailwindcss_oxide::scanner: Reading "C:\\Users\\pongo\\Documents\\Default Project\\.agents\\skills\\supabase-postgres-best-practices\\references\\schema-data-types.md"
2026-08-31T07:16:28.133485Z  INFO tailwindcss_oxide::scanner: Reading "C:\\Users\\pongo\\Documents\\Default Project\\.opencode\\skills\\database-optimizer\\references\\monitoring-analysis.md"
2026-08-31T07:16:28.133363Z  INFO tailwindcss_oxide::scanner: Reading "C:\\Users\\pongo\\Documents\\Default Project\\.opencode\\skills\\kubernetes-specialist\\SKILL.md"
2026-08-31T07:16:28.133288Z  INFO tailwindcss_oxide::scanner: Reading "C:\\Users\\pongo\\Documents\\Default Project\\.opencode\\skills\\kotlin-specialist\\references\\android-compose.md"
2026-08-31T07:16:28.133520Z  INFO tailwindcss_oxide::scanner: Reading "C:\\Users\\pongo\\Documents\\Default Project\\.agents\\skills\\supabase-postgres-best-practices\\references\\schema-foreign-key-indexes.md"
2026-08-31T07:16:28.133368Z  INFO tailwindcss_oxide::scanner: Reading "C:\\Users\\pongo\\Documents\\Default Project\\.opencode\\skills\\impeccable\\scripts\\live-target.mjs"
2026-08-31T07:16:28.133543Z  INFO tailwindcss_oxide::scanner: Reading "C:\\Users\\pongo\\Documents\\Default Project\\.opencode\\skills\\database-optimizer\\references\\mysql-tuning.md"
2026-08-31T07:16:28.133552Z  INFO tailwindcss_oxide::scanner: Reading "C:\\Users\\pongo\\Documents\\Default Project\\.opencode\\skills\\laravel-specialist\\references\\eloquent.md"
2026-08-31T07:16:28.133553Z  INFO tailwindcss_oxide::scanner: Reading "C:\\Users\\pongo\\Documents\\Default Project\\.opencode\\skills\\microservices-architect\\references\\communication.md"
2026-08-31T07:16:28.133372Z  INFO tailwindcss_oxide::scanner: Reading "C:\\Users\\pongo\\Documents\\Default Project\\.opencode\\skills\\impeccable\\scripts\\live\\generation-preflight.mjs"
2026-08-31T07:16:28.133591Z  INFO tailwindcss_oxide::scanner: Reading "C:\\Users\\pongo\\Documents\\Default Project\\.opencode\\skills\\database-optimizer\\references\\postgresql-tuning.md"
2026-08-31T07:16:28.133598Z  INFO tailwindcss_oxide::scanner: Reading "C:\\Users\\pongo\\Documents\\Default Project\\.opencode\\skills\\kotlin-specialist\\references\\coroutines-flow.md"
2026-08-31T07:16:28.133379Z  INFO tailwindcss_oxide::scanner: Reading "C:\\Users\\pongo\\Documents\\Default Project\\.opencode\\skills\\dotnet-core-expert\\references\\minimal-apis.md"
2026-08-31T07:16:28.133390Z  INFO tailwindcss_oxide::scanner: Reading "C:\\Users\\pongo\\Documents\\Default Project\\.opencode\\skills\\shrinkage\\scripts\\selfupdate.py"
2026-08-31T07:16:28.133419Z  INFO tailwindcss_oxide::scanner: Reading "C:\\Users\\pongo\\Documents\\Default Project\\.opencode\\skills\\code-reviewer\\references\\report-template.md"
2026-08-31T07:16:28.133658Z  INFO tailwindcss_oxide::scanner: Reading "C:\\Users\\pongo\\Documents\\Default Project\\.opencode\\skills\\impeccable\\scripts\\live-wrap.mjs"
2026-08-31T07:16:28.133465Z  INFO tailwindcss_oxide::scanner: Reading "C:\\Users\\pongo\\Documents\\Default Project\\.opencode\\skills\\impeccable\\reference\\init.md"
2026-08-31T07:16:28.133678Z  INFO tailwindcss_oxide::scanner: Reading "C:\\Users\\pongo\\Documents\\Default Project\\.opencode\\skills\\kotlin-specialist\\references\\dsl-idioms.md"
2026-08-31T07:16:28.133467Z  INFO tailwindcss_oxide::scanner: Reading "C:\\Users\\pongo\\Documents\\Default Project\\.opencode\\skills\\feature-forge\\references\\specification-template.md"
2026-08-31T07:16:28.133704Z  INFO tailwindcss_oxide::scanner: Reading "C:\\Users\\pongo\\Documents\\Default Project\\.opencode\\skills\\dotnet-core-expert\\SKILL.md"
2026-08-31T07:16:28.133705Z  INFO tailwindcss_oxide::scanner: Reading "C:\\Users\\pongo\\Documents\\Default Project\\.opencode\\skills\\shrinkage\\scripts\\settings.py"
2026-08-31T07:16:28.133711Z  INFO tailwindcss_oxide::scanner: Reading "C:\\Users\\pongo\\Documents\\Default Project\\.opencode\\skills\\impeccable\\scripts\\live.mjs"
2026-08-31T07:16:28.133490Z  INFO tailwindcss_oxide::scanner: Reading "C:\\Users\\pongo\\Documents\\Default Project\\.opencode\\opencode.json"
2026-08-31T07:16:28.133721Z  INFO tailwindcss_oxide::scanner: Reading "C:\\Users\\pongo\\Documents\\Default Project\\.opencode\\skills\\debugging-wizard\\references\\quick-fixes.md"
2026-08-31T07:16:28.133559Z  INFO tailwindcss_oxide::scanner: Reading "C:\\Users\\pongo\\Documents\\Default Project\\.agents\\skills\\supabase-postgres-best-practices\\references\\schema-lowercase-identifiers.md"
2026-08-31T07:16:28.133768Z  INFO tailwindcss_oxide::scanner: Reading "C:\\Users\\pongo\\Documents\\Default Project\\.opencode\\skills\\angular-architect\\references\\components.md"
2026-08-31T07:16:28.133275Z  INFO tailwindcss_oxide::scanner: Reading "C:\\Users\\pongo\\Documents\\Default Project\\.opencode\\skills\\impeccable\\scripts\\lib\\composition-catalog.mjs"
2026-08-31T07:16:28.133779Z  INFO tailwindcss_oxide::scanner: Reading "C:\\Users\\pongo\\Documents\\Default Project\\.opencode\\skills\\impeccable\\scripts\\modern-screenshot.umd.js"
2026-08-31T07:16:28.133804Z  INFO tailwindcss_oxide::scanner: Reading "C:\\Users\\pongo\\Documents\\Default Project\\.opencode\\skills\\debugging-wizard\\references\\strategies.md"
2026-08-31T07:16:28.133814Z  INFO tailwindcss_oxide::scanner: Reading "C:\\Users\\pongo\\Documents\\Default Project\\.agents\\skills\\supabase-postgres-best-practices\\references\\schema-partitioning.md"
2026-08-31T07:16:28.133827Z  INFO tailwindcss_oxide::scanner: Reading "C:\\Users\\pongo\\Documents\\Default Project\\.opencode\\skills\\impeccable\\scripts\\lib\\concept-catalog.mjs"
2026-08-31T07:16:28.133830Z  INFO tailwindcss_oxide::scanner: Reading "C:\\Users\\pongo\\Documents\\Default Project\\.opencode\\skills\\feature-forge\\SKILL.md"
2026-08-31T07:16:28.133837Z  INFO tailwindcss_oxide::scanner: Reading "C:\\Users\\pongo\\Documents\\Default Project\\.opencode\\skills\\angular-architect\\references\\ngrx.md"
2026-08-31T07:16:28.133849Z  INFO tailwindcss_oxide::scanner: Reading "C:\\Users\\pongo\\Documents\\Default Project\\.opencode\\skills\\impeccable\\scripts\\palette.mjs"
2026-08-31T07:16:28.133617Z  INFO tailwindcss_oxide::scanner: Reading "C:\\Users\\pongo\\Documents\\Default Project\\.opencode\\skills\\laravel-specialist\\references\\livewire.md"
2026-08-31T07:16:28.133887Z  INFO tailwindcss_oxide::scanner: Reading "C:\\Users\\pongo\\Documents\\Default Project\\.opencode\\skills\\impeccable\\scripts\\lib\\design-parser.mjs"
2026-08-31T07:16:28.133625Z  INFO tailwindcss_oxide::scanner: Reading "C:\\Users\\pongo\\Documents\\Default Project\\.opencode\\skills\\impeccable\\scripts\\live\\insert-ui.mjs"
2026-08-31T07:16:28.133931Z  INFO tailwindcss_oxide::scanner: Reading "C:\\Users\\pongo\\Documents\\Default Project\\.opencode\\skills\\angular-architect\\references\\routing.md"
2026-08-31T07:16:28.133935Z  INFO tailwindcss_oxide::scanner: Reading "C:\\Users\\pongo\\Documents\\Default Project\\.opencode\\skills\\impeccable\\scripts\\lib\\impeccable-config.mjs"
2026-08-31T07:16:28.133973Z  INFO tailwindcss_oxide::scanner: Reading "C:\\Users\\pongo\\Documents\\Default Project\\.opencode\\skills\\fine-tuning-expert\\references\\dataset-preparation.md"
2026-08-31T07:16:28.133644Z  INFO tailwindcss_oxide::scanner: Reading "C:\\Users\\pongo\\Documents\\Default Project\\.opencode\\skills\\database-optimizer\\references\\query-optimization.md"
2026-08-31T07:16:28.133652Z  INFO tailwindcss_oxide::scanner: Reading "C:\\Users\\pongo\\Documents\\Default Project\\.opencode\\skills\\graphql-architect\\references\\resolvers.md"
2026-08-31T07:16:28.133698Z  INFO tailwindcss_oxide::scanner: Reading "C:\\Users\\pongo\\Documents\\Default Project\\.opencode\\skills\\microservices-architect\\references\\data.md"
2026-08-31T07:16:28.134039Z  INFO tailwindcss_oxide::scanner: Reading "C:\\Users\\pongo\\Documents\\Default Project\\.opencode\\skills\\database-optimizer\\SKILL.md"
2026-08-31T07:16:28.133756Z  INFO tailwindcss_oxide::scanner: Reading "C:\\Users\\pongo\\Documents\\Default Project\\.opencode\\skills\\kotlin-specialist\\references\\ktor-server.md"
2026-08-31T07:16:28.133762Z  INFO tailwindcss_oxide::scanner: Reading "C:\\Users\\pongo\\Documents\\Default Project\\.opencode\\skills\\embedded-systems\\references\\communication-protocols.md"
2026-08-31T07:16:28.134077Z  INFO tailwindcss_oxide::scanner: Reading "C:\\Users\\pongo\\Documents\\Default Project\\.opencode\\skills\\debugging-wizard\\references\\common-patterns.md"
2026-08-31T07:16:28.133836Z  INFO tailwindcss_oxide::scanner: Reading "C:\\Users\\pongo\\Documents\\Default Project\\.opencode\\skills\\shrinkage\\scripts\\statusline.py"
2026-08-31T07:16:28.133855Z  INFO tailwindcss_oxide::scanner: Reading "C:\\Users\\pongo\\Documents\\Default Project\\.opencode\\skills\\debugging-wizard\\references\\systematic-debugging.md"
2026-08-31T07:16:28.133610Z  INFO tailwindcss_oxide::scanner: Reading "C:\\Users\\pongo\\Documents\\Default Project\\.opencode\\skills\\impeccable\\reference\\live.md"
2026-08-31T07:16:28.133870Z  INFO tailwindcss_oxide::scanner: Reading "C:\\Users\\pongo\\Documents\\Default Project\\.agents\\skills\\supabase-postgres-best-practices\\references\\schema-primary-keys.md"
2026-08-31T07:16:28.134135Z  INFO tailwindcss_oxide::scanner: Reading "C:\\Users\\pongo\\Documents\\Default Project\\.opencode\\skills\\fine-tuning-expert\\references\\deployment-optimization.md"
2026-08-31T07:16:28.134143Z  INFO tailwindcss_oxide::scanner: Reading "C:\\Users\\pongo\\Documents\\Default Project\\.opencode\\skills\\graphql-architect\\references\\schema-design.md"
2026-08-31T07:16:28.134006Z  INFO tailwindcss_oxide::scanner: Reading "C:\\Users\\pongo\\Documents\\Default Project\\.opencode\\skills\\laravel-specialist\\references\\queues.md"
2026-08-31T07:16:28.134092Z  INFO tailwindcss_oxide::scanner: Reading "C:\\Users\\pongo\\Documents\\Default Project\\.opencode\\skills\\microservices-architect\\references\\decomposition.md"
2026-08-31T07:16:28.134203Z  INFO tailwindcss_oxide::scanner: Reading "C:\\Users\\pongo\\Documents\\Default Project\\.opencode\\skills\\kotlin-specialist\\references\\multiplatform-kmp.md"
2026-08-31T07:16:28.133978Z  INFO tailwindcss_oxide::scanner: Reading "C:\\Users\\pongo\\Documents\\Default Project\\.opencode\\skills\\impeccable\\scripts\\live\\instructions.mjs"
2026-08-31T07:16:28.134118Z  INFO tailwindcss_oxide::scanner: Reading "C:\\Users\\pongo\\Documents\\Default Project\\.opencode\\skills\\debugging-wizard\\references\\debugging-tools.md"
2026-08-31T07:16:28.134231Z  INFO tailwindcss_oxide::scanner: Reading "C:\\Users\\pongo\\Documents\\Default Project\\.opencode\\skills\\debugging-wizard\\SKILL.md"
2026-08-31T07:16:28.134003Z  INFO tailwindcss_oxide::scanner: Reading "C:\\Users\\pongo\\Documents\\Default Project\\.opencode\\skills\\angular-architect\\references\\rxjs.md"
2026-08-31T07:16:28.134282Z  INFO tailwindcss_oxide::scanner: Reading "C:\\Users\\pongo\\Documents\\Default Project\\.opencode\\skills\\impeccable\\scripts\\live\\manual-apply.mjs"
2026-08-31T07:16:28.133888Z  INFO tailwindcss_oxide::scanner: Reading "C:\\Users\\pongo\\Documents\\Default Project\\.opencode\\skills\\impeccable\\scripts\\pin.mjs"
2026-08-31T07:16:28.134299Z  INFO tailwindcss_oxide::scanner: Reading "C:\\Users\\pongo\\Documents\\Default Project\\.opencode\\skills\\fine-tuning-expert\\references\\evaluation-metrics.md"
2026-08-31T07:16:28.133978Z  INFO tailwindcss_oxide::scanner: Reading "C:\\Users\\pongo\\Documents\\Default Project\\.opencode\\skills\\impeccable\\scripts\\lib\\impeccable-paths.mjs"
2026-08-31T07:16:28.134328Z  INFO tailwindcss_oxide::scanner: Reading "C:\\Users\\pongo\\Documents\\Default Project\\.opencode\\skills\\impeccable\\scripts\\live\\manual-edit-routes.mjs"
2026-08-31T07:16:28.134171Z  INFO tailwindcss_oxide::scanner: Reading "C:\\Users\\pongo\\Documents\\Default Project\\.opencode\\skills\\embedded-systems\\references\\memory-optimization.md"
2026-08-31T07:16:28.134347Z  INFO tailwindcss_oxide::scanner: Reading "C:\\Users\\pongo\\Documents\\Default Project\\.opencode\\skills\\angular-architect\\references\\testing.md"
2026-08-31T07:16:28.134346Z  INFO tailwindcss_oxide::scanner: Reading "C:\\Users\\pongo\\Documents\\Default Project\\.opencode\\skills\\microservices-architect\\references\\observability.md"
2026-08-31T07:16:28.134367Z  INFO tailwindcss_oxide::scanner: Reading "C:\\Users\\pongo\\Documents\\Default Project\\.opencode\\skills\\impeccable\\scripts\\live\\manual-edits-buffer.mjs"
2026-08-31T07:16:28.134365Z  INFO tailwindcss_oxide::scanner: Reading "C:\\Users\\pongo\\Documents\\Default Project\\.opencode\\skills\\devops-engineer\\references\\github-actions.md"
2026-08-31T07:16:28.134376Z  INFO tailwindcss_oxide::scanner: Reading "C:\\Users\\pongo\\Documents\\Default Project\\.opencode\\skills\\impeccable\\scripts\\serve-question.mjs"
2026-08-31T07:16:28.134381Z  INFO tailwindcss_oxide::scanner: Reading "C:\\Users\\pongo\\Documents\\Default Project\\.opencode\\skills\\fine-tuning-expert\\references\\hyperparameter-tuning.md"
2026-08-31T07:16:28.134384Z  INFO tailwindcss_oxide::scanner: Reading "C:\\Users\\pongo\\Documents\\Default Project\\.opencode\\skills\\devops-engineer\\references\\terraform-iac.md"
2026-08-31T07:16:28.134390Z  INFO tailwindcss_oxide::scanner: Reading "C:\\Users\\pongo\\Documents\\Default Project\\.opencode\\skills\\graphql-architect\\references\\security.md"
2026-08-31T07:16:28.134405Z  INFO tailwindcss_oxide::scanner: Reading "C:\\Users\\pongo\\Documents\\Default Project\\.opencode\\skills\\impeccable\\scripts\\live\\poll-lanes.mjs"
2026-08-31T07:16:28.134416Z  INFO tailwindcss_oxide::scanner: Reading "C:\\Users\\pongo\\Documents\\Default Project\\.opencode\\skills\\impeccable\\scripts\\surface-brief.mjs"
2026-08-31T07:16:28.134428Z  INFO tailwindcss_oxide::scanner: Reading "C:\\Users\\pongo\\Documents\\Default Project\\.opencode\\skills\\angular-architect\\SKILL.md"
2026-08-31T07:16:28.134439Z  INFO tailwindcss_oxide::scanner: Reading "C:\\Users\\pongo\\Documents\\Default Project\\.opencode\\skills\\devops-engineer\\SKILL.md"
2026-08-31T07:16:28.134445Z  INFO tailwindcss_oxide::scanner: Reading "C:\\Users\\pongo\\Documents\\Default Project\\.opencode\\skills\\fine-tuning-expert\\references\\lora-peft.md"
2026-08-31T07:16:28.134444Z  INFO tailwindcss_oxide::scanner: Reading "C:\\Users\\pongo\\Documents\\Default Project\\.opencode\\skills\\devops-engineer\\references\\platform-engineering.md"
2026-08-31T07:16:28.134456Z  INFO tailwindcss_oxide::scanner: Reading "C:\\Users\\pongo\\Documents\\Default Project\\.opencode\\skills\\impeccable\\SKILL.md"
2026-08-31T07:16:28.134453Z  INFO tailwindcss_oxide::scanner: Reading "C:\\Users\\pongo\\Documents\\Default Project\\.opencode\\skills\\embedded-systems\\references\\microcontroller-programming.md"
2026-08-31T07:16:28.133698Z  INFO tailwindcss_oxide::scanner: Reading "C:\\Users\\pongo\\Documents\\Default Project\\.opencode\\skills\\code-reviewer\\references\\review-checklist.md"
2026-08-31T07:16:28.134266Z  INFO tailwindcss_oxide::scanner: Reading "C:\\Users\\pongo\\Documents\\Default Project\\.opencode\\skills\\laravel-specialist\\references\\routing.md"
2026-08-31T07:16:28.134265Z  INFO tailwindcss_oxide::scanner: Reading "C:\\Users\\pongo\\Documents\\Default Project\\.agents\\skills\\supabase-postgres-best-practices\\references\\security-privileges.md"
2026-08-31T07:16:28.134502Z  INFO tailwindcss_oxide::scanner: Reading "C:\\Users\\pongo\\Documents\\Default Project\\.opencode\\skills\\fine-tuning-expert\\SKILL.md"
2026-08-31T07:16:28.134288Z  INFO tailwindcss_oxide::scanner: Reading "C:\\Users\\pongo\\Documents\\Default Project\\.opencode\\skills\\kotlin-specialist\\SKILL.md"
2026-08-31T07:16:28.134512Z  INFO tailwindcss_oxide::scanner: Reading "C:\\Users\\pongo\\Documents\\Default Project\\.opencode\\skills\\microservices-architect\\references\\patterns.md"
2026-08-31T07:16:28.134333Z  INFO tailwindcss_oxide::scanner: Reading "C:\\Users\\pongo\\Documents\\Default Project\\.opencode\\skills\\devops-engineer\\references\\deployment-strategies.md"
2026-08-31T07:16:28.134548Z  INFO tailwindcss_oxide::scanner: Reading "C:\\Users\\pongo\\Documents\\Default Project\\.opencode\\skills\\graphql-architect\\references\\subscriptions.md"
2026-08-31T07:16:28.134556Z  INFO tailwindcss_oxide::scanner: Reading "C:\\Users\\pongo\\Documents\\Default Project\\.opencode\\skills\\devops-engineer\\references\\release-automation.md"
2026-08-31T07:16:28.134568Z  INFO tailwindcss_oxide::scanner: Reading "C:\\Users\\pongo\\Documents\\Default Project\\.opencode\\skills\\embedded-systems\\references\\power-optimization.md"
2026-08-31T07:16:28.134572Z  INFO tailwindcss_oxide::scanner: Reading "C:\\Users\\pongo\\Documents\\Default Project\\.agents\\skills\\supabase-postgres-best-practices\\references\\security-rls-basics.md"
2026-08-31T07:16:28.134453Z  INFO tailwindcss_oxide::scanner: Reading "C:\\Users\\pongo\\Documents\\Default Project\\.opencode\\skills\\devops-engineer\\references\\incident-response.md"
2026-08-31T07:16:28.134581Z  INFO tailwindcss_oxide::scanner: Reading "C:\\Users\\pongo\\Documents\\Default Project\\.opencode\\skills\\java-architect\\references\\jpa-optimization.md"
2026-08-31T07:16:28.134516Z  INFO tailwindcss_oxide::scanner: Reading "C:\\Users\\pongo\\Documents\\Default Project\\.opencode\\skills\\api-designer\\references\\error-handling.md"
2026-08-31T07:16:28.134221Z  INFO tailwindcss_oxide::scanner: Reading "C:\\Users\\pongo\\Documents\\Default Project\\.opencode\\skills\\shrinkage\\scripts\\watchdog.py"
2026-08-31T07:16:28.134627Z  INFO tailwindcss_oxide::scanner: Reading "C:\\Users\\pongo\\Documents\\Default Project\\.opencode\\skills\\code-reviewer\\references\\spec-compliance-review.md"
2026-08-31T07:16:28.134631Z  INFO tailwindcss_oxide::scanner: Reading "C:\\Users\\pongo\\Documents\\Default Project\\.opencode\\skills\\devops-engineer\\references\\kubernetes.md"
2026-08-31T07:16:28.134633Z  INFO tailwindcss_oxide::scanner: Reading "C:\\Users\\pongo\\Documents\\Default Project\\.agents\\skills\\supabase-postgres-best-practices\\references\\security-rls-performance.md"
2026-08-31T07:16:28.134645Z  INFO tailwindcss_oxide::scanner: Reading "C:\\Users\\pongo\\Documents\\Default Project\\.opencode\\skills\\microservices-architect\\SKILL.md"
2026-08-31T07:16:28.134458Z  INFO tailwindcss_oxide::scanner: Reading "C:\\Users\\pongo\\Documents\\Default Project\\.opencode\\skills\\impeccable\\scripts\\live\\roots.mjs"
2026-08-31T07:16:28.134666Z  INFO tailwindcss_oxide::scanner: Reading "C:\\Users\\pongo\\Documents\\Default Project\\.opencode\\skills\\embedded-systems\\references\\rtos-patterns.md"
2026-08-31T07:16:28.134678Z  INFO tailwindcss_oxide::scanner: Reading "C:\\Users\\pongo\\Documents\\Default Project\\.opencode\\skills\\architecture-designer\\references\\database-selection.md"
2026-08-31T07:16:28.134681Z  INFO tailwindcss_oxide::scanner: Reading "C:\\Users\\pongo\\Documents\\Default Project\\.opencode\\skills\\code-reviewer\\SKILL.md"
2026-08-31T07:16:28.134691Z  INFO tailwindcss_oxide::scanner: Reading "C:\\Users\\pongo\\Documents\\Default Project\\.agents\\skills\\supabase-postgres-best-practices\\references\\_contributing.md"
2026-08-31T07:16:28.134680Z  INFO tailwindcss_oxide::scanner: Reading "C:\\Users\\pongo\\Documents\\Default Project\\.opencode\\skills\\api-designer\\references\\openapi.md"
2026-08-31T07:16:28.134686Z  INFO tailwindcss_oxide::scanner: Reading "C:\\Users\\pongo\\Documents\\Default Project\\.opencode\\skills\\react-expert\\references\\server-components.md"
2026-08-31T07:16:28.134703Z  INFO tailwindcss_oxide::scanner: Reading "C:\\Users\\pongo\\Documents\\Default Project\\.opencode\\skills\\shrinkage\\SKILL.md"
2026-08-31T07:16:28.134573Z  INFO tailwindcss_oxide::scanner: Reading "C:\\Users\\pongo\\Documents\\Default Project\\.opencode\\skills\\flutter-expert\\references\\bloc-state.md"
2026-08-31T07:16:28.134648Z  INFO tailwindcss_oxide::scanner: Reading "C:\\Users\\pongo\\Documents\\Default Project\\.opencode\\skills\\impeccable\\scripts\\live\\source-search.mjs"
2026-08-31T07:16:28.134737Z  INFO tailwindcss_oxide::scanner: Reading "C:\\Users\\pongo\\Documents\\Default Project\\.opencode\\skills\\cpp-pro\\references\\modern-cpp.md"
2026-08-31T07:16:28.134721Z  INFO tailwindcss_oxide::scanner: Reading "C:\\Users\\pongo\\Documents\\Default Project\\.opencode\\skills\\java-architect\\references\\reactive-webflux.md"
2026-08-31T07:16:28.134750Z  INFO tailwindcss_oxide::scanner: Reading "C:\\Users\\pongo\\Documents\\Default Project\\.opencode\\skills\\embedded-systems\\SKILL.md"
2026-08-31T07:16:28.134760Z  INFO tailwindcss_oxide::scanner: Reading "C:\\Users\\pongo\\Documents\\Default Project\\.opencode\\skills\\api-designer\\references\\pagination.md"
2026-08-31T07:16:28.134710Z  INFO tailwindcss_oxide::scanner: Reading "C:\\Users\\pongo\\Documents\\Default Project\\.opencode\\skills\\impeccable\\scripts\\live\\session-store.mjs"
2026-08-31T07:16:28.134793Z  INFO tailwindcss_oxide::scanner: Reading "C:\\Users\\pongo\\Documents\\Default Project\\.opencode\\skills\\impeccable\\scripts\\live\\svelte-ast.mjs"
2026-08-31T07:16:28.134721Z  INFO tailwindcss_oxide::scanner: Reading "C:\\Users\\pongo\\Documents\\Default Project\\.opencode\\skills\\architecture-designer\\references\\nfr-checklist.md"
2026-08-31T07:16:28.134809Z  INFO tailwindcss_oxide::scanner: Reading "C:\\Users\\pongo\\Documents\\Default Project\\.opencode\\skills\\java-architect\\references\\spring-boot-setup.md"
2026-08-31T07:16:28.134816Z  INFO tailwindcss_oxide::scanner: Reading "C:\\Users\\pongo\\Documents\\Default Project\\.opencode\\skills\\fastapi-expert\\references\\async-sqlalchemy.md"
2026-08-31T07:16:28.134819Z  INFO tailwindcss_oxide::scanner: Reading "C:\\Users\\pongo\\Documents\\Default Project\\.opencode\\skills\\api-designer\\references\\rest-patterns.md"
2026-08-31T07:16:28.134818Z  INFO tailwindcss_oxide::scanner: Reading "C:\\Users\\pongo\\Documents\\Default Project\\.opencode\\skills\\devops-engineer\\references\\docker-patterns.md"
2026-08-31T07:16:28.134837Z  INFO tailwindcss_oxide::scanner: Reading "C:\\Users\\pongo\\Documents\\Default Project\\.opencode\\skills\\graphql-architect\\SKILL.md"
2026-08-31T07:16:28.134853Z  INFO tailwindcss_oxide::scanner: Reading "C:\\Users\\pongo\\Documents\\Default Project\\.opencode\\skills\\impeccable\\scripts\\live\\svelte-component.mjs"
2026-08-31T07:16:28.134860Z  INFO tailwindcss_oxide::scanner: Reading "C:\\Users\\pongo\\Documents\\Default Project\\.opencode\\skills\\architecture-designer\\references\\system-design.md"
2026-08-31T07:16:28.134869Z  INFO tailwindcss_oxide::scanner: Reading "C:\\Users\\pongo\\Documents\\Default Project\\.opencode\\skills\\fastapi-expert\\references\\authentication.md"
2026-08-31T07:16:28.134874Z  INFO tailwindcss_oxide::scanner: Reading "C:\\Users\\pongo\\Documents\\Default Project\\.opencode\\skills\\api-designer\\references\\versioning.md"
2026-08-31T07:16:28.134882Z  INFO tailwindcss_oxide::scanner: Reading "C:\\Users\\pongo\\Documents\\Default Project\\.opencode\\skills\\impeccable\\scripts\\live\\source-lock.mjs"
2026-08-31T07:16:28.134886Z  INFO tailwindcss_oxide::scanner: Reading "C:\\Users\\pongo\\Documents\\Default Project\\.opencode\\skills\\java-architect\\references\\spring-security.md"
2026-08-31T07:16:28.134901Z  INFO tailwindcss_oxide::scanner: Reading "C:\\Users\\pongo\\Documents\\Default Project\\.opencode\\skills\\impeccable\\scripts\\live\\sveltekit-adapter.mjs"
2026-08-31T07:16:28.134919Z  INFO tailwindcss_oxide::scanner: Reading "C:\\Users\\pongo\\Documents\\Default Project\\.opencode\\skills\\architecture-designer\\SKILL.md"
2026-08-31T07:16:28.134938Z  INFO tailwindcss_oxide::scanner: Reading "C:\\Users\\pongo\\Documents\\Default Project\\.opencode\\skills\\api-designer\\SKILL.md"
2026-08-31T07:16:28.134938Z  INFO tailwindcss_oxide::scanner: Reading "C:\\Users\\pongo\\Documents\\Default Project\\.opencode\\skills\\fastapi-expert\\references\\endpoints-routing.md"
2026-08-31T07:16:28.134963Z  INFO tailwindcss_oxide::scanner: Reading "C:\\Users\\pongo\\Documents\\Default Project\\.opencode\\skills\\fullstack-guardian\\references\\api-design-standards.md"
2026-08-31T07:16:28.134972Z  INFO tailwindcss_oxide::scanner: Reading "C:\\Users\\pongo\\Documents\\Default Project\\.opencode\\skills\\impeccable\\scripts\\live\\tanstack-adapter.mjs"
2026-08-31T07:16:28.134974Z  INFO tailwindcss_oxide::scanner: Reading "C:\\Users\\pongo\\Documents\\Default Project\\.opencode\\skills\\cpp-pro\\references\\templates.md"
2026-08-31T07:16:28.134569Z  INFO tailwindcss_oxide::scanner: Reading "C:\\Users\\pongo\\Documents\\Default Project\\.opencode\\skills\\kubernetes-specialist\\references\\configuration.md"
2026-08-31T07:16:28.134525Z  INFO tailwindcss_oxide::scanner: Reading "C:\\Users\\pongo\\Documents\\Default Project\\.opencode\\skills\\cpp-pro\\references\\build-tooling.md"
2026-08-31T07:16:28.135003Z  INFO tailwindcss_oxide::scanner: Reading "C:\\Users\\pongo\\Documents\\Default Project\\.opencode\\skills\\architecture-designer\\references\\adr-template.md"
2026-08-31T07:16:28.134734Z  INFO tailwindcss_oxide::scanner: Reading "C:\\Users\\pongo\\Documents\\Default Project\\.agents\\skills\\supabase-postgres-best-practices\\references\\_sections.md"
2026-08-31T07:16:28.134798Z  INFO tailwindcss_oxide::scanner: Reading "C:\\Users\\pongo\\Documents\\Default Project\\.opencode\\skills\\ml-pipeline\\references\\experiment-tracking.md"
2026-08-31T07:16:28.135032Z  INFO tailwindcss_oxide::scanner: Reading "C:\\Users\\pongo\\Documents\\Default Project\\.opencode\\skills\\impeccable\\scripts\\live\\ui-surfaces.mjs"
2026-08-31T07:16:28.134979Z  INFO tailwindcss_oxide::scanner: Reading "C:\\Users\\pongo\\Documents\\Default Project\\.opencode\\skills\\java-architect\\references\\testing-patterns.md"
2026-08-31T07:16:28.134787Z  INFO tailwindcss_oxide::scanner: Reading "C:\\Users\\pongo\\Documents\\Default Project\\.opencode\\skills\\react-expert\\references\\state-management.md"
2026-08-31T07:16:28.135075Z  INFO tailwindcss_oxide::scanner: Reading "C:\\Users\\pongo\\Documents\\Default Project\\.opencode\\skills\\fullstack-guardian\\references\\architecture-decisions.md"
2026-08-31T07:16:28.135094Z  INFO tailwindcss_oxide::scanner: Reading "C:\\Users\\pongo\\Documents\\Default Project\\.opencode\\skills\\impeccable\\scripts\\live\\vocabulary.mjs"
2026-08-31T07:16:28.135101Z  INFO tailwindcss_oxide::scanner: Reading "C:\\Users\\pongo\\Documents\\Default Project\\.opencode\\skills\\cpp-pro\\references\\concurrency.md"
2026-08-31T07:16:28.135047Z  INFO tailwindcss_oxide::scanner: Reading "C:\\Users\\pongo\\Documents\\Default Project\\.opencode\\skills\\shrinkage\\workflows\\audit.md"
2026-08-31T07:16:28.134976Z  INFO tailwindcss_oxide::scanner: Reading "C:\\Users\\pongo\\Documents\\Default Project\\.opencode\\skills\\flutter-expert\\references\\gorouter-navigation.md"
2026-08-31T07:16:28.135132Z  INFO tailwindcss_oxide::scanner: Reading "C:\\Users\\pongo\\Documents\\Default Project\\.opencode\\skills\\react-expert\\references\\testing-react.md"
2026-08-31T07:16:28.135056Z  INFO tailwindcss_oxide::scanner: Reading "C:\\Users\\pongo\\Documents\\Default Project\\.agents\\skills\\supabase-postgres-best-practices\\references\\_template.md"
2026-08-31T07:16:28.135141Z  INFO tailwindcss_oxide::scanner: Reading "C:\\Users\\pongo\\Documents\\Default Project\\.opencode\\skills\\cpp-pro\\SKILL.md"
2026-08-31T07:16:28.135004Z  INFO tailwindcss_oxide::scanner: Reading "C:\\Users\\pongo\\Documents\\Default Project\\.opencode\\skills\\atlassian-mcp\\references\\authentication-patterns.md"
2026-08-31T07:16:28.135046Z  INFO tailwindcss_oxide::scanner: Reading "C:\\Users\\pongo\\Documents\\Default Project\\.opencode\\skills\\architecture-designer\\references\\architecture-patterns.md"
2026-08-31T07:16:28.135031Z  INFO tailwindcss_oxide::scanner: Reading "C:\\Users\\pongo\\Documents\\Default Project\\.opencode\\skills\\impeccable\\reference\\adapt.md"
2026-08-31T07:16:28.135027Z  INFO tailwindcss_oxide::scanner: Reading "C:\\Users\\pongo\\Documents\\Default Project\\.opencode\\skills\\fastapi-expert\\references\\migration-from-django.md"
2026-08-31T07:16:28.135112Z  INFO tailwindcss_oxide::scanner: Reading "C:\\Users\\pongo\\Documents\\Default Project\\.opencode\\skills\\kubernetes-specialist\\references\\cost-optimization.md"
2026-08-31T07:16:28.135194Z  INFO tailwindcss_oxide::scanner: Reading "C:\\Users\\pongo\\Documents\\Default Project\\.agents\\skills\\supabase-postgres-best-practices\\SKILL.md"
2026-08-31T07:16:28.135209Z  INFO tailwindcss_oxide::scanner: Reading "C:\\Users\\pongo\\Documents\\Default Project\\.opencode\\skills\\impeccable\\scripts\\live-accept.mjs"
2026-08-31T07:16:28.135239Z  INFO tailwindcss_oxide::scanner: Reading "C:\\Users\\pongo\\Documents\\Default Project\\.agents\\skills\\task-observer\\references\\environments.md"
2026-08-31T07:16:28.135240Z  INFO tailwindcss_oxide::scanner: Reading "C:\\Users\\pongo\\Documents\\Default Project\\.opencode\\skills\\flutter-expert\\references\\performance.md"
2026-08-31T07:16:28.135243Z  INFO tailwindcss_oxide::scanner: Reading "C:\\Users\\pongo\\Documents\\Default Project\\.opencode\\skills\\shrinkage\\workflows\\gate.md"
2026-08-31T07:16:28.135169Z  INFO tailwindcss_oxide::scanner: Reading "C:\\Users\\pongo\\Documents\\Default Project\\.opencode\\skills\\cpp-pro\\references\\memory-performance.md"
2026-08-31T07:16:28.135256Z  INFO tailwindcss_oxide::scanner: Reading "C:\\Users\\pongo\\Documents\\Default Project\\.opencode\\skills\\java-architect\\SKILL.md"
2026-08-31T07:16:28.135176Z  INFO tailwindcss_oxide::scanner: Reading "C:\\Users\\pongo\\Documents\\Default Project\\.opencode\\skills\\fullstack-guardian\\references\\backend-patterns.md"
2026-08-31T07:16:28.135114Z  INFO tailwindcss_oxide::scanner: Reading "C:\\Users\\pongo\\Documents\\Default Project\\.opencode\\skills\\impeccable\\reference\\adapt.native.md"
2026-08-31T07:16:28.135281Z  INFO tailwindcss_oxide::scanner: Reading "C:\\Users\\pongo\\Documents\\Default Project\\.opencode\\skills\\atlassian-mcp\\references\\common-workflows.md"
2026-08-31T07:16:28.135337Z  INFO tailwindcss_oxide::scanner: Reading "C:\\Users\\pongo\\Documents\\Default Project\\.opencode\\skills\\shrinkage\\workflows\\map.md"
2026-08-31T07:16:28.135337Z  INFO tailwindcss_oxide::scanner: Reading "C:\\Users\\pongo\\Documents\\Default Project\\.opencode\\skills\\fastapi-expert\\references\\pydantic-v2.md"
2026-08-31T07:16:28.135343Z  INFO tailwindcss_oxide::scanner: Reading "C:\\Users\\pongo\\Documents\\Default Project\\.opencode\\skills\\flutter-expert\\references\\riverpod-state.md"
2026-08-31T07:16:28.135348Z  INFO tailwindcss_oxide::scanner: Reading "C:\\Users\\pongo\\Documents\\Default Project\\.opencode\\skills\\flutter-expert\\references\\widget-patterns.md"
2026-08-31T07:16:28.135350Z  INFO tailwindcss_oxide::scanner: Reading "C:\\Users\\pongo\\Documents\\Default Project\\.opencode\\skills\\javascript-pro\\references\\async-patterns.md"
2026-08-31T07:16:28.135158Z  INFO tailwindcss_oxide::scanner: Reading "C:\\Users\\pongo\\Documents\\Default Project\\.opencode\\skills\\ml-pipeline\\references\\feature-engineering.md"
2026-08-31T07:16:28.135374Z  INFO tailwindcss_oxide::scanner: Reading "C:\\Users\\pongo\\Documents\\Default Project\\.opencode\\skills\\impeccable\\scripts\\live-browser-dom.js"
2026-08-31T07:16:28.135460Z  INFO tailwindcss_oxide::scanner: Reading "C:\\Users\\pongo\\Documents\\Default Project\\.opencode\\skills\\flutter-expert\\SKILL.md"
2026-08-31T07:16:28.135369Z  INFO tailwindcss_oxide::scanner: Reading "C:\\Users\\pongo\\Documents\\Default Project\\.opencode\\skills\\wordpress-pro\\references\\performance-security.md"
2026-08-31T07:16:28.135244Z  INFO tailwindcss_oxide::scanner: Reading "C:\\Users\\pongo\\Documents\\Default Project\\.opencode\\skills\\kubernetes-specialist\\references\\custom-operators.md"
2026-08-31T07:16:28.135496Z  INFO tailwindcss_oxide::scanner: Reading "C:\\Users\\pongo\\Documents\\Default Project\\.opencode\\skills\\fullstack-guardian\\references\\deliverables-checklist.md"
2026-08-31T07:16:28.135384Z  INFO tailwindcss_oxide::scanner: Reading "C:\\Users\\pongo\\Documents\\Default Project\\.opencode\\skills\\fullstack-guardian\\references\\common-patterns.md"
2026-08-31T07:16:28.135385Z  INFO tailwindcss_oxide::scanner: Reading "C:\\Users\\pongo\\Documents\\Default Project\\.opencode\\skills\\fastapi-expert\\references\\testing-async.md"
2026-08-31T07:16:28.135555Z  INFO tailwindcss_oxide::scanner: Reading "C:\\Users\\pongo\\Documents\\Default Project\\.opencode\\skills\\impeccable\\scripts\\live-browser-session.js"
2026-08-31T07:16:28.135573Z  INFO tailwindcss_oxide::scanner: Reading "C:\\Users\\pongo\\Documents\\Default Project\\.opencode\\skills\\terraform-engineer\\references\\module-patterns.md"
2026-08-31T07:16:28.135402Z  INFO tailwindcss_oxide::scanner: Reading "C:\\Users\\pongo\\Documents\\Default Project\\.opencode\\skills\\csharp-developer\\references\\aspnet-core.md"
2026-08-31T07:16:28.135405Z  INFO tailwindcss_oxide::scanner: Reading "C:\\Users\\pongo\\Documents\\Default Project\\.opencode\\skills\\shrinkage\\workflows\\score.md"
2026-08-31T07:16:28.135601Z  INFO tailwindcss_oxide::scanner: Reading "C:\\Users\\pongo\\Documents\\Default Project\\.opencode\\skills\\fastapi-expert\\SKILL.md"
2026-08-31T07:16:28.135406Z  INFO tailwindcss_oxide::scanner: Reading "C:\\Users\\pongo\\Documents\\Default Project\\.agents\\skills\\task-observer\\references\\skill-authoring.md"
2026-08-31T07:16:28.135421Z  INFO tailwindcss_oxide::scanner: Reading "C:\\Users\\pongo\\Documents\\Default Project\\.opencode\\skills\\fullstack-guardian\\references\\design-template.md"
2026-08-31T07:16:28.135634Z  INFO tailwindcss_oxide::scanner: Reading "C:\\Users\\pongo\\Documents\\Default Project\\.opencode\\skills\\terraform-engineer\\references\\providers.md"
2026-08-31T07:16:28.135461Z  INFO tailwindcss_oxide::scanner: Reading "C:\\Users\\pongo\\Documents\\Default Project\\.opencode\\skills\\javascript-pro\\references\\browser-apis.md"
2026-08-31T07:16:28.135463Z  INFO tailwindcss_oxide::scanner: Reading "C:\\Users\\pongo\\Documents\\Default Project\\.opencode\\skills\\atlassian-mcp\\references\\confluence-operations.md"
2026-08-31T07:16:28.135658Z  INFO tailwindcss_oxide::scanner: Reading "C:\\Users\\pongo\\Documents\\Default Project\\DESIGN.md"
2026-08-31T07:16:28.135672Z  INFO tailwindcss_oxide::scanner: Reading "C:\\Users\\pongo\\Documents\\Default Project\\.opencode\\skills\\spec-miner\\SKILL.md"
2026-08-31T07:16:28.135697Z  INFO tailwindcss_oxide::scanner: Reading "C:\\Users\\pongo\\Documents\\Default Project\\.opencode\\skills\\shrinkage\\workflows\\shave.md"
2026-08-31T07:16:28.135730Z  INFO tailwindcss_oxide::scanner: Reading "C:\\Users\\pongo\\Documents\\Default Project\\.opencode\\skills\\atlassian-mcp\\references\\jira-queries.md"
2026-08-31T07:16:28.135732Z  INFO tailwindcss_oxide::scanner: Reading "C:\\Users\\pongo\\Documents\\Default Project\\.opencode\\skills\\terraform-engineer\\references\\state-management.md"
2026-08-31T07:16:28.135732Z  INFO tailwindcss_oxide::scanner: Reading "C:\\Users\\pongo\\Documents\\Default Project\\.opencode\\skills\\spring-boot-engineer\\references\\cloud.md"
2026-08-31T07:16:28.135750Z  INFO tailwindcss_oxide::scanner: Reading "C:\\Users\\pongo\\Documents\\Default Project\\.opencode\\skills\\fullstack-guardian\\references\\error-handling.md"
2026-08-31T07:16:28.135765Z  INFO tailwindcss_oxide::scanner: Reading "C:\\Users\\pongo\\Documents\\Default Project\\.opencode\\skills\\spark-engineer\\references\\partitioning-caching.md"
2026-08-31T07:16:28.135770Z  INFO tailwindcss_oxide::scanner: Reading "C:\\Users\\pongo\\Documents\\Default Project\\app\\jobs\\[id]\\page.jsx"
2026-08-31T07:16:28.135566Z  INFO tailwindcss_oxide::scanner: Reading "C:\\Users\\pongo\\Documents\\Default Project\\components\\layout\\Navbar.jsx"
2026-08-31T07:16:28.135792Z  INFO tailwindcss_oxide::scanner: Reading "C:\\Users\\pongo\\Documents\\Default Project\\.opencode\\skills\\terraform-engineer\\references\\testing.md"
2026-08-31T07:16:28.135797Z  INFO tailwindcss_oxide::scanner: Reading "C:\\Users\\pongo\\Documents\\Default Project\\.opencode\\skills\\atlassian-mcp\\references\\mcp-server-setup.md"
2026-08-31T07:16:28.135595Z  INFO tailwindcss_oxide::scanner: Reading "C:\\Users\\pongo\\Documents\\Default Project\\.opencode\\skills\\ml-pipeline\\references\\model-validation.md"
2026-08-31T07:16:28.135822Z  INFO tailwindcss_oxide::scanner: Reading "C:\\Users\\pongo\\Documents\\Default Project\\app\\layout.jsx"
2026-08-31T07:16:28.135837Z  INFO tailwindcss_oxide::scanner: Reading "C:\\Users\\pongo\\Documents\\Default Project\\.opencode\\skills\\spark-engineer\\references\\performance-tuning.md"
2026-08-31T07:16:28.135843Z  INFO tailwindcss_oxide::scanner: Reading "C:\\Users\\pongo\\Documents\\Default Project\\.opencode\\skills\\spring-boot-engineer\\references\\data.md"
2026-08-31T07:16:28.135853Z  INFO tailwindcss_oxide::scanner: Reading "C:\\Users\\pongo\\Documents\\Default Project\\.opencode\\skills\\atlassian-mcp\\SKILL.md"
2026-08-31T07:16:28.135854Z  INFO tailwindcss_oxide::scanner: Reading "C:\\Users\\pongo\\Documents\\Default Project\\.opencode\\skills\\terraform-engineer\\SKILL.md"
2026-08-31T07:16:28.135899Z  INFO tailwindcss_oxide::scanner: Reading "C:\\Users\\pongo\\Documents\\Default Project\\.opencode\\skills\\chaos-engineer\\references\\chaos-tools.md"
2026-08-31T07:16:28.135903Z  INFO tailwindcss_oxide::scanner: Reading "C:\\Users\\pongo\\Documents\\Default Project\\.opencode\\skills\\test-master\\references\\automation-frameworks.md"
2026-08-31T07:16:28.135907Z  INFO tailwindcss_oxide::scanner: Reading "C:\\Users\\pongo\\Documents\\Default Project\\.opencode\\skills\\shrinkage\\agents\\shrink-auditor.md"
2026-08-31T07:16:28.135907Z  INFO tailwindcss_oxide::scanner: Reading "C:\\Users\\pongo\\Documents\\Default Project\\.opencode\\skills\\impeccable\\scripts\\live-browser.js"
2026-08-31T07:16:28.135922Z  INFO tailwindcss_oxide::scanner: Reading "C:\\Users\\pongo\\Documents\\Default Project\\components\\owner\\ApplicantsBoard.jsx"
2026-08-31T07:16:28.135346Z  INFO tailwindcss_oxide::scanner: Reading "C:\\Users\\pongo\\Documents\\Default Project\\.opencode\\skills\\flutter-expert\\references\\project-structure.md"
2026-08-31T07:16:28.135941Z  INFO tailwindcss_oxide::scanner: Reading "C:\\Users\\pongo\\Documents\\Default Project\\lib\\influencer\\trending.js"
2026-08-31T07:16:28.135366Z  INFO tailwindcss_oxide::scanner: Reading "C:\\Users\\pongo\\Documents\\Default Project\\.opencode\\skills\\react-expert\\SKILL.md"
2026-08-31T07:16:28.135966Z  INFO tailwindcss_oxide::scanner: Reading "C:\\Users\\pongo\\Documents\\Default Project\\.opencode\\skills\\spring-boot-engineer\\references\\security.md"
2026-08-31T07:16:28.135965Z  INFO tailwindcss_oxide::scanner: Reading "C:\\Users\\pongo\\Documents\\Default Project\\.opencode\\skills\\shrinkage\\agents\\shrink-surgeon.md"
2026-08-31T07:16:28.135988Z  INFO tailwindcss_oxide::scanner: Reading "C:\\Users\\pongo\\Documents\\Default Project\\docs\\barista-architecture.html"
2026-08-31T07:16:28.135999Z  INFO tailwindcss_oxide::scanner: Reading "C:\\Users\\pongo\\Documents\\Default Project\\app\\login\\page.jsx"
2026-08-31T07:16:28.136000Z  INFO tailwindcss_oxide::scanner: Reading "C:\\Users\\pongo\\Documents\\Default Project\\lib\\influencer\\video.js"
2026-08-31T07:16:28.136004Z  INFO tailwindcss_oxide::scanner: Reading "C:\\Users\\pongo\\Documents\\Default Project\\.opencode\\skills\\chaos-engineer\\references\\experiment-design.md"
2026-08-31T07:16:28.136026Z  INFO tailwindcss_oxide::scanner: Reading "C:\\Users\\pongo\\Documents\\Default Project\\.opencode\\skills\\shrinkage\\agents\\shrink-verifier.md"
2026-08-31T07:16:28.136027Z  INFO tailwindcss_oxide::scanner: Reading "C:\\Users\\pongo\\Documents\\Default Project\\components\\owner\\BusinessForm.jsx"
2026-08-31T07:16:28.136035Z  INFO tailwindcss_oxide::scanner: Reading "C:\\Users\\pongo\\Documents\\Default Project\\eslint.config.mjs"
2026-08-31T07:16:28.136043Z  INFO tailwindcss_oxide::scanner: Reading "C:\\Users\\pongo\\Documents\\Default Project\\lib\\supabase\\client.js"
2026-08-31T07:16:28.135734Z  INFO tailwindcss_oxide::scanner: Reading "C:\\Users\\pongo\\Documents\\Default Project\\.opencode\\skills\\spark-engineer\\references\\spark-sql-dataframes.md"
2026-08-31T07:16:28.136053Z  INFO tailwindcss_oxide::scanner: Reading "C:\\Users\\pongo\\Documents\\Default Project\\.opencode\\skills\\impeccable\\scripts\\live-commit-manual-edits.mjs"
2026-08-31T07:16:28.136057Z  INFO tailwindcss_oxide::scanner: Reading "C:\\Users\\pongo\\Documents\\Default Project\\.opencode\\skills\\chaos-engineer\\references\\game-days.md"
2026-08-31T07:16:28.136070Z  INFO tailwindcss_oxide::scanner: Reading "C:\\Users\\pongo\\Documents\\Default Project\\.agents\\skills\\task-observer\\references\\weekly-review.md"
2026-08-31T07:16:28.136081Z  INFO tailwindcss_oxide::scanner: Reading "C:\\Users\\pongo\\Documents\\Default Project\\fix_fetch.py"
2026-08-31T07:16:28.136085Z  INFO tailwindcss_oxide::scanner: Reading "C:\\Users\\pongo\\Documents\\Default Project\\lib\\supabase\\server.js"
2026-08-31T07:16:28.136086Z  INFO tailwindcss_oxide::scanner: Reading "C:\\Users\\pongo\\Documents\\Default Project\\.opencode\\skills\\react-native-expert\\references\\expo-router.md"
2026-08-31T07:16:28.136096Z  INFO tailwindcss_oxide::scanner: Reading "C:\\Users\\pongo\\Documents\\Default Project\\.opencode\\skills\\spring-boot-engineer\\references\\testing.md"
2026-08-31T07:16:28.136093Z  INFO tailwindcss_oxide::scanner: Reading "C:\\Users\\pongo\\Documents\\Default Project\\.opencode\\skills\\secure-code-guardian\\references\\security-headers.md"
2026-08-31T07:16:28.136118Z  INFO tailwindcss_oxide::scanner: Reading "C:\\Users\\pongo\\Documents\\Default Project\\jsconfig.json"
2026-08-31T07:16:28.136119Z  INFO tailwindcss_oxide::scanner: Reading "C:\\Users\\pongo\\Documents\\Default Project\\.opencode\\skills\\chaos-engineer\\references\\infrastructure-chaos.md"
2026-08-31T07:16:28.136126Z  INFO tailwindcss_oxide::scanner: Reading "C:\\Users\\pongo\\Documents\\Default Project\\lib\\time.js"
2026-08-31T07:16:28.136128Z  INFO tailwindcss_oxide::scanner: Reading "C:\\Users\\pongo\\Documents\\Default Project\\.opencode\\skills\\spark-engineer\\references\\streaming-patterns.md"
2026-08-31T07:16:28.136130Z  INFO tailwindcss_oxide::scanner: Reading "C:\\Users\\pongo\\Documents\\Default Project\\components\\search\\BaristaDirectory.jsx"
2026-08-31T07:16:28.135961Z  INFO tailwindcss_oxide::scanner: Reading "C:\\Users\\pongo\\Documents\\Default Project\\.opencode\\skills\\test-master\\references\\e2e-testing.md"
2026-08-31T07:16:28.136147Z  INFO tailwindcss_oxide::scanner: Reading "C:\\Users\\pongo\\Documents\\Default Project\\.opencode\\skills\\impeccable\\scripts\\live-complete.mjs"
2026-08-31T07:16:28.136151Z  INFO tailwindcss_oxide::scanner: Reading "C:\\Users\\pongo\\Documents\\Default Project\\.opencode\\skills\\secure-code-guardian\\references\\xss-csrf.md"
2026-08-31T07:16:28.136162Z  INFO tailwindcss_oxide::scanner: Reading "C:\\Users\\pongo\\Documents\\Default Project\\lib\\ai.js"
2026-08-31T07:16:28.136163Z  INFO tailwindcss_oxide::scanner: Reading "C:\\Users\\pongo\\Documents\\Default Project\\lib\\validation.js"
2026-08-31T07:16:28.136171Z  INFO tailwindcss_oxide::scanner: Reading "C:\\Users\\pongo\\Documents\\Default Project\\.agents\\skills\\task-observer\\SKILL.md"
2026-08-31T07:16:28.136202Z  INFO tailwindcss_oxide::scanner: Reading "C:\\Users\\pongo\\Documents\\Default Project\\.opencode\\skills\\test-master\\references\\integration-testing.md"
2026-08-31T07:16:28.136207Z  INFO tailwindcss_oxide::scanner: Reading "C:\\Users\\pongo\\Documents\\Default Project\\lib\\constants.js"
2026-08-31T07:16:28.136206Z  INFO tailwindcss_oxide::scanner: Reading "C:\\Users\\pongo\\Documents\\Default Project\\.opencode\\skills\\react-native-expert\\references\\list-optimization.md"
2026-08-31T07:16:28.136217Z  INFO tailwindcss_oxide::scanner: Reading "C:\\Users\\pongo\\Documents\\Default Project\\middleware.js"
2026-08-31T07:16:28.136220Z  INFO tailwindcss_oxide::scanner: Reading "C:\\Users\\pongo\\Documents\\Default Project\\.opencode\\skills\\shrinkage\\ARCHITECTURE.md"
2026-08-31T07:16:28.136223Z  INFO tailwindcss_oxide::scanner: Reading "C:\\Users\\pongo\\Documents\\Default Project\\.opencode\\skills\\secure-code-guardian\\SKILL.md"
2026-08-31T07:16:28.136041Z  INFO tailwindcss_oxide::scanner: Reading "C:\\Users\\pongo\\Documents\\Default Project\\app\\messages\\page.jsx"
2026-08-31T07:16:28.136244Z  INFO tailwindcss_oxide::scanner: Reading "C:\\Users\\pongo\\Documents\\Default Project\\lib\\image.js"
2026-08-31T07:16:28.136221Z  INFO tailwindcss_oxide::scanner: Reading "C:\\Users\\pongo\\Documents\\Default Project\\.opencode\\skills\\spring-boot-engineer\\references\\web.md"
2026-08-31T07:16:28.136275Z  INFO tailwindcss_oxide::scanner: Reading "C:\\Users\\pongo\\Documents\\Default Project\\.opencode\\agents\\api-designer.md"
2026-08-31T07:16:28.136278Z  INFO tailwindcss_oxide::scanner: Reading "C:\\Users\\pongo\\Documents\\Default Project\\.opencode\\skills\\chaos-engineer\\references\\kubernetes-chaos.md"
2026-08-31T07:16:28.136285Z  INFO tailwindcss_oxide::scanner: Reading "C:\\Users\\pongo\\Documents\\Default Project\\.opencode\\skills\\security-reviewer\\references\\infrastructure-security.md"
2026-08-31T07:16:28.136288Z  INFO tailwindcss_oxide::scanner: Reading "C:\\Users\\pongo\\Documents\\Default Project\\.opencode\\skills\\spark-engineer\\SKILL.md"
2026-08-31T07:16:28.136277Z  INFO tailwindcss_oxide::scanner: Reading "C:\\Users\\pongo\\Documents\\Default Project\\.opencode\\skills\\ml-pipeline\\references\\pipeline-orchestration.md"
2026-08-31T07:16:28.136220Z  INFO tailwindcss_oxide::scanner: Reading "C:\\Users\\pongo\\Documents\\Default Project\\components\\ui\\Avatar.jsx"
2026-08-31T07:16:28.135913Z  INFO tailwindcss_oxide::scanner: Reading "C:\\Users\\pongo\\Documents\\Default Project\\.opencode\\skills\\spark-engineer\\references\\rdd-operations.md"
2026-08-31T07:16:28.136330Z  INFO tailwindcss_oxide::scanner: Reading "C:\\Users\\pongo\\Documents\\Default Project\\.opencode\\skills\\security-reviewer\\references\\penetration-testing.md"
2026-08-31T07:16:28.136334Z  INFO tailwindcss_oxide::scanner: Reading "C:\\Users\\pongo\\Documents\\Default Project\\.opencode\\agents\\backend-architect.md"
2026-08-31T07:16:28.136341Z  INFO tailwindcss_oxide::scanner: Reading "C:\\Users\\pongo\\Documents\\Default Project\\.opencode\\skills\\spec-miner\\references\\analysis-checklist.md"
2026-08-31T07:16:28.136297Z  INFO tailwindcss_oxide::scanner: Reading "C:\\Users\\pongo\\Documents\\Default Project\\lib\\influencer\\danceMotion.js"
2026-08-31T07:16:28.136361Z  INFO tailwindcss_oxide::scanner: Reading "C:\\Users\\pongo\\Documents\\Default Project\\n8n-workflow.json"
2026-08-31T07:16:28.136370Z  INFO tailwindcss_oxide::scanner: Reading "C:\\Users\\pongo\\Documents\\Default Project\\.opencode\\skills\\shrinkage\\evals\\evals.json"
2026-08-31T07:16:28.136373Z  INFO tailwindcss_oxide::scanner: Reading "C:\\Users\\pongo\\Documents\\Default Project\\.opencode\\skills\\spring-boot-engineer\\SKILL.md"
2026-08-31T07:16:28.136380Z  INFO tailwindcss_oxide::scanner: Reading "C:\\Users\\pongo\\Documents\\Default Project\\.opencode\\skills\\security-reviewer\\references\\report-template.md"
2026-08-31T07:16:28.136289Z  INFO tailwindcss_oxide::scanner: Reading "C:\\Users\\pongo\\Documents\\Default Project\\app\\messages\\[id]\\page.jsx"
2026-08-31T07:16:28.136394Z  INFO tailwindcss_oxide::scanner: Reading "C:\\Users\\pongo\\Documents\\Default Project\\.opencode\\agents\\code-reviewer.md"
2026-08-31T07:16:28.136397Z  INFO tailwindcss_oxide::scanner: Reading "C:\\Users\\pongo\\Documents\\Default Project\\lib\\influencer\\faceswap.js"
2026-08-31T07:16:28.136331Z  INFO tailwindcss_oxide::scanner: Reading "C:\\Users\\pongo\\Documents\\Default Project\\.opencode\\skills\\react-native-expert\\references\\platform-handling.md"
2026-08-31T07:16:28.136419Z  INFO tailwindcss_oxide::scanner: Reading "C:\\Users\\pongo\\Documents\\Default Project\\.opencode\\skills\\shrinkage\\evals\\fixtures\\js-repo\\src\\notify\\notifier.js"
2026-08-31T07:16:28.136426Z  INFO tailwindcss_oxide::scanner: Reading "C:\\Users\\pongo\\Documents\\Default Project\\netlify.toml"
2026-08-31T07:16:28.136395Z  INFO tailwindcss_oxide::scanner: Reading "C:\\Users\\pongo\\Documents\\Default Project\\components\\ui\\Badge.jsx"
2026-08-31T07:16:28.136382Z  INFO tailwindcss_oxide::scanner: Reading "C:\\Users\\pongo\\Documents\\Default Project\\.opencode\\skills\\spec-miner\\references\\analysis-process.md"
2026-08-31T07:16:28.136455Z  INFO tailwindcss_oxide::scanner: Reading "C:\\Users\\pongo\\Documents\\Default Project\\.opencode\\skills\\sql-pro\\references\\database-design.md"
2026-08-31T07:16:28.136459Z  INFO tailwindcss_oxide::scanner: Reading "C:\\Users\\pongo\\Documents\\Default Project\\.opencode\\skills\\shrinkage\\evals\\fixtures\\js-repo\\src\\notify\\transport.js"
2026-08-31T07:16:28.136451Z  INFO tailwindcss_oxide::scanner: Reading "C:\\Users\\pongo\\Documents\\Default Project\\.opencode\\skills\\ml-pipeline\\references\\training-pipelines.md"
2026-08-31T07:16:28.136342Z  INFO tailwindcss_oxide::scanner: Reading "C:\\Users\\pongo\\Documents\\Default Project\\.opencode\\skills\\chaos-engineer\\SKILL.md"
2026-08-31T07:16:28.136294Z  INFO tailwindcss_oxide::scanner: Reading "C:\\Users\\pongo\\Documents\\Default Project\\.opencode\\skills\\sre-engineer\\references\\automation-toil.md"
2026-08-31T07:16:28.136445Z  INFO tailwindcss_oxide::scanner: Reading "C:\\Users\\pongo\\Documents\\Default Project\\lib\\influencer\\geminiImage.js"
2026-08-31T07:16:28.136531Z  INFO tailwindcss_oxide::scanner: Reading "C:\\Users\\pongo\\Documents\\Default Project\\.opencode\\skills\\pandas-pro\\references\\merging-joining.md"
2026-08-31T07:16:28.136536Z  INFO tailwindcss_oxide::scanner: Reading "C:\\Users\\pongo\\Documents\\Default Project\\.opencode\\skills\\sql-pro\\references\\dialect-differences.md"
2026-08-31T07:16:28.136539Z  INFO tailwindcss_oxide::scanner: Reading "C:\\Users\\pongo\\Documents\\Default Project\\.opencode\\skills\\spec-miner\\references\\ears-format.md"
2026-08-31T07:16:28.136548Z  INFO tailwindcss_oxide::scanner: Reading "C:\\Users\\pongo\\Documents\\Default Project\\.opencode\\skills\\cli-developer\\references\\design-patterns.md"
2026-08-31T07:16:28.136450Z  INFO tailwindcss_oxide::scanner: Reading "C:\\Users\\pongo\\Documents\\Default Project\\app\\onboarding\\barista\\page.jsx"
2026-08-31T07:16:28.136570Z  INFO tailwindcss_oxide::scanner: Reading "C:\\Users\\pongo\\Documents\\Default Project\\lib\\influencer\\pollinations.js"
2026-08-31T07:16:28.136570Z  INFO tailwindcss_oxide::scanner: Reading "C:\\Users\\pongo\\Documents\\Default Project\\components\\ui\\Button.jsx"
2026-08-31T07:16:28.136514Z  INFO tailwindcss_oxide::scanner: Reading "C:\\Users\\pongo\\Documents\\Default Project\\.opencode\\skills\\wordpress-pro\\references\\plugin-architecture.md"
2026-08-31T07:16:28.136596Z  INFO tailwindcss_oxide::scanner: Reading "C:\\Users\\pongo\\Documents\\Default Project\\.opencode\\skills\\spec-miner\\references\\specification-template.md"
2026-08-31T07:16:28.136476Z  INFO tailwindcss_oxide::scanner: Reading "C:\\Users\\pongo\\Documents\\Default Project\\next.config.mjs"
2026-08-31T07:16:28.136621Z  INFO tailwindcss_oxide::scanner: Reading "C:\\Users\\pongo\\Documents\\Default Project\\.opencode\\skills\\ml-pipeline\\SKILL.md"
2026-08-31T07:16:28.136628Z  INFO tailwindcss_oxide::scanner: Reading "C:\\Users\\pongo\\Documents\\Default Project\\.opencode\\skills\\cli-developer\\references\\go-cli.md"
2026-08-31T07:16:28.136545Z  INFO tailwindcss_oxide::scanner: Reading "C:\\Users\\pongo\\Documents\\Default Project\\.opencode\\skills\\react-native-expert\\references\\project-structure.md"
2026-08-31T07:16:28.136488Z  INFO tailwindcss_oxide::scanner: Reading "C:\\Users\\pongo\\Documents\\Default Project\\.opencode\\skills\\security-reviewer\\references\\sast-tools.md"
2026-08-31T07:16:28.136666Z  INFO tailwindcss_oxide::scanner: Reading "C:\\Users\\pongo\\Documents\\Default Project\\components\\ui\\EmptyState.jsx"
2026-08-31T07:16:28.136606Z  INFO tailwindcss_oxide::scanner: Reading "C:\\Users\\pongo\\Documents\\Default Project\\.opencode\\skills\\sql-pro\\references\\optimization.md"
2026-08-31T07:16:28.136610Z  INFO tailwindcss_oxide::scanner: Reading "C:\\Users\\pongo\\Documents\\Default Project\\lib\\influencer\\publish.js"
2026-08-31T07:16:28.136701Z  INFO tailwindcss_oxide::scanner: Reading "C:\\Users\\pongo\\Documents\\Default Project\\.opencode\\skills\\monitoring-expert\\references\\alerting-rules.md"
2026-08-31T07:16:28.136707Z  INFO tailwindcss_oxide::scanner: Reading "C:\\Users\\pongo\\Documents\\Default Project\\.opencode\\skills\\react-native-expert\\references\\storage-hooks.md"
2026-08-31T07:16:28.136505Z  INFO tailwindcss_oxide::scanner: Reading "C:\\Users\\pongo\\Documents\\Default Project\\.opencode\\skills\\shrinkage\\evals\\fixtures\\js-repo\\tests\\notifier.test.js"
2026-08-31T07:16:28.136728Z  INFO tailwindcss_oxide::scanner: Reading "C:\\Users\\pongo\\Documents\\Default Project\\.opencode\\skills\\cli-developer\\references\\node-cli.md"
2026-08-31T07:16:28.136311Z  INFO tailwindcss_oxide::scanner: Reading "C:\\Users\\pongo\\Documents\\Default Project\\.opencode\\skills\\test-master\\references\\performance-testing.md"
2026-08-31T07:16:28.136453Z  INFO tailwindcss_oxide::scanner: Reading "C:\\Users\\pongo\\Documents\\Default Project\\.opencode\\agents\\content-creator.md"
2026-08-31T07:16:28.136753Z  INFO tailwindcss_oxide::scanner: Reading "C:\\Users\\pongo\\Documents\\Default Project\\components\\ui\\Field.jsx"
2026-08-31T07:16:28.136634Z  INFO tailwindcss_oxide::scanner: Reading "C:\\Users\\pongo\\Documents\\Default Project\\app\\onboarding\\owner\\page.jsx"
2026-08-31T07:16:28.136770Z  INFO tailwindcss_oxide::scanner: Reading "C:\\Users\\pongo\\Documents\\Default Project\\.opencode\\skills\\react-native-expert\\SKILL.md"
2026-08-31T07:16:28.136770Z  INFO tailwindcss_oxide::scanner: Reading "C:\\Users\\pongo\\Documents\\Default Project\\.opencode\\skills\\monitoring-expert\\references\\application-profiling.md"
2026-08-31T07:16:28.136654Z  INFO tailwindcss_oxide::scanner: Reading "C:\\Users\\pongo\\Documents\\Default Project\\.opencode\\skills\\shrinkage\\rules\\javascript.md"
2026-08-31T07:16:28.136791Z  INFO tailwindcss_oxide::scanner: Reading "C:\\Users\\pongo\\Documents\\Default Project\\.opencode\\skills\\swift-expert\\references\\async-concurrency.md"
2026-08-31T07:16:28.136670Z  INFO tailwindcss_oxide::scanner: Reading "C:\\Users\\pongo\\Documents\\Default Project\\.opencode\\skills\\pandas-pro\\references\\performance-optimization.md"
2026-08-31T07:16:28.136805Z  INFO tailwindcss_oxide::scanner: Reading "C:\\Users\\pongo\\Documents\\Default Project\\.opencode\\skills\\test-master\\references\\qa-methodology.md"
2026-08-31T07:16:28.136816Z  INFO tailwindcss_oxide::scanner: Reading "C:\\Users\\pongo\\Documents\\Default Project\\.opencode\\skills\\cli-developer\\references\\python-cli.md"
2026-08-31T07:16:28.136663Z  INFO tailwindcss_oxide::scanner: Reading "C:\\Users\\pongo\\Documents\\Default Project\\.opencode\\skills\\sre-engineer\\references\\error-budget-policy.md"
2026-08-31T07:16:28.136850Z  INFO tailwindcss_oxide::scanner: Reading "C:\\Users\\pongo\\Documents\\Default Project\\.opencode\\skills\\wordpress-pro\\references\\theme-development.md"
2026-08-31T07:16:28.136858Z  INFO tailwindcss_oxide::scanner: Reading "C:\\Users\\pongo\\Documents\\Default Project\\.opencode\\skills\\swift-expert\\references\\memory-performance.md"
2026-08-31T07:16:28.136714Z  INFO tailwindcss_oxide::scanner: Reading "C:\\Users\\pongo\\Documents\\Default Project\\package.json"
2026-08-31T07:16:28.136738Z  INFO tailwindcss_oxide::scanner: Reading "C:\\Users\\pongo\\Documents\\Default Project\\.opencode\\skills\\prompt-engineer\\references\\structured-outputs.md"
2026-08-31T07:16:28.136744Z  INFO tailwindcss_oxide::scanner: Reading "C:\\Users\\pongo\\Documents\\Default Project\\.opencode\\skills\\sql-pro\\references\\query-patterns.md"
2026-08-31T07:16:28.136898Z  INFO tailwindcss_oxide::scanner: Reading "C:\\Users\\pongo\\Documents\\Default Project\\.opencode\\skills\\cli-developer\\references\\ux-patterns.md"
2026-08-31T07:16:28.136838Z  INFO tailwindcss_oxide::scanner: Reading "C:\\Users\\pongo\\Documents\\Default Project\\components\\ui\\Sheet.jsx"
2026-08-31T07:16:28.136918Z  INFO tailwindcss_oxide::scanner: Reading "C:\\Users\\pongo\\Documents\\Default Project\\.opencode\\skills\\swift-expert\\references\\protocol-oriented.md"
2026-08-31T07:16:28.136722Z  INFO tailwindcss_oxide::scanner: Reading "C:\\Users\\pongo\\Documents\\Default Project\\.opencode\\skills\\security-reviewer\\references\\secret-scanning.md"
2026-08-31T07:16:28.136930Z  INFO tailwindcss_oxide::scanner: Reading "C:\\Users\\pongo\\Documents\\Default Project\\.opencode\\skills\\rust-engineer\\references\\async.md"
2026-08-31T07:16:28.136959Z  INFO tailwindcss_oxide::scanner: Reading "C:\\Users\\pongo\\Documents\\Default Project\\.opencode\\skills\\sql-pro\\references\\window-functions.md"
2026-08-31T07:16:28.136968Z  INFO tailwindcss_oxide::scanner: Reading "C:\\Users\\pongo\\Documents\\Default Project\\.opencode\\skills\\sre-engineer\\references\\incident-chaos.md"
2026-08-31T07:16:28.136982Z  INFO tailwindcss_oxide::scanner: Reading "C:\\Users\\pongo\\Documents\\Default Project\\.opencode\\skills\\cli-developer\\SKILL.md"
2026-08-31T07:16:28.136905Z  INFO tailwindcss_oxide::scanner: Reading "C:\\Users\\pongo\\Documents\\Default Project\\.opencode\\skills\\test-master\\references\\security-testing.md"
2026-08-31T07:16:28.136999Z  INFO tailwindcss_oxide::scanner: Reading "C:\\Users\\pongo\\Documents\\Default Project\\components\\ui\\Skeleton.jsx"
2026-08-31T07:16:28.136999Z  INFO tailwindcss_oxide::scanner: Reading "C:\\Users\\pongo\\Documents\\Default Project\\.opencode\\skills\\wordpress-pro\\SKILL.md"
2026-08-31T07:16:28.137015Z  INFO tailwindcss_oxide::scanner: Reading "C:\\Users\\pongo\\Documents\\Default Project\\.opencode\\skills\\prompt-engineer\\references\\system-prompts.md"
2026-08-31T07:16:28.137021Z  INFO tailwindcss_oxide::scanner: Reading "C:\\Users\\pongo\\Documents\\Default Project\\.opencode\\skills\\sql-pro\\SKILL.md"
2026-08-31T07:16:28.136853Z  INFO tailwindcss_oxide::scanner: Reading "C:\\Users\\pongo\\Documents\\Default Project\\.opencode\\skills\\monitoring-expert\\references\\capacity-planning.md"
2026-08-31T07:16:28.137036Z  INFO tailwindcss_oxide::scanner: Reading "C:\\Users\\pongo\\Documents\\Default Project\\.opencode\\skills\\cloud-architect\\references\\aws.md"
2026-08-31T07:16:28.136885Z  INFO tailwindcss_oxide::scanner: Reading "C:\\Users\\pongo\\Documents\\Default Project\\.opencode\\skills\\shrinkage\\rules\\kotlin.md"
2026-08-31T07:16:28.137052Z  INFO tailwindcss_oxide::scanner: Reading "C:\\Users\\pongo\\Documents\\Default Project\\components\\ui\\toast.jsx"
2026-08-31T07:16:28.137052Z  INFO tailwindcss_oxide::scanner: Reading "C:\\Users\\pongo\\Documents\\Default Project\\.opencode\\skills\\sre-engineer\\references\\monitoring-alerting.md"
2026-08-31T07:16:28.137076Z  INFO tailwindcss_oxide::scanner: Reading "C:\\Users\\pongo\\Documents\\Default Project\\AGENTS.md"
2026-08-31T07:16:28.136971Z  INFO tailwindcss_oxide::scanner: Reading "C:\\Users\\pongo\\Documents\\Default Project\\plan.md"
2026-08-31T07:16:28.136990Z  INFO tailwindcss_oxide::scanner: Reading "C:\\Users\\pongo\\Documents\\Default Project\\.opencode\\skills\\security-reviewer\\references\\vulnerability-patterns.md"
2026-08-31T07:16:28.136992Z  INFO tailwindcss_oxide::scanner: Reading "C:\\Users\\pongo\\Documents\\Default Project\\.opencode\\skills\\swift-expert\\references\\swiftui-patterns.md"
2026-08-31T07:16:28.136907Z  INFO tailwindcss_oxide::scanner: Reading "C:\\Users\\pongo\\Documents\\Default Project\\.opencode\\skills\\pandas-pro\\SKILL.md"
2026-08-31T07:16:28.137157Z  INFO tailwindcss_oxide::scanner: Reading "C:\\Users\\pongo\\Documents\\Default Project\\postcss.config.mjs"
2026-08-31T07:16:28.137172Z  INFO tailwindcss_oxide::scanner: Reading "C:\\Users\\pongo\\Documents\\Default Project\\.opencode\\skills\\security-reviewer\\SKILL.md"
2026-08-31T07:16:28.137188Z  INFO tailwindcss_oxide::scanner: Reading "C:\\Users\\pongo\\Documents\\Default Project\\.opencode\\skills\\php-pro\\references\\async-patterns.md"
2026-08-31T07:16:28.136832Z  INFO tailwindcss_oxide::scanner: Reading "C:\\Users\\pongo\\Documents\\Default Project\\app\\page.jsx"
2026-08-31T07:16:28.137074Z  INFO tailwindcss_oxide::scanner: Reading "C:\\Users\\pongo\\Documents\\Default Project\\.opencode\\skills\\rust-engineer\\references\\error-handling.md"
2026-08-31T07:16:28.137227Z  INFO tailwindcss_oxide::scanner: Reading "C:\\Users\\pongo\\Documents\\Default Project\\.opencode\\skills\\shopify-expert\\references\\app-development.md"
2026-08-31T07:16:28.137080Z  INFO tailwindcss_oxide::scanner: Reading "C:\\Users\\pongo\\Documents\\Default Project\\.opencode\\skills\\shrinkage\\scripts\\gatelog.py"
2026-08-31T07:16:28.137134Z  INFO tailwindcss_oxide::scanner: Reading "C:\\Users\\pongo\\Documents\\Default Project\\app\\api\\ai\\autorespond\\route.js"
2026-08-31T07:16:28.137124Z  INFO tailwindcss_oxide::scanner: Reading "C:\\Users\\pongo\\Documents\\Default Project\\.opencode\\skills\\sre-engineer\\references\\slo-sli-management.md"
2026-08-31T07:16:28.137203Z  INFO tailwindcss_oxide::scanner: Reading "C:\\Users\\pongo\\Documents\\Default Project\\.opencode\\skills\\swift-expert\\references\\testing-patterns.md"
2026-08-31T07:16:28.136823Z  INFO tailwindcss_oxide::scanner: Reading "C:\\Users\\pongo\\Documents\\Default Project\\.opencode\\skills\\shrinkage\\evals\\fixtures\\php-repo\\src\\Auth\\SessionManager.php"
2026-08-31T07:16:28.137303Z  INFO tailwindcss_oxide::scanner: Reading "C:\\Users\\pongo\\Documents\\Default Project\\.opencode\\skills\\rust-engineer\\references\\ownership.md"
2026-08-31T07:16:28.137084Z  INFO tailwindcss_oxide::scanner: Reading "C:\\Users\\pongo\\Documents\\Default Project\\.opencode\\skills\\cloud-architect\\references\\azure.md"
2026-08-31T07:16:28.137329Z  INFO tailwindcss_oxide::scanner: Reading "C:\\Users\\pongo\\Documents\\Default Project\\app\\api\\ai\\suggest\\route.js"
2026-08-31T07:16:28.137342Z  INFO tailwindcss_oxide::scanner: Reading "C:\\Users\\pongo\\Documents\\Default Project\\.opencode\\skills\\shrinkage\\evals\\fixtures\\php-repo\\tests\\SessionManagerTest.php"
2026-08-31T07:16:28.137341Z  INFO tailwindcss_oxide::scanner: Reading "C:\\Users\\pongo\\Documents\\Default Project\\.opencode\\skills\\shrinkage\\scripts\\ledger.py"
2026-08-31T07:16:28.137356Z  INFO tailwindcss_oxide::scanner: Reading "C:\\Users\\pongo\\Documents\\Default Project\\.opencode\\skills\\rust-engineer\\references\\testing.md"
2026-08-31T07:16:28.137368Z  INFO tailwindcss_oxide::scanner: Reading "C:\\Users\\pongo\\Documents\\Default Project\\.opencode\\skills\\shopify-expert\\references\\checkout-customization.md"
2026-08-31T07:16:28.137383Z  INFO tailwindcss_oxide::scanner: Reading "C:\\Users\\pongo\\Documents\\Default Project\\.opencode\\skills\\shrinkage\\evals\\fixtures\\python-repo\\src\\reports\\exporter.py"
2026-08-31T07:16:28.137389Z  INFO tailwindcss_oxide::scanner: Reading "C:\\Users\\pongo\\Documents\\Default Project\\app\\api\\cron\\influencer\\route.js"
2026-08-31T07:16:28.137423Z  INFO tailwindcss_oxide::scanner: Reading "C:\\Users\\pongo\\Documents\\Default Project\\.opencode\\skills\\shrinkage\\evals\\fixtures\\python-repo\\tests\\test_exporter.py"
2026-08-31T07:16:28.137430Z  INFO tailwindcss_oxide::scanner: Reading "C:\\Users\\pongo\\Documents\\Default Project\\.opencode\\skills\\rust-engineer\\references\\traits.md"
2026-08-31T07:16:28.137431Z  INFO tailwindcss_oxide::scanner: Reading "C:\\Users\\pongo\\Documents\\Default Project\\.opencode\\skills\\swift-expert\\SKILL.md"
2026-08-31T07:16:28.137444Z  INFO tailwindcss_oxide::scanner: Reading "C:\\Users\\pongo\\Documents\\Default Project\\app\\api\\influencer\\character\\route.js"
2026-08-31T07:16:28.137447Z  INFO tailwindcss_oxide::scanner: Reading "C:\\Users\\pongo\\Documents\\Default Project\\.opencode\\skills\\sre-engineer\\SKILL.md"
2026-08-31T07:16:28.137468Z  INFO tailwindcss_oxide::scanner: Reading "C:\\Users\\pongo\\Documents\\Default Project\\.opencode\\skills\\shrinkage\\references\\ci-integration.md"
2026-08-31T07:16:28.137495Z  INFO tailwindcss_oxide::scanner: Reading "C:\\Users\\pongo\\Documents\\Default Project\\public\\archify\\barista.html"
2026-08-31T07:16:28.137499Z  INFO tailwindcss_oxide::scanner: Reading "C:\\Users\\pongo\\Documents\\Default Project\\.opencode\\skills\\rust-engineer\\SKILL.md"
2026-08-31T07:16:28.137504Z  INFO tailwindcss_oxide::scanner: Reading "C:\\Users\\pongo\\Documents\\Default Project\\app\\api\\influencer\\generate\\route.js"
2026-08-31T07:16:28.137506Z  INFO tailwindcss_oxide::scanner: Reading "C:\\Users\\pongo\\Documents\\Default Project\\.opencode\\skills\\shopify-expert\\references\\liquid-templating.md"
2026-08-31T07:16:28.137514Z  INFO tailwindcss_oxide::scanner: Reading "C:\\Users\\pongo\\Documents\\Default Project\\.opencode\\skills\\terraform-engineer\\references\\best-practices.md"
2026-08-31T07:16:28.137523Z  INFO tailwindcss_oxide::scanner: Reading "C:\\Users\\pongo\\Documents\\Default Project\\.opencode\\skills\\shrinkage\\references\\consolidation-catalog.md"
2026-08-31T07:16:28.137097Z  INFO tailwindcss_oxide::scanner: Reading "C:\\Users\\pongo\\Documents\\Default Project\\.opencode\\skills\\monitoring-expert\\references\\dashboards.md"
2026-08-31T07:16:28.137103Z  INFO tailwindcss_oxide::scanner: Reading "C:\\Users\\pongo\\Documents\\Default Project\\components\\ui\\Toggle.jsx"
2026-08-31T07:16:28.137250Z  INFO tailwindcss_oxide::scanner: Reading "C:\\Users\\pongo\\Documents\\Default Project\\.opencode\\skills\\php-pro\\references\\laravel-patterns.md"
2026-08-31T07:16:28.137110Z  INFO tailwindcss_oxide::scanner: Reading "C:\\Users\\pongo\\Documents\\Default Project\\.opencode\\skills\\test-master\\references\\tdd-iron-laws.md"
2026-08-31T07:16:28.137299Z  INFO tailwindcss_oxide::scanner: Reading "C:\\Users\\pongo\\Documents\\Default Project\\app\\page_dark.jsx"
2026-08-31T07:16:28.137102Z  INFO tailwindcss_oxide::scanner: Reading "C:\\Users\\pongo\\Documents\\Default Project\\.opencode\\skills\\prompt-engineer\\SKILL.md"
2026-08-31T07:16:28.137580Z  INFO tailwindcss_oxide::scanner: Reading "C:\\Users\\pongo\\Documents\\Default Project\\app\\barista\\[id]\\page.jsx"
2026-08-31T07:16:28.137524Z  INFO tailwindcss_oxide::scanner: Reading "C:\\Users\\pongo\\Documents\\Default Project\\.opencode\\skills\\cloud-architect\\references\\cost.md"
2026-08-31T07:16:28.137535Z  INFO tailwindcss_oxide::scanner: Reading "C:\\Users\\pongo\\Documents\\Default Project\\.opencode\\skills\\shrinkage\\scripts\\lsp_refs.py"
2026-08-31T07:16:28.137103Z  INFO tailwindcss_oxide::scanner: Reading "C:\\Users\\pongo\\Documents\\Default Project\\.opencode\\skills\\shrinkage\\rules\\php.md"
2026-08-31T07:16:28.137620Z  INFO tailwindcss_oxide::scanner: Reading "C:\\Users\\pongo\\Documents\\Default Project\\app\\dashboard\\barista\\applications\\page.jsx"
2026-08-31T07:16:28.137635Z  INFO tailwindcss_oxide::scanner: Reading "C:\\Users\\pongo\\Documents\\Default Project\\public\\window.svg"
2026-08-31T07:16:28.137670Z  INFO tailwindcss_oxide::scanner: Reading "C:\\Users\\pongo\\Documents\\Default Project\\.opencode\\skills\\shrinkage\\scripts\\parsers\\go_lang.py"
2026-08-31T07:16:28.137676Z  INFO tailwindcss_oxide::scanner: Reading "C:\\Users\\pongo\\Documents\\Default Project\\.opencode\\skills\\shopify-expert\\references\\performance-optimization.md"
2026-08-31T07:16:28.137679Z  INFO tailwindcss_oxide::scanner: Reading "C:\\Users\\pongo\\Documents\\Default Project\\app\\dashboard\\barista\\layout.jsx"
2026-08-31T07:16:28.137688Z  INFO tailwindcss_oxide::scanner: Reading "C:\\Users\\pongo\\Documents\\Default Project\\README.md"
2026-08-31T07:16:28.137698Z  INFO tailwindcss_oxide::scanner: Reading "C:\\Users\\pongo\\Documents\\Default Project\\.opencode\\skills\\monitoring-expert\\references\\opentelemetry.md"
2026-08-31T07:16:28.137711Z  INFO tailwindcss_oxide::scanner: Reading "C:\\Users\\pongo\\Documents\\Default Project\\.opencode\\skills\\shrinkage\\references\\context-management.md"
2026-08-31T07:16:28.137712Z  INFO tailwindcss_oxide::scanner: Reading "C:\\Users\\pongo\\Documents\\Default Project\\.opencode\\skills\\salesforce-developer\\references\\integration-patterns.md"
2026-08-31T07:16:28.137714Z  INFO tailwindcss_oxide::scanner: Reading "C:\\Users\\pongo\\Documents\\Default Project\\.opencode\\skills\\rag-architect\\references\\vector-databases.md"
2026-08-31T07:16:28.137728Z  INFO tailwindcss_oxide::scanner: Reading "C:\\Users\\pongo\\Documents\\Default Project\\.opencode\\skills\\shrinkage\\scripts\\parsers\\javascript.py"
2026-08-31T07:16:28.137728Z  INFO tailwindcss_oxide::scanner: Reading "C:\\Users\\pongo\\Documents\\Default Project\\.opencode\\skills\\php-pro\\references\\modern-php-features.md"
2026-08-31T07:16:28.137746Z  INFO tailwindcss_oxide::scanner: Reading "C:\\Users\\pongo\\Documents\\Default Project\\SETUP.md"
2026-08-31T07:16:28.137753Z  INFO tailwindcss_oxide::scanner: Reading "C:\\Users\\pongo\\Documents\\Default Project\\.opencode\\skills\\salesforce-developer\\references\\apex-development.md"
2026-08-31T07:16:28.137781Z  INFO tailwindcss_oxide::scanner: Reading "C:\\Users\\pongo\\Documents\\Default Project\\.opencode\\skills\\shrinkage\\scripts\\parsers\\java_like.py"
2026-08-31T07:16:28.137803Z  INFO tailwindcss_oxide::scanner: Reading "C:\\Users\\pongo\\Documents\\Default Project\\app\\signup\\page.jsx"
2026-08-31T07:16:28.137809Z  INFO tailwindcss_oxide::scanner: Reading "C:\\Users\\pongo\\Documents\\Default Project\\.opencode\\skills\\php-pro\\references\\symfony-patterns.md"
2026-08-31T07:16:28.137811Z  INFO tailwindcss_oxide::scanner: Reading "C:\\Users\\pongo\\Documents\\Default Project\\.opencode\\skills\\monitoring-expert\\references\\performance-testing.md"
2026-08-31T07:16:28.137754Z  INFO tailwindcss_oxide::scanner: Reading "C:\\Users\\pongo\\Documents\\Default Project\\app\\dashboard\\barista\\page.jsx"
2026-08-31T07:16:28.137830Z  INFO tailwindcss_oxide::scanner: Reading "C:\\Users\\pongo\\Documents\\Default Project\\.opencode\\skills\\shopify-expert\\references\\storefront-api.md"
2026-08-31T07:16:28.137834Z  INFO tailwindcss_oxide::scanner: Reading "C:\\Users\\pongo\\Documents\\Default Project\\.opencode\\skills\\cloud-architect\\references\\gcp.md"
2026-08-31T07:16:28.137850Z  INFO tailwindcss_oxide::scanner: Reading "C:\\Users\\pongo\\Documents\\Default Project\\skills-lock.json"
2026-08-31T07:16:28.137851Z  INFO tailwindcss_oxide::scanner: Reading "C:\\Users\\pongo\\Documents\\Default Project\\.opencode\\skills\\rag-architect\\SKILL.md"
2026-08-31T07:16:28.137816Z  INFO tailwindcss_oxide::scanner: Reading "C:\\Users\\pongo\\Documents\\Default Project\\public\\archify\\index.html"
2026-08-31T07:16:28.137812Z  INFO tailwindcss_oxide::scanner: Reading "C:\\Users\\pongo\\Documents\\Default Project\\.opencode\\skills\\shrinkage\\rules\\python.md"
2026-08-31T07:16:28.137897Z  INFO tailwindcss_oxide::scanner: Reading "C:\\Users\\pongo\\Documents\\Default Project\\supabase\\.temp\\cli-latest"
2026-08-31T07:16:28.137898Z  INFO tailwindcss_oxide::scanner: Reading "C:\\Users\\pongo\\Documents\\Default Project\\app\\dashboard\\barista\\profile\\page.jsx"
2026-08-31T07:16:28.137902Z  INFO tailwindcss_oxide::scanner: Reading "C:\\Users\\pongo\\Documents\\Default Project\\.opencode\\skills\\php-pro\\references\\testing-quality.md"
2026-08-31T07:16:28.137867Z  INFO tailwindcss_oxide::scanner: Reading "C:\\Users\\pongo\\Documents\\Default Project\\app\\update-password\\page.jsx"
2026-08-31T07:16:28.137931Z  INFO tailwindcss_oxide::scanner: Reading "C:\\Users\\pongo\\Documents\\Default Project\\public\\file.svg"
2026-08-31T07:16:28.137931Z  INFO tailwindcss_oxide::scanner: Reading "C:\\Users\\pongo\\Documents\\Default Project\\.opencode\\skills\\shrinkage\\rules\\rust.md"
2026-08-31T07:16:28.137942Z  INFO tailwindcss_oxide::scanner: Reading "C:\\Users\\pongo\\Documents\\Default Project\\supabase\\schema.sql"
2026-08-31T07:16:28.137945Z  INFO tailwindcss_oxide::scanner: Reading "C:\\Users\\pongo\\Documents\\Default Project\\.opencode\\skills\\test-master\\references\\test-reports.md"
2026-08-31T07:16:28.137969Z  INFO tailwindcss_oxide::scanner: Reading "C:\\Users\\pongo\\Documents\\Default Project\\.opencode\\skills\\salesforce-developer\\references\\deployment-devops.md"
2026-08-31T07:16:28.137976Z  INFO tailwindcss_oxide::scanner: Reading "C:\\Users\\pongo\\Documents\\Default Project\\.opencode\\skills\\rails-expert\\references\\active-record.md"
2026-08-31T07:16:28.137982Z  INFO tailwindcss_oxide::scanner: Reading "C:\\Users\\pongo\\Documents\\Default Project\\public\\globe.svg"
2026-08-31T07:16:28.137990Z  INFO tailwindcss_oxide::scanner: Reading "C:\\Users\\pongo\\Documents\\Default Project\\supabase\\seed.sql"
2026-08-31T07:16:28.137993Z  INFO tailwindcss_oxide::scanner: Reading "C:\\Users\\pongo\\Documents\\Default Project\\.opencode\\skills\\shrinkage\\rules\\twig.md"
2026-08-31T07:16:28.137998Z  INFO tailwindcss_oxide::scanner: Reading "C:\\Users\\pongo\\Documents\\Default Project\\.opencode\\skills\\php-pro\\SKILL.md"
2026-08-31T07:16:28.138000Z  INFO tailwindcss_oxide::scanner: Reading "C:\\Users\\pongo\\Documents\\Default Project\\.opencode\\skills\\shopify-expert\\SKILL.md"
2026-08-31T07:16:28.138024Z  INFO tailwindcss_oxide::scanner: Reading "C:\\Users\\pongo\\Documents\\Default Project\\public\\next.svg"
2026-08-31T07:16:28.138037Z  INFO tailwindcss_oxide::scanner: Reading "C:\\Users\\pongo\\Documents\\Default Project\\.opencode\\skills\\typescript-pro\\references\\patterns.md"
2026-08-31T07:16:28.138037Z  INFO tailwindcss_oxide::scanner: Reading "C:\\Users\\pongo\\Documents\\Default Project\\.opencode\\skills\\test-master\\references\\testing-anti-patterns.md"
2026-08-31T07:16:28.138051Z  INFO tailwindcss_oxide::scanner: Reading "C:\\Users\\pongo\\Documents\\Default Project\\.opencode\\skills\\shrinkage\\rules\\_template.md"
2026-08-31T07:16:28.138059Z  INFO tailwindcss_oxide::scanner: Reading "C:\\Users\\pongo\\Documents\\Default Project\\public\\vercel.svg"
2026-08-31T07:16:28.137905Z  INFO tailwindcss_oxide::scanner: Reading "C:\\Users\\pongo\\Documents\\Default Project\\CLAUDE.md"
2026-08-31T07:16:28.138079Z  INFO tailwindcss_oxide::scanner: Reading "C:\\Users\\pongo\\Documents\\Default Project\\.opencode\\skills\\rails-expert\\references\\api-development.md"
2026-08-31T07:16:28.137902Z  INFO tailwindcss_oxide::scanner: Reading "C:\\Users\\pongo\\Documents\\Default Project\\.opencode\\skills\\salesforce-developer\\references\\lightning-web-components.md"
2026-08-31T07:16:28.137833Z  INFO tailwindcss_oxide::scanner: Reading "C:\\Users\\pongo\\Documents\\Default Project\\.opencode\\skills\\shrinkage\\scripts\\parsers\\kotlin.py"
2026-08-31T07:16:28.137853Z  INFO tailwindcss_oxide::scanner: Reading "C:\\Users\\pongo\\Documents\\Default Project\\.opencode\\skills\\python-pro\\references\\async-patterns.md"
2026-08-31T07:16:28.138114Z  INFO tailwindcss_oxide::scanner: Reading "C:\\Users\\pongo\\Documents\\Default Project\\.opencode\\skills\\typescript-pro\\references\\type-guards.md"
2026-08-31T07:16:28.138119Z  INFO tailwindcss_oxide::scanner: Reading "C:\\Users\\pongo\\Documents\\Default Project\\.opencode\\skills\\python-pro\\references\\testing.md"
2026-08-31T07:16:28.138172Z  INFO tailwindcss_oxide::scanner: Reading "C:\\Users\\pongo\\Documents\\Default Project\\.opencode\\skills\\shrinkage\\scripts\\parsers\\php.py"
2026-08-31T07:16:28.138178Z  INFO tailwindcss_oxide::scanner: Reading "C:\\Users\\pongo\\Documents\\Default Project\\.opencode\\skills\\rails-expert\\references\\background-jobs.md"
2026-08-31T07:16:28.138194Z  INFO tailwindcss_oxide::scanner: Reading "C:\\Users\\pongo\\Documents\\Default Project\\.opencode\\skills\\python-pro\\references\\type-system.md"
2026-08-31T07:16:28.138201Z  INFO tailwindcss_oxide::scanner: Reading "C:\\Users\\pongo\\Documents\\Default Project\\barista-connect.architecture.json"
2026-08-31T07:16:28.138210Z  INFO tailwindcss_oxide::scanner: Reading "C:\\Users\\pongo\\Documents\\Default Project\\.opencode\\skills\\typescript-pro\\references\\utility-types.md"
2026-08-31T07:16:28.138219Z  INFO tailwindcss_oxide::scanner: Reading "C:\\Users\\pongo\\Documents\\Default Project\\.opencode\\skills\\playwright-expert\\references\\api-mocking.md"
2026-08-31T07:16:28.138227Z  INFO tailwindcss_oxide::scanner: Reading "C:\\Users\\pongo\\Documents\\Default Project\\.opencode\\skills\\shrinkage\\adapters\\copilot\\copilot-instructions.md"
2026-08-31T07:16:28.138242Z  INFO tailwindcss_oxide::scanner: Reading "C:\\Users\\pongo\\Documents\\Default Project\\archify-demo\\archify-demo.html"
2026-08-31T07:16:28.138246Z  INFO tailwindcss_oxide::scanner: Reading "C:\\Users\\pongo\\Documents\\Default Project\\.opencode\\skills\\python-pro\\SKILL.md"
2026-08-31T07:16:28.138254Z  INFO tailwindcss_oxide::scanner: Reading "C:\\Users\\pongo\\Documents\\Default Project\\.opencode\\skills\\shrinkage\\scripts\\parsers\\python_lang.py"
2026-08-31T07:16:28.138257Z  INFO tailwindcss_oxide::scanner: Reading "C:\\Users\\pongo\\Documents\\Default Project\\.opencode\\skills\\rails-expert\\references\\hotwire-turbo.md"
2026-08-31T07:16:28.137935Z  INFO tailwindcss_oxide::scanner: Reading "C:\\Users\\pongo\\Documents\\Default Project\\.opencode\\skills\\monitoring-expert\\references\\prometheus-metrics.md"
2026-08-31T07:16:28.137955Z  INFO tailwindcss_oxide::scanner: Reading "C:\\Users\\pongo\\Documents\\Default Project\\app\\dashboard\\influencer\\page.jsx"
2026-08-31T07:16:28.138288Z  INFO tailwindcss_oxide::scanner: Reading "C:\\Users\\pongo\\Documents\\Default Project\\.opencode\\skills\\typescript-pro\\SKILL.md"
2026-08-31T07:16:28.138301Z  INFO tailwindcss_oxide::scanner: Reading "C:\\Users\\pongo\\Documents\\Default Project\\components\\chat\\StartChatButton.jsx"
2026-08-31T07:16:28.138302Z  INFO tailwindcss_oxide::scanner: Reading "C:\\Users\\pongo\\Documents\\Default Project\\.opencode\\skills\\rag-architect\\references\\chunking-strategies.md"
2026-08-31T07:16:28.138306Z  INFO tailwindcss_oxide::scanner: Reading "C:\\Users\\pongo\\Documents\\Default Project\\.opencode\\skills\\shrinkage\\scripts\\parsers\\rust.py"
2026-08-31T07:16:28.138311Z  INFO tailwindcss_oxide::scanner: Reading "C:\\Users\\pongo\\Documents\\Default Project\\.opencode\\skills\\shrinkage\\rules\\csharp.md"
2026-08-31T07:16:28.138330Z  INFO tailwindcss_oxide::scanner: Reading "C:\\Users\\pongo\\Documents\\Default Project\\.opencode\\skills\\playwright-expert\\references\\configuration.md"
2026-08-31T07:16:28.138337Z  INFO tailwindcss_oxide::scanner: Reading "C:\\Users\\pongo\\Documents\\Default Project\\.opencode\\skills\\rails-expert\\references\\rspec-testing.md"
2026-08-31T07:16:28.138342Z  INFO tailwindcss_oxide::scanner: Reading "C:\\Users\\pongo\\Documents\\Default Project\\.opencode\\skills\\monitoring-expert\\references\\structured-logging.md"
2026-08-31T07:16:28.138348Z  INFO tailwindcss_oxide::scanner: Reading "C:\\Users\\pongo\\Documents\\Default Project\\app\\dashboard\\owner\\jobs\\new\\page.jsx"
2026-08-31T07:16:28.138354Z  INFO tailwindcss_oxide::scanner: Reading "C:\\Users\\pongo\\Documents\\Default Project\\components\\jobs\\ApplyButton.jsx"
2026-08-31T07:16:28.138367Z  INFO tailwindcss_oxide::scanner: Reading "C:\\Users\\pongo\\Documents\\Default Project\\.opencode\\skills\\vue-expert\\references\\build-tooling.md"
2026-08-31T07:16:28.138395Z  INFO tailwindcss_oxide::scanner: Reading "C:\\Users\\pongo\\Documents\\Default Project\\.opencode\\skills\\shrinkage\\scripts\\parsers\\ts_engine.py"
2026-08-31T07:16:28.138408Z  INFO tailwindcss_oxide::scanner: Reading "C:\\Users\\pongo\\Documents\\Default Project\\app\\dashboard\\owner\\jobs\\[id]\\applicants\\page.jsx"
2026-08-31T07:16:28.138365Z  INFO tailwindcss_oxide::scanner: Reading "C:\\Users\\pongo\\Documents\\Default Project\\.opencode\\skills\\shrinkage\\adapters\\copilot\\prompts\\srk-audit.prompt.md"
2026-08-31T07:16:28.138422Z  INFO tailwindcss_oxide::scanner: Reading "C:\\Users\\pongo\\Documents\\Default Project\\.opencode\\skills\\monitoring-expert\\SKILL.md"
2026-08-31T07:16:28.138365Z  INFO tailwindcss_oxide::scanner: Reading "C:\\Users\\pongo\\Documents\\Default Project\\.opencode\\skills\\shrinkage\\scripts\\badge.py"
2026-08-31T07:16:28.138254Z  INFO tailwindcss_oxide::scanner: Reading "C:\\Users\\pongo\\Documents\\Default Project\\.opencode\\skills\\salesforce-developer\\references\\soql-sosl.md"
2026-08-31T07:16:28.138459Z  INFO tailwindcss_oxide::scanner: Reading "C:\\Users\\pongo\\Documents\\Default Project\\.opencode\\skills\\shrinkage\\adapters\\copilot\\prompts\\srk-config.prompt.md"
2026-08-31T07:16:28.138461Z  INFO tailwindcss_oxide::scanner: Reading "C:\\Users\\pongo\\Documents\\Default Project\\app\\dashboard\\owner\\jobs\\[id]\\edit\\page.jsx"
2026-08-31T07:16:28.138179Z  INFO tailwindcss_oxide::scanner: Reading "C:\\Users\\pongo\\Documents\\Default Project\\components\\barista\\ApplicationsList.jsx"
2026-08-31T07:16:28.138376Z  INFO tailwindcss_oxide::scanner: Reading "C:\\Users\\pongo\\Documents\\Default Project\\.opencode\\skills\\shrinkage\\rules\\frameworks\\android.md"
2026-08-31T07:16:28.138498Z  INFO tailwindcss_oxide::scanner: Reading "C:\\Users\\pongo\\Documents\\Default Project\\.opencode\\skills\\shrinkage\\adapters\\copilot\\prompts\\srk-gate.prompt.md"
2026-08-31T07:16:28.137765Z  INFO tailwindcss_oxide::scanner: Reading "C:\\Users\\pongo\\Documents\\Default Project\\.opencode\\skills\\shrinkage\\references\\extend-vs-add.md"
2026-08-31T07:16:28.138382Z  INFO tailwindcss_oxide::scanner: Reading "C:\\Users\\pongo\\Documents\\Default Project\\.opencode\\skills\\rag-architect\\references\\embedding-models.md"
2026-08-31T07:16:28.138540Z  INFO tailwindcss_oxide::scanner: Reading "C:\\Users\\pongo\\Documents\\Default Project\\.opencode\\skills\\shrinkage\\scripts\\parsers\\twig.py"
2026-08-31T07:16:28.138541Z  INFO tailwindcss_oxide::scanner: Reading "C:\\Users\\pongo\\Documents\\Default Project\\.opencode\\skills\\shrinkage\\adapters\\copilot\\prompts\\srk-map.prompt.md"
2026-08-31T07:16:28.138555Z  INFO tailwindcss_oxide::scanner: Reading "C:\\Users\\pongo\\Documents\\Default Project\\.opencode\\skills\\shrinkage\\scripts\\codemap.py"
2026-08-31T07:16:28.138557Z  INFO tailwindcss_oxide::scanner: Reading "C:\\Users\\pongo\\Documents\\Default Project\\.opencode\\skills\\salesforce-developer\\SKILL.md"
2026-08-31T07:16:28.138260Z  INFO tailwindcss_oxide::scanner: Reading "C:\\Users\\pongo\\Documents\\Default Project\\.opencode\\skills\\test-master\\references\\unit-testing.md"
2026-08-31T07:16:28.138405Z  INFO tailwindcss_oxide::scanner: Reading "C:\\Users\\pongo\\Documents\\Default Project\\.opencode\\skills\\rails-expert\\SKILL.md"
2026-08-31T07:16:28.138592Z  INFO tailwindcss_oxide::scanner: Reading "C:\\Users\\pongo\\Documents\\Default Project\\.opencode\\skills\\shrinkage\\scripts\\parsers\\__init__.py"
2026-08-31T07:16:28.138408Z  INFO tailwindcss_oxide::scanner: Reading "C:\\Users\\pongo\\Documents\\Default Project\\components\\jobs\\JobFeed.jsx"
2026-08-31T07:16:28.138606Z  INFO tailwindcss_oxide::scanner: Reading "C:\\Users\\pongo\\Documents\\Default Project\\.opencode\\skills\\shrinkage\\scripts\\coverage_check.py"
2026-08-31T07:16:28.138493Z  INFO tailwindcss_oxide::scanner: Reading "C:\\Users\\pongo\\Documents\\Default Project\\.opencode\\skills\\nestjs-expert\\references\\authentication.md"
2026-08-31T07:16:28.138630Z  INFO tailwindcss_oxide::scanner: Reading "C:\\Users\\pongo\\Documents\\Default Project\\.opencode\\skills\\shrinkage\\references\\ledger.md"
2026-08-31T07:16:28.138494Z  INFO tailwindcss_oxide::scanner: Reading "C:\\Users\\pongo\\Documents\\Default Project\\.opencode\\skills\\vue-expert\\references\\components.md"
2026-08-31T07:16:28.138514Z  INFO tailwindcss_oxide::scanner: Reading "C:\\Users\\pongo\\Documents\\Default Project\\app\\dashboard\\owner\\layout.jsx"
2026-08-31T07:16:28.138664Z  INFO tailwindcss_oxide::scanner: Reading "C:\\Users\\pongo\\Documents\\Default Project\\.opencode\\skills\\shrinkage\\scripts\\diffstat.py"
2026-08-31T07:16:28.138677Z  INFO tailwindcss_oxide::scanner: Reading "C:\\Users\\pongo\\Documents\\Default Project\\.opencode\\skills\\nestjs-expert\\references\\migration-from-express.md"
2026-08-31T07:16:28.138557Z  INFO tailwindcss_oxide::scanner: Reading "C:\\Users\\pongo\\Documents\\Default Project\\.opencode\\skills\\shrinkage\\rules\\frameworks\\drupal.md"
2026-08-31T07:16:28.138586Z  INFO tailwindcss_oxide::scanner: Reading "C:\\Users\\pongo\\Documents\\Default Project\\.opencode\\skills\\shrinkage\\adapters\\copilot\\prompts\\srk-query.prompt.md"
2026-08-31T07:16:28.138702Z  INFO tailwindcss_oxide::scanner: Reading "C:\\Users\\pongo\\Documents\\Default Project\\app\\dashboard\\owner\\page.jsx"
2026-08-31T07:16:28.138704Z  INFO tailwindcss_oxide::scanner: Reading "C:\\Users\\pongo\\Documents\\Default Project\\.opencode\\skills\\shrinkage\\scripts\\dirty_apply.py"
2026-08-31T07:16:28.138184Z  INFO tailwindcss_oxide::scanner: Reading "C:\\Users\\pongo\\Documents\\Default Project\\.opencode\\skills\\python-pro\\references\\packaging.md"
2026-08-31T07:16:28.138728Z  INFO tailwindcss_oxide::scanner: Reading "C:\\Users\\pongo\\Documents\\Default Project\\.opencode\\skills\\vue-expert\\references\\composition-api.md"
2026-08-31T07:16:28.138735Z  INFO tailwindcss_oxide::scanner: Reading "C:\\Users\\pongo\\Documents\\Default Project\\.opencode\\skills\\nestjs-expert\\references\\controllers-routing.md"
2026-08-31T07:16:28.138740Z  INFO tailwindcss_oxide::scanner: Reading "C:\\Users\\pongo\\Documents\\Default Project\\app\\dashboard\\owner\\profile\\page.jsx"
2026-08-31T07:16:28.138590Z  INFO tailwindcss_oxide::scanner: Reading "C:\\Users\\pongo\\Documents\\Default Project\\components\\barista\\ProfileEditor.jsx"
2026-08-31T07:16:28.138754Z  INFO tailwindcss_oxide::scanner: Reading "C:\\Users\\pongo\\Documents\\Default Project\\.opencode\\skills\\shrinkage\\adapters\\copilot\\prompts\\srk-score.prompt.md"
2026-08-31T07:16:28.138763Z  INFO tailwindcss_oxide::scanner: Reading "C:\\Users\\pongo\\Documents\\Default Project\\.opencode\\skills\\shrinkage\\scripts\\extract_method.py"
2026-08-31T07:16:28.138766Z  INFO tailwindcss_oxide::scanner: Reading "C:\\Users\\pongo\\Documents\\Default Project\\.opencode\\skills\\shrinkage\\references\\map-format.md"
2026-08-31T07:16:28.138790Z  INFO tailwindcss_oxide::scanner: Reading "C:\\Users\\pongo\\Documents\\Default Project\\.opencode\\skills\\vue-expert\\references\\mobile-hybrid.md"
2026-08-31T07:16:28.138611Z  INFO tailwindcss_oxide::scanner: Reading "C:\\Users\\pongo\\Documents\\Default Project\\.opencode\\skills\\rag-architect\\references\\rag-evaluation.md"
2026-08-31T07:16:28.138801Z  INFO tailwindcss_oxide::scanner: Reading "C:\\Users\\pongo\\Documents\\Default Project\\.opencode\\skills\\shrinkage\\rules\\frameworks\\laravel.md"
2026-08-31T07:16:28.138804Z  INFO tailwindcss_oxide::scanner: Reading "C:\\Users\\pongo\\Documents\\Default Project\\components\\cards\\JobCard.jsx"
2026-08-31T07:16:28.138431Z  INFO tailwindcss_oxide::scanner: Reading "C:\\Users\\pongo\\Documents\\Default Project\\.opencode\\skills\\playwright-expert\\references\\debugging-flaky.md"
2026-08-31T07:16:28.138813Z  INFO tailwindcss_oxide::scanner: Reading "C:\\Users\\pongo\\Documents\\Default Project\\.opencode\\skills\\shrinkage\\adapters\\copilot\\prompts\\srk-shave.prompt.md"
2026-08-31T07:16:28.138649Z  INFO tailwindcss_oxide::scanner: Reading "C:\\Users\\pongo\\Documents\\Default Project\\components\\jobs\\JobManageCard.jsx"
2026-08-31T07:16:28.138649Z  INFO tailwindcss_oxide::scanner: Reading "C:\\Users\\pongo\\Documents\\Default Project\\.opencode\\skills\\razor\\unused\\SKILL.md"
2026-08-31T07:16:28.138686Z  INFO tailwindcss_oxide::scanner: Reading "C:\\Users\\pongo\\Documents\\Default Project\\.opencode\\skills\\test-master\\SKILL.md"
2026-08-31T07:16:28.138909Z  INFO tailwindcss_oxide::scanner: Reading "C:\\Users\\pongo\\Documents\\Default Project\\.opencode\\skills\\shrinkage\\references\\safety-model.md"
2026-08-31T07:16:28.138920Z  INFO tailwindcss_oxide::scanner: Reading "C:\\Users\\pongo\\Documents\\Default Project\\.opencode\\skills\\rag-architect\\references\\retrieval-optimization.md"
2026-08-31T07:16:28.138928Z  INFO tailwindcss_oxide::scanner: Reading "C:\\Users\\pongo\\Documents\\Default Project\\components\\jobs\\JobPostForm.jsx"
2026-08-31T07:16:28.138940Z  INFO tailwindcss_oxide::scanner: Reading "C:\\Users\\pongo\\Documents\\Default Project\\.opencode\\skills\\shrinkage\\adapters\\copilot\\prompts\\srk-trend.prompt.md"
2026-08-31T07:16:28.138953Z  INFO tailwindcss_oxide::scanner: Reading "C:\\Users\\pongo\\Documents\\Default Project\\.opencode\\skills\\react-expert\\references\\hooks-patterns.md"
2026-08-31T07:16:28.138959Z  INFO tailwindcss_oxide::scanner: Reading "C:\\Users\\pongo\\Documents\\Default Project\\.opencode\\skills\\the-fool\\references\\dialectic-synthesis.md"
2026-08-31T07:16:28.138796Z  INFO tailwindcss_oxide::scanner: Reading "C:\\Users\\pongo\\Documents\\Default Project\\app\\find-baristas\\page.jsx"
2026-08-31T07:16:28.138796Z  INFO tailwindcss_oxide::scanner: Reading "C:\\Users\\pongo\\Documents\\Default Project\\.opencode\\skills\\nestjs-expert\\references\\dtos-validation.md"
2026-08-31T07:16:28.139008Z  INFO tailwindcss_oxide::scanner: Reading "C:\\Users\\pongo\\Documents\\Default Project\\.opencode\\skills\\nextjs-developer\\references\\deployment.md"
2026-08-31T07:16:28.139010Z  INFO tailwindcss_oxide::scanner: Reading "C:\\Users\\pongo\\Documents\\Default Project\\.opencode\\skills\\the-fool\\references\\evidence-audit.md"
2026-08-31T07:16:28.139026Z  INFO tailwindcss_oxide::scanner: Reading "C:\\Users\\pongo\\Documents\\Default Project\\.opencode\\skills\\react-expert\\references\\migration-class-to-modern.md"
2026-08-31T07:16:28.139043Z  INFO tailwindcss_oxide::scanner: Reading "C:\\Users\\pongo\\Documents\\Default Project\\.opencode\\skills\\react-expert\\references\\performance.md"
2026-08-31T07:16:28.139055Z  INFO tailwindcss_oxide::scanner: Reading "C:\\Users\\pongo\\Documents\\Default Project\\.opencode\\skills\\secure-code-guardian\\references\\input-validation.md"
2026-08-31T07:16:28.139057Z  INFO tailwindcss_oxide::scanner: Reading "C:\\Users\\pongo\\Documents\\Default Project\\.opencode\\skills\\the-fool\\references\\mode-selection-guide.md"
2026-08-31T07:16:28.138641Z  INFO tailwindcss_oxide::scanner: Reading "C:\\Users\\pongo\\Documents\\Default Project\\.opencode\\skills\\secure-code-guardian\\references\\authentication.md"
2026-08-31T07:16:28.138838Z  INFO tailwindcss_oxide::scanner: Reading "C:\\Users\\pongo\\Documents\\Default Project\\.opencode\\skills\\nestjs-expert\\references\\services-di.md"
2026-08-31T07:16:28.139100Z  INFO tailwindcss_oxide::scanner: Reading "C:\\Users\\pongo\\Documents\\Default Project\\.opencode\\skills\\the-fool\\references\\pre-mortem-analysis.md"
2026-08-31T07:16:28.139102Z  INFO tailwindcss_oxide::scanner: Reading "C:\\Users\\pongo\\Documents\\Default Project\\.opencode\\skills\\secure-code-guardian\\references\\owasp-prevention.md"
2026-08-31T07:16:28.139141Z  INFO tailwindcss_oxide::scanner: Reading "C:\\Users\\pongo\\Documents\\Default Project\\.opencode\\skills\\shrinkage\\rules\\go.md"
2026-08-31T07:16:28.139144Z  INFO tailwindcss_oxide::scanner: Reading "C:\\Users\\pongo\\Documents\\Default Project\\.opencode\\skills\\the-fool\\references\\red-team-adversarial.md"
2026-08-31T07:16:28.139186Z  INFO tailwindcss_oxide::scanner: Reading "C:\\Users\\pongo\\Documents\\Default Project\\.opencode\\skills\\nextjs-developer\\SKILL.md"
2026-08-31T07:16:28.138854Z  INFO tailwindcss_oxide::scanner: Reading "C:\\Users\\pongo\\Documents\\Default Project\\components\\cards\\BaristaCard.jsx"
2026-08-31T07:16:28.139188Z  INFO tailwindcss_oxide::scanner: Reading "C:\\Users\\pongo\\Documents\\Default Project\\.opencode\\skills\\vue-expert-js\\references\\composables-patterns.md"
2026-08-31T07:16:28.139197Z  INFO tailwindcss_oxide::scanner: Reading "C:\\Users\\pongo\\Documents\\Default Project\\.opencode\\skills\\react-expert\\references\\react-19-features.md"
2026-08-31T07:16:28.139228Z  INFO tailwindcss_oxide::scanner: Reading "C:\\Users\\pongo\\Documents\\Default Project\\.opencode\\skills\\the-fool\\references\\socratic-questioning.md"
2026-08-31T07:16:28.139246Z  INFO tailwindcss_oxide::scanner: Reading "C:\\Users\\pongo\\Documents\\Default Project\\.opencode\\skills\\pandas-pro\\references\\aggregation-groupby.md"
2026-08-31T07:16:28.139251Z  INFO tailwindcss_oxide::scanner: Reading "C:\\Users\\pongo\\Documents\\Default Project\\.opencode\\skills\\vue-expert\\references\\state-management.md"
2026-08-31T07:16:28.139260Z  INFO tailwindcss_oxide::scanner: Reading "C:\\Users\\pongo\\Documents\\Default Project\\.opencode\\skills\\vue-expert-js\\references\\jsdoc-typing.md"
2026-08-31T07:16:28.138877Z  INFO tailwindcss_oxide::scanner: Reading "C:\\Users\\pongo\\Documents\\Default Project\\.opencode\\skills\\shrinkage\\rules\\frameworks\\magento2.md"
2026-08-31T07:16:28.139296Z  INFO tailwindcss_oxide::scanner: Reading "C:\\Users\\pongo\\Documents\\Default Project\\.opencode\\skills\\nestjs-expert\\SKILL.md"
2026-08-31T07:16:28.139312Z  INFO tailwindcss_oxide::scanner: Reading "C:\\Users\\pongo\\Documents\\Default Project\\.opencode\\skills\\pandas-pro\\references\\data-cleaning.md"
2026-08-31T07:16:28.139328Z  INFO tailwindcss_oxide::scanner: Reading "C:\\Users\\pongo\\Documents\\Default Project\\.opencode\\skills\\vue-expert\\references\\typescript.md"
2026-08-31T07:16:28.138885Z  INFO tailwindcss_oxide::scanner: Reading "C:\\Users\\pongo\\Documents\\Default Project\\.opencode\\skills\\vue-expert\\references\\nuxt.md"
2026-08-31T07:16:28.138893Z  INFO tailwindcss_oxide::scanner: Reading "C:\\Users\\pongo\\Documents\\Default Project\\.opencode\\skills\\python-pro\\references\\standard-library.md"
2026-08-31T07:16:28.139374Z  INFO tailwindcss_oxide::scanner: Reading "C:\\Users\\pongo\\Documents\\Default Project\\.opencode\\skills\\vue-expert-js\\references\\state-management.md"
2026-08-31T07:16:28.138968Z  INFO tailwindcss_oxide::scanner: Reading "C:\\Users\\pongo\\Documents\\Default Project\\components\\layout\\BottomNav.jsx"
2026-08-31T07:16:28.138978Z  INFO tailwindcss_oxide::scanner: Reading "C:\\Users\\pongo\\Documents\\Default Project\\.opencode\\skills\\shrinkage\\adapters\\copilot\\README.md"
2026-08-31T07:16:28.139073Z  INFO tailwindcss_oxide::scanner: Reading "C:\\Users\\pongo\\Documents\\Default Project\\.opencode\\skills\\nextjs-developer\\references\\server-actions.md"
2026-08-31T07:16:28.139427Z  INFO tailwindcss_oxide::scanner: Reading "C:\\Users\\pongo\\Documents\\Default Project\\components\\layout\\Footer.jsx"
2026-08-31T07:16:28.139072Z  INFO tailwindcss_oxide::scanner: Reading "C:\\Users\\pongo\\Documents\\Default Project\\app\\forgot-password\\page.jsx"
2026-08-31T07:16:28.139147Z  INFO tailwindcss_oxide::scanner: Reading "C:\\Users\\pongo\\Documents\\Default Project\\.opencode\\skills\\nestjs-expert\\references\\testing-patterns.md"
2026-08-31T07:16:28.139454Z  INFO tailwindcss_oxide::scanner: Reading "C:\\Users\\pongo\\Documents\\Default Project\\.opencode\\skills\\vue-expert\\SKILL.md"
2026-08-31T07:16:28.139461Z  INFO tailwindcss_oxide::scanner: Reading "C:\\Users\\pongo\\Documents\\Default Project\\.opencode\\skills\\vue-expert-js\\references\\testing-patterns.md"
2026-08-31T07:16:28.139461Z  INFO tailwindcss_oxide::scanner: Reading "C:\\Users\\pongo\\Documents\\Default Project\\.opencode\\skills\\nextjs-developer\\references\\server-components.md"
2026-08-31T07:16:28.138847Z  INFO tailwindcss_oxide::scanner: Reading "C:\\Users\\pongo\\Documents\\Default Project\\components\\chat\\ChatWindow.jsx"
2026-08-31T07:16:28.139530Z  INFO tailwindcss_oxide::scanner: Reading "C:\\Users\\pongo\\Documents\\Default Project\\.opencode\\skills\\playwright-expert\\SKILL.md"
2026-08-31T07:16:28.139365Z  INFO tailwindcss_oxide::scanner: Reading "C:\\Users\\pongo\\Documents\\Default Project\\.opencode\\skills\\the-fool\\SKILL.md"
2026-08-31T07:16:28.139558Z  INFO tailwindcss_oxide::scanner: Reading "C:\\Users\\pongo\\Documents\\Default Project\\.opencode\\skills\\typescript-pro\\references\\advanced-types.md"
2026-08-31T07:16:28.139404Z  INFO tailwindcss_oxide::scanner: Reading "C:\\Users\\pongo\\Documents\\Default Project\\.opencode\\skills\\nextjs-developer\\references\\app-router.md"
2026-08-31T07:16:28.139583Z  INFO tailwindcss_oxide::scanner: Reading "C:\\Users\\pongo\\Documents\\Default Project\\.opencode\\skills\\websocket-engineer\\references\\patterns.md"
2026-08-31T07:16:28.139611Z  INFO tailwindcss_oxide::scanner: Reading "C:\\Users\\pongo\\Documents\\Default Project\\.opencode\\skills\\websocket-engineer\\references\\security.md"
2026-08-31T07:16:28.139409Z  INFO tailwindcss_oxide::scanner: Reading "C:\\Users\\pongo\\Documents\\Default Project\\.opencode\\skills\\pandas-pro\\references\\dataframe-operations.md"
2026-08-31T07:16:28.139410Z  INFO tailwindcss_oxide::scanner: Reading "C:\\Users\\pongo\\Documents\\Default Project\\.opencode\\skills\\nextjs-developer\\references\\data-fetching.md"
2026-08-31T07:16:28.139655Z  INFO tailwindcss_oxide::scanner: Reading "C:\\Users\\pongo\\Documents\\Default Project\\.opencode\\skills\\wordpress-pro\\references\\gutenberg-blocks.md"
2026-08-31T07:16:28.139149Z  INFO tailwindcss_oxide::scanner: Reading "C:\\Users\\pongo\\Documents\\Default Project\\.opencode\\skills\\shrinkage\\rules\\java.md"
2026-08-31T07:16:28.139703Z  INFO tailwindcss_oxide::scanner: Reading "C:\\Users\\pongo\\Documents\\Default Project\\.opencode\\skills\\websocket-engineer\\SKILL.md"
2026-08-31T07:16:28.139483Z  INFO tailwindcss_oxide::scanner: Reading "C:\\Users\\pongo\\Documents\\Default Project\\app\\jobs\\page.jsx"
2026-08-31T07:16:28.139739Z  INFO tailwindcss_oxide::scanner: Reading "C:\\Users\\pongo\\Documents\\Default Project\\.opencode\\skills\\websocket-engineer\\references\\scaling.md"
2026-08-31T07:16:28.139750Z  INFO tailwindcss_oxide::scanner: Reading "C:\\Users\\pongo\\Documents\\Default Project\\.opencode\\skills\\websocket-engineer\\references\\alternatives.md"
2026-08-31T07:16:28.139758Z  INFO tailwindcss_oxide::scanner: Reading "C:\\Users\\pongo\\Documents\\Default Project\\.opencode\\skills\\wordpress-pro\\references\\hooks-filters.md"
2026-08-31T07:16:28.139492Z  INFO tailwindcss_oxide::scanner: Reading "C:\\Users\\pongo\\Documents\\Default Project\\.opencode\\skills\\postgres-pro\\references\\performance.md"
2026-08-31T07:16:28.139508Z  INFO tailwindcss_oxide::scanner: Reading "C:\\Users\\pongo\\Documents\\Default Project\\.opencode\\skills\\postgres-pro\\references\\extensions.md"
2026-08-31T07:16:28.139809Z  INFO tailwindcss_oxide::scanner: Reading "C:\\Users\\pongo\\Documents\\Default Project\\.opencode\\skills\\prompt-engineer\\references\\prompt-patterns.md"
2026-08-31T07:16:28.139828Z  INFO tailwindcss_oxide::scanner: Reading "C:\\Users\\pongo\\Documents\\Default Project\\.opencode\\skills\\postgres-pro\\SKILL.md"
2026-08-31T07:16:28.139518Z  INFO tailwindcss_oxide::scanner: Reading "C:\\Users\\pongo\\Documents\\Default Project\\.opencode\\skills\\vue-expert-js\\references\\component-architecture.md"
2026-08-31T07:16:28.139844Z  INFO tailwindcss_oxide::scanner: Reading "C:\\Users\\pongo\\Documents\\Default Project\\.opencode\\skills\\postgres-pro\\references\\replication.md"
2026-08-31T07:16:28.139534Z  INFO tailwindcss_oxide::scanner: Reading "C:\\Users\\pongo\\Documents\\Default Project\\.opencode\\skills\\vue-expert-js\\SKILL.md"
2026-08-31T07:16:28.139859Z  INFO tailwindcss_oxide::scanner: Reading "C:\\Users\\pongo\\Documents\\Default Project\\.opencode\\skills\\prompt-engineer\\references\\evaluation-frameworks.md"
2026-08-31T07:16:28.139535Z  INFO tailwindcss_oxide::scanner: Reading "C:\\Users\\pongo\\Documents\\Default Project\\.opencode\\skills\\playwright-expert\\references\\selectors-locators.md"
2026-08-31T07:16:28.139563Z  INFO tailwindcss_oxide::scanner: Reading "C:\\Users\\pongo\\Documents\\Default Project\\.opencode\\skills\\postgres-pro\\references\\jsonb.md"
2026-08-31T07:16:28.139627Z  INFO tailwindcss_oxide::scanner: Reading "C:\\Users\\pongo\\Documents\\Default Project\\.opencode\\skills\\typescript-pro\\references\\configuration.md"
2026-08-31T07:16:28.139631Z  INFO tailwindcss_oxide::scanner: Reading "C:\\Users\\pongo\\Documents\\Default Project\\.opencode\\skills\\postgres-pro\\references\\maintenance.md"
2026-08-31T07:16:28.139655Z  INFO tailwindcss_oxide::scanner: Reading "C:\\Users\\pongo\\Documents\\Default Project\\.opencode\\skills\\websocket-engineer\\references\\protocol.md"
2026-08-31T07:16:28.139767Z  INFO tailwindcss_oxide::scanner: Reading "C:\\Users\\pongo\\Documents\\Default Project\\.opencode\\skills\\prompt-engineer\\references\\context-management.md"
2026-08-31T07:16:28.139776Z  INFO tailwindcss_oxide::scanner: Reading "C:\\Users\\pongo\\Documents\\Default Project\\.opencode\\skills\\prompt-engineer\\references\\prompt-optimization.md"
2026-08-31T07:16:28.138865Z  INFO tailwindcss_oxide::scanner: Reading "C:\\Users\\pongo\\Documents\\Default Project\\.opencode\\skills\\playwright-expert\\references\\page-object-model.md"
2026-08-31T07:16:28.140311Z  INFO discover_sources: tailwindcss_oxide::scanner: exit
2026-08-31T07:16:28.140323Z  INFO extract_candidates: tailwindcss_oxide::scanner: enter
2026-08-31T07:16:28.140327Z  INFO extract_candidates:parse_all_blobs: tailwindcss_oxide::scanner: enter
2026-08-31T07:16:28.140337Z  INFO extract_candidates:parse_all_blobs:extract: tailwindcss_oxide::scanner: enter
2026-08-31T07:16:28.184585Z  INFO extract_candidates:parse_all_blobs:extract: tailwindcss_oxide::scanner: exit
2026-08-31T07:16:28.186726Z  INFO extract_candidates:parse_all_blobs: tailwindcss_oxide::scanner: exit
2026-08-31T07:16:28.186760Z  INFO extract_candidates:read_all_files: tailwindcss_oxide::scanner: enter
2026-08-31T07:16:28.186765Z  INFO extract_candidates:read_all_files: tailwindcss_oxide::scanner: Reading 1 file(s)
2026-08-31T07:16:28.186908Z  INFO extract_candidates:read_all_files: tailwindcss_oxide::scanner: Reading "C:\\Users\\pongo\\Documents\\Default Project\\app\\globals.css"
2026-08-31T07:16:28.186920Z  INFO extract_candidates:read_all_files: tailwindcss_oxide::scanner: exit
2026-08-31T07:16:28.186925Z  INFO extract_candidates:extract_css_variables: tailwindcss_oxide::scanner: enter
2026-08-31T07:16:28.186934Z  INFO extract_candidates:extract_css_variables:extract: tailwindcss_oxide::scanner: enter
2026-08-31T07:16:28.187089Z  INFO extract_candidates:extract_css_variables:extract: tailwindcss_oxide::scanner: exit
2026-08-31T07:16:28.187131Z  INFO extract_candidates:extract_css_variables: tailwindcss_oxide::scanner: exit
2026-08-31T07:16:28.192347Z  INFO extract_candidates: tailwindcss_oxide::scanner: exit
2026-08-31T07:16:28.203900Z  INFO get_files: tailwindcss_oxide::scanner: enter
2026-08-31T07:16:28.203929Z  INFO get_files:discover_sources: tailwindcss_oxide::scanner: enter
2026-08-31T07:16:28.203934Z  INFO get_files:discover_sources: tailwindcss_oxide::scanner: exit
2026-08-31T07:16:28.204360Z  INFO get_files: tailwindcss_oxide::scanner: exit
2026-08-31T07:16:28.207291Z  INFO get_globs: tailwindcss_oxide::scanner: enter
2026-08-31T07:16:28.207312Z  INFO get_globs:discover_sources: tailwindcss_oxide::scanner: enter
2026-08-31T07:16:28.207316Z  INFO get_globs:discover_sources: tailwindcss_oxide::scanner: exit
2026-08-31T07:16:28.248448Z  INFO get_globs: tailwindcss_oxide::scanner: exit
